StudentID,CompleteDevMath_11Term1,CompleteDevEnglish_11Term1,Major1_11Term1,Major2_11Term1,Complete1_11Term1,Complete2_11Term1,CompleteCIP1_11Term1,CompleteCIP2_11Term1,TransferIntent_11Term1,DegreeTypeSought_11Term1,TermGPA_11Term1,CumGPA_11Term1
285848,-2,-2,51.3899,-1,0,0,-2,-2,-1,6,3.25,3.25
302176,-2,-2,51.3801,-1,0,0,-2,-2,-1,6,3,3
301803,-2,-2,51.3899,-1,0,0,-2,-2,-1,6,3.91,3.91
302756,-2,-2,45.0601,-1,0,0,-2,-2,-1,6,3.78,3.78
300304,0,-2,9.0101,-1,0,0,-2,-2,-1,6,1.57,1.57
301067,-2,-2,23.0101,13.1001,0,0,-2,-2,-1,6,4,4
297371,-2,1,0,-1,0,0,-2,-2,-1,6,3.86,3.86
273211,-2,-2,45.0601,-1,0,0,-2,-2,-1,6,3.7,3.7
302772,-2,-2,51,-1,0,0,-2,-2,-1,6,1.06,1.06
280023,-2,-2,45.1101,-1,0,0,-2,-2,-1,6,2.1,2.1
300412,0,-2,0,-1,0,0,-2,-2,-1,6,2.56,2.56
299369,0,1,0,-1,0,0,-2,-2,-1,6,3.01,3.01
303260,-2,-2,13.1001,-1,0,0,-2,-2,-1,6,0,0
299997,0,1,52.0201,-1,0,0,-2,-2,-1,6,2.97,2.97
300569,-2,-2,51.3899,-1,0,0,-2,-2,-1,6,3.51,3.51
299363,-2,-2,23.0101,-1,0,0,-2,-2,-1,6,2.98,2.98
300635,-2,-2,51.3899,-1,0,0,-2,-2,-1,6,3.43,3.43
299788,0,1,52.0301,-1,0,0,-2,-2,-1,6,2.19,2.19
302134,0,1,0,-1,0,0,-2,-2,-1,6,3.23,3.23
301723,-2,-2,52.0201,-1,0,0,-2,-2,-1,6,3.2,3.2
283028,-2,-2,11.0101,-1,0,0,-2,-2,-1,6,2.65,2.65
294970,-2,-2,0,-1,0,0,-2,-2,-1,6,3.15,3.15
301192,-2,-2,52.0201,-1,0,0,-2,-2,-1,6,3.65,3.65
303346,-2,-2,0,-1,0,0,-2,-2,-1,6,2.34,2.34
305186,-2,-2,51.3801,-1,0,0,-2,-2,-1,6,3.7,3.7
304587,-2,-2,51.3801,-1,0,0,-2,-2,-1,6,3.15,3.15
305182,-2,-2,0,-1,0,0,-2,-2,-1,6,3.53,3.53
305459,-1,-1,0,-1,0,0,-2,-2,-1,6,1.65,1.65
303053,-2,-2,42.0101,-1,0,0,-2,-2,-1,6,3,3
302328,-2,-2,13.1202,-1,0,0,-2,-2,-1,6,3.46,3.46
301676,0,0,9.0101,-1,0,0,-2,-2,-1,6,0.54,0.54
300895,1,1,51.0999,-1,0,0,-2,-2,-1,6,3.4,3.4
297560,-2,-2,52.0801,-1,0,0,-2,-2,-1,6,3.35,3.35
299456,0,1,52.0301,-1,0,0,-2,-2,-1,6,2.38,2.38
303183,-2,0,52.1401,-1,0,0,-2,-2,-1,6,3.14,3.14
298767,0,1,43.0199,-1,0,0,-2,-2,-1,6,0,0
297755,-2,1,0,-1,0,0,-2,-2,-1,6,1.95,1.95
297083,0,1,50.0701,-1,0,0,-2,-2,-1,6,3.48,3.48
303435,-2,-2,13.1209,-1,0,0,-2,-2,-1,6,3.17,3.17
305281,-2,-2,0,-1,0,0,-2,-2,-1,6,3.7,3.7
299668,-2,-2,51,-1,0,0,-2,-2,-1,6,2.46,2.46
301313,-2,-2,52.0201,-1,0,0,-2,-2,-1,6,3.26,3.26
303775,-2,-2,50.0701,13.1209,0,0,-2,-2,-1,6,3.85,3.85
300221,-2,1,40.0801,-1,0,0,-2,-2,-1,6,2.89,2.89
304227,-2,-2,45.1101,-1,0,0,-2,-2,-1,6,2.27,2.27
301813,-2,-2,51.3899,-1,0,0,-2,-2,-1,6,3.46,3.46
301624,-2,-2,45.1101,-1,0,0,-2,-2,-1,6,3.75,3.75
299713,-2,-2,52.1401,-1,0,0,-2,-2,-1,6,3.76,3.76
293485,-2,-2,26.0101,-1,0,0,-2,-2,-1,6,4,4
298859,1,1,23.0101,-1,0,0,-2,-2,-1,6,2.16,2.16
299006,0,1,9.0101,-1,0,0,-2,-2,-1,6,2.56,2.56
301422,0,1,43.0399,-1,0,0,-2,-2,-1,6,0,0
300292,-2,1,42.0101,-1,0,0,-2,-2,-1,6,0.3,0.3
299959,0,1,42.0101,-1,0,0,-2,-2,-1,6,3.53,3.53
300608,-2,1,54.0101,-1,0,0,-2,-2,-1,6,0,0
304552,-2,-2,26.0101,-1,0,0,-2,-2,-1,6,3.33,3.33
300586,-2,-2,51.3899,-1,0,0,-2,-2,-1,6,3.79,3.79
303907,-2,-2,23.0101,-1,0,0,-2,-2,-1,6,2.67,2.67
299408,-2,1,13.1209,-1,0,0,-2,-2,-1,6,3.65,3.65
268673,-2,-2,9.0101,-1,0,0,-2,-2,-1,6,3.4,3.4
301562,0,1,9.0101,-1,0,0,-2,-2,-1,6,3.61,3.61
277866,-1,-1,0,-1,0,0,-2,-2,-1,6,3.5,3.5
303428,-2,-2,52.0301,-1,0,0,-2,-2,-1,6,3.4,3.4
304525,-2,-2,51.3801,-1,0,0,-2,-2,-1,6,3.75,3.75
302917,0,0,26.0101,-1,0,0,-2,-2,-1,6,1.5,1.5
304854,-1,-1,45.0601,-1,0,0,-2,-2,-1,6,2.56,2.56
303599,-2,-2,52.0201,-1,0,0,-2,-2,-1,6,3.46,3.46
264697,-2,-2,43.0199,-1,0,0,-2,-2,-1,6,3.2,3.2
303565,-2,-2,51.3899,-1,0,0,-2,-2,-1,6,3.19,3.19
304246,-2,-2,51.3801,-1,0,0,-2,-2,-1,6,3.2,3.2
304279,-2,-2,52.0801,-1,0,0,-2,-2,-1,6,3.67,3.67
303589,-2,-2,51.3801,-1,0,0,-2,-2,-1,6,3.25,3.25
299396,0,1,43.0199,-1,0,0,-2,-2,-1,6,2.73,2.73
299020,1,0,43.0399,-1,0,0,-2,-2,-1,6,2.5,2.5
301684,0,0,0,-1,0,0,-2,-2,-1,6,2.33,2.33
293205,-2,-2,43.0399,-1,0,0,-2,-2,-1,6,4,4
303305,-2,-2,43.0199,-1,0,0,-2,-2,-1,6,3.9,3.9
268879,-2,-2,26.0101,-1,0,0,-2,-2,-1,6,3.96,3.96
298895,-2,1,52.0301,-1,0,0,-2,-2,-1,6,3.56,3.56
299243,1,1,0,-1,0,0,-2,-2,-1,6,3.25,3.25
301078,-2,-2,51.3899,-1,0,0,-2,-2,-1,6,4,4
301377,-2,-2,51.3899,-1,0,0,-2,-2,-1,6,3.74,3.74
300367,-2,-2,51.3899,-1,0,0,-2,-2,-1,6,3.94,3.94
301653,-2,-2,0,-1,0,0,-2,-2,-1,6,2.62,2.62
299272,0,0,0,-1,0,0,-2,-2,-1,6,3.1,3.1
297218,-2,1,0,-1,0,0,-2,-2,-1,6,3.78,3.78
299086,0,1,52.0301,-1,0,0,-2,-2,-1,6,3.04,3.04
299972,0,1,26.0101,-1,0,0,-2,-2,-1,6,1.22,1.22
303358,-2,-2,52.0301,-1,0,0,-2,-2,-1,6,3,3
297892,-2,-2,54.0101,-1,0,0,-2,-2,-1,6,2.78,2.78
301309,0,0,26.0101,-1,0,0,-2,-2,-1,6,4,4
296633,-2,-2,13.1209,-1,0,0,-2,-2,-1,6,3,3
302533,0,0,0,-1,0,0,-2,-2,-1,6,2.66,2.66
300002,1,-2,13.1209,-1,0,0,-2,-2,-1,6,0.6,0.6
294406,1,1,42.0101,-1,0,0,-2,-2,-1,6,2.98,2.98
303601,-2,-2,52.0801,-1,0,0,-2,-2,-1,6,2.9,2.9
302183,-2,-2,13.1202,-1,0,0,-2,-2,-1,6,3.82,3.82
270506,-2,-2,43.0203,-1,0,0,-2,-2,-1,6,3.67,3.67
298325,0,1,43.0199,-1,0,0,-2,-2,-1,6,2.96,2.96
298033,1,-2,13.1202,-1,0,0,-2,-2,-1,6,3.91,3.91
293611,-2,-2,9.0101,-1,0,0,-2,-2,-1,6,3.7,3.7
304263,-2,-2,51.3801,-1,0,0,-2,-2,-1,6,4,4
301326,1,1,43.0399,-1,0,0,-2,-2,-1,6,1.91,1.91
281368,-2,-2,0,-1,0,0,-2,-2,-1,6,3.55,3.55
304905,0,1,42.0101,-1,0,0,-2,-2,-1,6,3.6,3.6
300290,0,1,0,-1,0,0,-2,-2,-1,6,2.94,2.94
299495,-2,1,0,-1,0,0,-2,-2,-1,6,3.82,3.82
302116,-2,-2,51,-1,0,0,-2,-2,-1,6,3,3
302551,-2,-2,52.0301,-1,0,0,-2,-2,-1,6,3,3
299115,-2,-2,43.0199,-1,0,0,-2,-2,-1,6,0,0
302819,-2,-2,0,-1,0,0,-2,-2,-1,6,2.43,2.43
304823,-2,-2,52.0801,-1,0,0,-2,-2,-1,6,3.35,3.35
305310,-2,-2,52.1401,-1,0,0,-2,-2,-1,6,1.33,1.33
294719,-2,-2,52.0201,-1,0,0,-2,-2,-1,6,3,3
302717,-2,-2,26.0101,-1,0,0,-2,-2,-1,6,2.06,2.06
305260,-2,-2,0,-1,0,0,-2,-2,-1,6,3.85,3.85
304298,-2,-2,52.0201,-1,0,0,-2,-2,-1,6,3.66,3.66
72295,-2,-2,13.1202,-1,0,0,-2,-2,-1,6,3.3,3.3
300240,1,1,52.0801,-1,0,0,-2,-2,-1,6,4,4
301382,-2,-2,51.3801,-1,0,0,-2,-2,-1,6,3.95,3.95
258799,-2,-2,43.0199,-1,0,0,-2,-2,-1,6,3.07,3.07
299293,1,0,0,-1,0,0,-2,-2,-1,6,2.93,2.93
304560,-2,-2,42.0101,-1,0,0,-2,-2,-1,6,4,4
300275,-2,1,26.0101,-1,0,0,-2,-2,-1,6,3.11,3.11
298966,1,1,0,-1,0,0,-2,-2,-1,6,3.18,3.18
303622,1,1,43.0399,-1,0,0,-2,-2,-1,6,0.98,0.98
294160,-2,-2,40.0601,13.1209,0,0,-2,-2,-1,6,3.49,3.49
298782,1,-2,0,-1,0,0,-2,-2,-1,6,3.18,3.18
94804,-2,-2,52.1401,-1,0,0,-2,-2,-1,6,3.32,3.32
299583,0,1,13.1202,-1,0,0,-2,-2,-1,6,3.5,3.5
304216,-2,-2,26.0101,-1,0,0,-2,-2,-1,6,2.23,2.23
302707,-2,-2,52.0201,-1,0,0,-2,-2,-1,6,2.7,2.7
297627,-2,-2,11.0101,-1,0,0,-2,-2,-1,6,4,4
300203,0,1,52.0201,-1,0,0,-2,-2,-1,6,1.85,1.85
301857,0,1,45.1001,-1,0,0,-2,-2,-1,6,0.62,0.62
300303,-2,-2,52.0201,-1,0,0,-2,-2,-1,6,4,4
297839,-2,-2,0,-1,0,0,-2,-2,-1,6,3.13,3.13
37630,-2,-2,42.0101,-1,0,0,-2,-2,-1,6,3.82,3.82
84534,-2,-2,52.0201,-1,0,0,-2,-2,-1,6,3.75,3.75
303227,-2,-2,52.0201,-1,0,0,-2,-2,-1,6,0,0
295130,-2,1,0,-1,0,0,-2,-2,-1,6,3.83,3.83
295794,-2,-2,52.0301,-1,0,0,-2,-2,-1,6,3.57,3.57
294755,-2,-2,27.0101,13.1202,0,0,-2,-2,-1,6,3.85,3.85
303703,-2,-2,51.3801,-1,0,0,-2,-2,-1,6,4,4
279885,-2,-2,42.0101,-1,0,0,-2,-2,-1,6,3.53,3.53
259621,0,1,13.1209,-1,0,0,-2,-2,-1,6,0,0
301106,0,1,0,-1,0,0,-2,-2,-1,6,2.93,2.93
301023,-2,-2,40.0601,-1,0,0,-2,-2,-1,6,3.82,3.82
299655,1,1,27.0101,-1,0,0,-2,-2,-1,6,2.91,2.91
302132,1,1,0,-1,0,0,-2,-2,-1,6,2.4,2.4
301080,-2,-2,0,-1,0,0,-2,-2,-1,6,3.33,3.33
276262,-2,-2,0,-1,0,0,-2,-2,-1,6,2.35,2.35
305161,-2,-2,51,-1,0,0,-2,-2,-1,6,4,4
298900,1,0,0,-1,0,0,-2,-2,-1,6,3.81,3.81
304723,-2,-2,51,-1,0,0,-2,-2,-1,6,3.65,3.65
305247,-2,-2,9.0101,-1,0,0,-2,-2,-1,6,2.76,2.76
304000,0,-2,0,-1,0,0,-2,-2,-1,6,0,0
303722,-2,-2,51.3899,-1,0,0,-2,-2,-1,6,3.62,3.62
300370,-2,-2,51.3899,-1,0,0,-2,-2,-1,6,3.66,3.66
303211,-2,-2,52.0201,-1,0,0,-2,-2,-1,6,2.42,2.42
301762,-2,-2,51.3801,-1,0,0,-2,-2,-1,6,3.75,3.75
301601,-2,-2,51.3899,-1,0,0,-2,-2,-1,6,3.35,3.35
295326,-2,-2,52.0801,-1,0,0,-2,-2,-1,6,0,0
235992,-2,-2,51.3801,-1,0,0,-2,-2,-1,6,3.9,3.9
303503,-2,-2,51.3899,-1,0,0,-2,-2,-1,6,4,4
301928,-2,-2,51.3899,-1,0,0,-2,-2,-1,6,3.3,3.3
282295,-1,-1,0,-1,0,0,-2,-2,-1,6,4,4
299240,-2,0,0,-1,0,0,-2,-2,-1,6,0.5,0.5
303921,0,0,0,-1,0,0,-2,-2,-1,6,3,3
302346,-2,-2,43.0399,-1,0,0,-2,-2,-1,6,3.92,3.92
305044,0,1,0,-1,0,0,-2,-2,-1,6,0.5,0.5
305226,-2,-2,43.0199,-1,0,0,-2,-2,-1,6,3.32,3.32
296050,-2,-2,0,-1,0,0,-2,-2,-1,6,0.4,0.4
294698,0,0,0,-1,0,0,-2,-2,-1,6,3.3,3.3
298959,1,-2,0,-1,0,0,-2,-2,-1,6,3.68,3.68
296175,-2,-2,52.0201,-1,0,0,-2,-2,-1,6,3.4,3.4
286282,-1,-1,0,-1,0,0,-2,-2,-1,6,3.37,3.37
93195,-1,-1,0,-1,0,0,-2,-2,-1,6,2.7,2.7
302191,-2,-2,40.0801,-1,0,0,-2,-2,-1,6,0.5,0.5
299072,-2,-2,52.0301,-1,0,0,-2,-2,-1,6,3.3,3.3
304578,-2,-2,43.0199,-1,0,0,-2,-2,-1,6,2.64,2.64
301493,-2,-2,26.0101,-1,0,0,-2,-2,-1,6,2.1,2.1
305255,-2,-2,0,-1,0,0,-2,-2,-1,6,4,4
299798,0,1,42.0101,-1,0,0,-2,-2,-1,6,3,3
301764,0,0,52.0301,-1,0,0,-2,-2,-1,6,3.8,3.8
302827,0,-2,50.0901,-1,0,0,-2,-2,-1,6,2.79,2.79
292383,1,0,0,-1,0,0,-2,-2,-1,6,0,0
250478,-2,-2,13.1209,-1,0,0,-2,-2,-1,6,1.88,1.88
257718,0,-2,43.0199,-1,0,0,-2,-2,-1,6,3.1,3.1
301582,-2,-2,51.3899,-1,0,0,-2,-2,-1,6,3.54,3.54
301583,-2,-2,51.3899,-1,0,0,-2,-2,-1,6,3.44,3.44
303915,-2,-2,51,-1,0,0,-2,-2,-1,6,3.5,3.5
304440,-2,-2,51.3801,-1,0,0,-2,-2,-1,6,3.8,3.8
302131,-2,0,0,-1,0,0,-2,-2,-1,6,2.8,2.8
299554,-2,-2,0,-1,0,0,-2,-2,-1,6,4,4
303035,-2,-2,52.0201,-1,0,0,-2,-2,-1,6,3.17,3.17
302202,0,1,52.0301,-1,0,0,-2,-2,-1,6,0,0
303596,-2,-2,52.0201,-1,0,0,-2,-2,-1,6,3,3
302946,-2,-2,42.0101,-1,0,0,-2,-2,-1,6,3.2,3.2
302354,0,1,52.0201,-1,0,0,-2,-2,-1,6,3.42,3.42
26660,-2,-2,52.1401,-1,0,0,-2,-2,-1,6,3.52,3.52
301797,-2,-2,51.3899,-1,0,0,-2,-2,-1,6,3.29,3.29
302770,-2,-2,0,-1,0,0,-2,-2,-1,6,1.66,1.66
305204,-2,-2,50.0701,-1,0,0,-2,-2,-1,6,2.33,2.33
304797,-2,-2,51.3801,-1,0,0,-2,-2,-1,6,3.9,3.9
302629,-2,-2,43.0399,-1,0,0,-2,-2,-1,6,4,4
297251,0,1,0,-1,0,0,-2,-2,-1,6,2.8,2.8
304738,-2,-2,26.0101,-1,0,0,-2,-2,-1,6,2.8,2.8
296844,0,0,0,-1,0,0,-2,-2,-1,6,3.01,3.01
301395,-2,-2,42.0101,-1,0,0,-2,-2,-1,6,4,4
304257,-2,-2,0,-1,0,0,-2,-2,-1,6,3.54,3.54
260331,-2,-2,0,-1,0,0,-2,-2,-1,6,3.42,3.42
302976,-2,-2,51.3801,-1,0,0,-2,-2,-1,6,3.35,3.35
252871,-2,-2,52.0201,-1,0,0,-2,-2,-1,6,1.25,1.25
303232,0,1,45.1101,-1,0,0,-2,-2,-1,6,3.28,3.28
301131,-2,0,52.0201,-1,0,0,-2,-2,-1,6,3.47,3.47
301130,-2,0,40.0801,-1,0,0,-2,-2,-1,6,3.85,3.85
301634,-2,-2,50.0701,-1,0,0,-2,-2,-1,6,2.1,2.1
277702,-2,-2,13.1202,-1,0,0,-2,-2,-1,6,2.78,2.78
277196,-2,-2,26.0101,-1,0,0,-2,-2,-1,6,3.02,3.02
298452,-2,-2,43.0199,-1,0,0,-2,-2,-1,6,3.13,3.13
303895,-2,-2,51.3899,-1,0,0,-2,-2,-1,6,3.29,3.29
298696,-2,1,26.0101,-1,0,0,-2,-2,-1,6,3.62,3.62
301346,-2,-2,50.0701,-1,0,0,-2,-2,-1,6,3.33,3.33
305180,-2,-2,51.3801,-1,0,0,-2,-2,-1,6,3.65,3.65
297513,0,1,0,-1,0,0,-2,-2,-1,6,2.55,2.55
298509,-2,-2,52.0301,-1,0,0,-2,-2,-1,6,4,4
300416,0,1,52.0801,-1,0,0,-2,-2,-1,6,3.15,3.15
300425,-2,-2,51.3801,-1,0,0,-2,-2,-1,6,4,4
298934,0,1,0,-1,0,0,-2,-2,-1,6,2.95,2.95
304610,-2,-2,11.0101,-1,0,0,-2,-2,-1,6,3.56,3.56
304937,-2,-2,51.3801,-1,0,0,-2,-2,-1,6,4,4
281963,-2,-2,0,-1,0,0,-2,-2,-1,6,3.57,3.57
297198,-2,-2,0,-1,0,0,-2,-2,-1,6,0,0
39414,-2,-2,52.0201,-1,0,0,-2,-2,-1,6,3.07,3.07
305183,-2,-2,0,-1,0,0,-2,-2,-1,6,4,4
295509,-2,-2,43.0199,-1,0,0,-2,-2,-1,6,2.9,2.9
291040,-2,-2,0,-1,0,0,-2,-2,-1,6,3.53,3.53
304223,-2,-2,52.0201,-1,0,0,-2,-2,-1,6,1.5,1.5
303236,-2,-2,13.1209,-1,0,0,-2,-2,-1,6,2.41,2.41
297957,-2,-2,42.0101,-1,0,0,-2,-2,-1,6,2.15,2.15
302040,-2,-2,45.1101,-1,0,0,-2,-2,-1,6,3.23,3.23
234532,-2,-2,43.0199,-1,0,0,-2,-2,-1,6,2.6,2.6
303486,-2,-2,27.0101,-1,0,0,-2,-2,-1,6,3,3
304316,-2,-2,43.0199,-1,0,0,-2,-2,-1,6,3.35,3.35
302808,-2,-2,52.0301,-1,0,0,-2,-2,-1,6,3.07,3.07
304266,-2,-2,43.0199,-1,0,0,-2,-2,-1,6,2.77,2.77
292741,-2,-2,52.0301,-1,0,0,-2,-2,-1,6,3.5,3.5
296902,-2,-2,0,-1,0,0,-2,-2,-1,6,3.88,3.88
302171,0,0,43.0203,-1,0,0,-2,-2,-1,6,0,0
303077,-2,-2,50.0901,-1,0,0,-2,-2,-1,6,2.49,2.49
273529,-2,-2,0,-1,0,0,-2,-2,-1,6,3.25,3.25
288584,0,1,43.0199,-1,0,0,-2,-2,-1,6,3.88,3.88
301468,-2,-2,27.0101,13.1001,0,0,-2,-2,-1,6,3.3,3.3
301767,-2,-2,50.0701,-1,0,0,-2,-2,-1,6,3.34,3.34
300422,-2,-2,43.0399,-1,0,0,-2,-2,-1,6,4,4
268001,-2,-2,43.0399,-1,0,0,-2,-2,-1,6,4,4
304663,1,-2,13.1202,-1,0,0,-2,-2,-1,6,2.57,2.57
260813,-2,-2,43.0199,-1,0,0,-2,-2,-1,6,3.17,3.17
304849,-1,-1,51,-1,0,0,-2,-2,-1,6,4,4
278532,-2,-2,51.0999,-1,0,0,-2,-2,-1,6,2.96,2.96
283573,-2,-2,23.0101,-1,0,0,-2,-2,-1,6,3.74,3.74
299299,1,0,51.3801,-1,0,0,-2,-2,-1,6,3.35,3.35
302704,0,0,0,-1,0,0,-2,-2,-1,6,1.23,1.23
302077,-2,-2,50.0701,-1,0,0,-2,-2,-1,6,2.88,2.88
303071,-2,-2,50.0701,-1,0,0,-2,-2,-1,6,0.82,0.82
298214,0,1,0,-1,0,0,-2,-2,-1,6,0,0
302900,-2,-2,11.0101,-1,0,0,-2,-2,-1,6,0.54,0.54
298985,0,1,43.0199,-1,0,0,-2,-2,-1,6,2.56,2.56
300865,1,1,23.0101,-1,0,0,-2,-2,-1,6,2.96,2.96
289804,0,-2,23.0101,-1,0,0,-2,-2,-1,6,2.3,2.3
300030,0,-2,43.0199,-1,0,0,-2,-2,-1,6,3.4,3.4
300664,1,0,13.1202,-1,0,0,-2,-2,-1,6,3.61,3.61
298148,0,0,52.0201,-1,0,0,-2,-2,-1,6,3.25,3.25
300597,0,1,0,-1,0,0,-2,-2,-1,6,2.76,2.76
303060,1,1,52.0201,-1,0,0,-2,-2,-1,6,2.46,2.46
298316,0,1,26.0101,-1,0,0,-2,-2,-1,6,3.11,3.11
301271,1,0,0,-1,0,0,-2,-2,-1,6,2.46,2.46
298406,-2,1,0,-1,0,0,-2,-2,-1,6,3.35,3.35
283668,1,1,0,-1,0,0,-2,-2,-1,6,3.06,3.06
302547,0,-2,0,-1,0,0,-2,-2,-1,6,3.63,3.63
296689,0,0,13.1202,-1,0,0,-2,-2,-1,6,3.67,3.67
296698,0,1,51.3801,-1,0,0,-2,-2,-1,6,0,0
302452,-2,-2,52.0301,-1,0,0,-2,-2,-1,6,4,4
297388,-2,1,0,-1,0,0,-2,-2,-1,6,3.82,3.82
260559,-2,-2,51,-1,0,0,-2,-2,-1,6,3.45,3.45
301787,0,0,0,-1,0,0,-2,-2,-1,6,4,4
290265,-2,-2,51,-1,0,0,-2,-2,-1,6,3.35,3.35
301745,-2,1,26.0101,-1,0,0,-2,-2,-1,6,3.16,3.16
292744,-2,-2,52.0301,-1,0,0,-2,-2,-1,6,3.35,3.35
297161,1,-2,0,-1,0,0,-2,-2,-1,6,3.7,3.7
280697,-1,-1,0,-1,0,0,-2,-2,-1,6,0,0
298252,-2,0,0,-1,0,0,-2,-2,-1,6,3.2,3.2
51316,-2,-2,51.3801,-1,0,0,-2,-2,-1,6,3.06,3.06
301726,-2,-2,52.0201,-1,0,0,-2,-2,-1,6,3.76,3.76
294670,-2,-2,0,-1,0,0,-2,-2,-1,6,2.67,2.67
298578,-2,-2,51.3899,-1,0,0,-2,-2,-1,6,3.68,3.68
302502,-2,-2,43.0199,-1,0,0,-2,-2,-1,6,4,4
303583,-2,-2,11.0101,-1,0,0,-2,-2,-1,6,3.9,3.9
303817,-2,-2,43.0199,-1,0,0,-2,-2,-1,6,2.9,2.9
305119,-2,-2,43.0203,-1,0,0,-2,-2,-1,6,4,4
305298,-2,-2,51.3801,-1,0,0,-2,-2,-1,6,4,4
292345,-2,-2,52.0801,-1,0,0,-2,-2,-1,6,4,4
297146,0,0,0,-1,0,0,-2,-2,-1,6,3,3
247693,-2,-2,45.1101,-1,0,0,-2,-2,-1,6,1.66,1.66
291758,-2,-2,51.3899,-1,0,0,-2,-2,-1,6,3.61,3.61
258879,-2,-2,-1,54.0101,0,0,-2,-2,-1,6,3,3
304604,-2,-2,50.0701,-1,0,0,-2,-2,-1,6,3.92,3.92
303606,-2,-2,23.0101,-1,0,0,-2,-2,-1,6,3.03,3.03
301664,-2,-2,51.3801,-1,0,0,-2,-2,-1,6,3.33,3.33
294616,-2,-2,52.0201,-1,0,0,-2,-2,-1,6,3.25,3.25
300889,-2,-2,54.0101,-1,0,0,-2,-2,-1,6,1.17,1.17
282486,-2,-2,26.0101,-1,0,0,-2,-2,-1,6,2.35,2.35
301625,-2,-2,13.1202,-1,0,0,-2,-2,-1,6,3.75,3.75
304933,-1,-1,43.0203,-1,0,0,-2,-2,-1,6,4,4
304249,0,-2,9.0101,-1,0,0,-2,-2,-1,6,3.03,3.03
276063,-2,-2,26.0101,-1,0,0,-2,-2,-1,6,2.56,2.56
302782,-2,-2,23.0101,-1,0,0,-2,-2,-1,6,3.32,3.32
278173,-2,-2,52.1401,-1,0,0,-2,-2,-1,6,3.8,3.8
304674,-2,-2,13.1209,-1,0,0,-2,-2,-1,6,2.28,2.28
299844,0,1,13.1209,-1,0,0,-2,-2,-1,6,1.32,1.32
303301,0,0,52.0201,-1,0,0,-2,-2,-1,6,1.5,1.5
297794,0,1,43.0199,-1,0,0,-2,-2,-1,6,2.88,2.88
299434,0,1,45.0601,-1,0,0,-2,-2,-1,6,3.62,3.62
86489,1,1,0,-1,0,0,-2,-2,-1,6,0,0
297844,0,0,0,-1,0,0,-2,-2,-1,6,2.75,2.75
303769,0,0,0,-1,0,0,-2,-2,-1,6,3.1,3.1
294946,1,1,0,-1,0,0,-2,-2,-1,6,1.77,1.77
296831,1,1,26.0101,-1,0,0,-2,-2,-1,6,0,0
300544,1,1,0,-1,0,0,-2,-2,-1,6,2.43,2.43
301696,0,1,52.0201,-1,0,0,-2,-2,-1,6,2.62,2.62
299570,1,1,23.0101,-1,0,0,-2,-2,-1,6,3.66,3.66
300407,1,1,50.0701,-1,0,0,-2,-2,-1,6,2.7,2.7
43733,0,1,50.0701,-1,0,0,-2,-2,-1,6,2.78,2.78
298780,0,1,23.0101,-1,0,0,-2,-2,-1,6,3.22,3.22
304741,0,0,0,-1,0,0,-2,-2,-1,6,3.68,3.68
302271,1,1,26.0101,-1,0,0,-2,-2,-1,6,0,0
298102,0,1,43.0203,-1,0,0,-2,-2,-1,6,3.11,3.11
297572,0,0,0,-1,0,0,-2,-2,-1,6,3,3
302398,0,0,43.0199,-1,0,0,-2,-2,-1,6,2.37,2.37
303669,0,1,0,-1,0,0,-2,-2,-1,6,0,0
299485,1,0,13.1202,-1,0,0,-2,-2,-1,6,3.15,3.15
302870,0,1,0,-1,0,0,-2,-2,-1,6,3.26,3.26
302639,-2,-2,52.0301,-1,0,0,-2,-2,-1,6,2.43,2.43
300964,1,0,11.0101,-1,0,0,-2,-2,-1,6,3.1,3.1
301202,-2,-2,43.0199,-1,0,0,-2,-2,-1,6,3.25,3.25
302633,0,1,43.0199,-1,0,0,-2,-2,-1,6,2.88,2.88
301530,-2,1,43.0199,-1,0,0,-2,-2,-1,6,2.66,2.66
304097,0,0,0,-1,0,0,-2,-2,-1,6,3,3
298929,1,0,52.0201,-1,0,0,-2,-2,-1,6,3.88,3.88
299017,-2,0,0,-1,0,0,-2,-2,-1,6,3.18,3.18
305422,-1,-1,0,-1,0,0,-2,-2,-1,6,2.53,2.53
267051,-2,-2,26.0101,43.0199,0,0,-2,-2,-1,6,3.78,3.78
304879,-2,-2,51.3801,-1,0,0,-2,-2,-1,6,4,4
304290,-2,-2,45.1101,-1,0,0,-2,-2,-1,6,3.66,3.66
28567,-2,-2,52.0301,-1,0,0,-2,-2,-1,6,1.54,1.54
302550,-2,-2,52.0201,-1,0,0,-2,-2,-1,6,3.3,3.3
301600,-2,-2,13.1202,-1,0,0,-2,-2,-1,6,3.76,3.76
299962,0,1,0,-1,0,0,-2,-2,-1,6,3.95,3.95
300561,-2,-2,43.0199,-1,0,0,-2,-2,-1,6,1.56,1.56
298727,-2,-2,51.3899,-1,0,0,-2,-2,-1,6,3.83,3.83
302138,-2,-2,52.0801,-1,0,0,-2,-2,-1,6,1.68,1.68
296613,-2,-2,42.0101,-1,0,0,-2,-2,-1,6,0.76,0.76
303926,-2,-2,52.1401,-1,0,0,-2,-2,-1,6,3.33,3.33
298144,0,1,0,-1,0,0,-2,-2,-1,6,3.49,3.49
270495,-2,-2,26.0101,-1,0,0,-2,-2,-1,6,3.74,3.74
303909,-2,-2,52.0201,-1,0,0,-2,-2,-1,6,2.57,2.57
281128,0,-2,0,-1,0,0,-2,-2,-1,6,3.03,3.03
299622,-2,-2,50.0701,-1,0,0,-2,-2,-1,6,2.86,2.86
302914,-2,-2,43.0399,-1,0,0,-2,-2,-1,6,3.92,3.92
303088,-2,-2,52.0301,-1,0,0,-2,-2,-1,6,2.65,2.65
302498,-2,-2,43.0199,-1,0,0,-2,-2,-1,6,3.86,3.86
302250,-2,-2,43.0399,-1,0,0,-2,-2,-1,6,3.2,3.2
276902,-2,-2,26.0101,-1,0,0,-2,-2,-1,6,2.57,2.57
301316,-2,0,26.0101,-1,0,0,-2,-2,-1,6,2.75,2.75
301457,-2,-2,0,-1,0,0,-2,-2,-1,6,3.74,3.74
297766,-2,-2,43.0203,-1,0,0,-2,-2,-1,6,3.66,3.66
299084,0,1,0,-1,0,0,-2,-2,-1,6,2.72,2.72
301063,1,1,0,-1,0,0,-2,-2,-1,6,1,1
300588,-2,-2,43.0199,-1,0,0,-2,-2,-1,6,1.8,1.8
298954,1,0,9.0101,-1,0,0,-2,-2,-1,6,4,4
299738,0,1,0,-1,0,0,-2,-2,-1,6,3.09,3.09
296527,1,1,0,-1,0,0,-2,-2,-1,6,3.75,3.75
296824,0,1,0,-1,0,0,-2,-2,-1,6,2.55,2.55
301597,0,1,0,-1,0,0,-2,-2,-1,6,2.94,2.94
297124,1,1,0,-1,0,0,-2,-2,-1,6,1.74,1.74
283839,0,1,13.1202,-1,0,0,-2,-2,-1,6,2.41,2.41
297344,0,1,13.1202,-1,0,0,-2,-2,-1,6,1.95,1.95
296796,1,1,43.0199,-1,0,0,-2,-2,-1,6,3.75,3.75
300953,0,-2,54.0101,-1,0,0,-2,-2,-1,6,2.72,2.72
299977,-2,1,26.0101,-1,0,0,-2,-2,-1,6,2.14,2.14
303786,-2,-2,27.0101,-1,0,0,-2,-2,-1,6,2.5,2.5
301077,0,1,51.0999,-1,0,0,-2,-2,-1,6,3.03,3.03
302860,0,1,0,-1,0,0,-2,-2,-1,6,2.5,2.5
304862,-2,-2,0,-1,0,0,-2,-2,-1,6,2.42,2.42
298740,1,1,0,-1,0,0,-2,-2,-1,6,2.95,2.95
291956,-2,-2,52.0201,-1,0,0,-2,-2,-1,6,3.7,3.7
302891,-2,-2,43.0399,-1,0,0,-2,-2,-1,6,3.6,3.6
282665,-2,-2,51.3801,-1,0,0,-2,-2,-1,6,3.22,3.22
297421,-2,-2,0,-1,0,0,-2,-2,-1,6,3.6,3.6
305251,-2,-2,0,-1,0,0,-2,-2,-1,6,1.85,1.85
300674,-2,-2,0,-1,0,0,-2,-2,-1,6,2.81,2.81
298694,-2,-2,52.0201,-1,0,0,-2,-2,-1,6,3.46,3.46
304607,0,1,26.0101,-1,0,0,-2,-2,-1,6,3.31,3.31
299630,-2,-2,52.0301,-1,0,0,-2,-2,-1,6,2.32,2.32
305477,-2,-2,51.3801,-1,0,0,-2,-2,-1,6,0,0
297299,-2,-2,51.3801,-1,0,0,-2,-2,-1,6,3,3
301900,-2,-2,42.0101,-1,0,0,-2,-2,-1,6,2.92,2.92
277848,-2,-2,0,-1,0,0,-2,-2,-1,6,2.6,2.6
305113,-2,-2,50.0701,-1,0,0,-2,-2,-1,6,3.9,3.9
300239,-2,-2,26.0101,-1,0,0,-2,-2,-1,6,3.3,3.3
303087,-2,-2,9.0101,-1,0,0,-2,-2,-1,6,0.56,0.56
240831,-2,-2,9.0101,-1,0,0,-2,-2,-1,6,2.85,2.85
294113,-2,-2,13.1209,-1,0,0,-2,-2,-1,6,3.88,3.88
304864,-2,-2,0,-1,0,0,-2,-2,-1,6,3.5,3.5
304642,-2,-2,52.0201,-1,0,0,-2,-2,-1,6,3.17,3.17
304768,-1,-1,0,-1,0,0,-2,-2,-1,6,2.15,2.15
304219,-2,-2,23.0101,13.1202,0,0,-2,-2,-1,6,2.85,2.85
293311,-2,-2,51.3899,-1,0,0,-2,-2,-1,6,3.94,3.94
302752,-2,-2,43.0399,-1,0,0,-2,-2,-1,6,4,4
262005,-2,-2,26.0101,-1,0,0,-2,-2,-1,6,2.8,2.8
267763,-2,-2,52.0301,-1,0,0,-2,-2,-1,6,2.92,2.92
300659,0,-2,0,-1,0,0,-2,-2,-1,6,2.91,2.91
280240,0,1,0,-1,0,0,-2,-2,-1,6,2.38,2.38
278138,-2,-2,26.0101,-1,0,0,-2,-2,-1,6,1.9,1.9
301724,-2,-2,51.3801,-1,0,0,-2,-2,-1,6,1.28,1.28
302724,-2,-2,26.0101,-1,0,0,-2,-2,-1,6,0,0
304814,-2,-2,23.0101,-1,0,0,-2,-2,-1,6,0,0
303406,0,0,0,-1,0,0,-2,-2,-1,6,2.18,2.18
298868,1,1,54.0101,-1,0,0,-2,-2,-1,6,3.61,3.61
297231,-2,0,43.0199,-1,0,0,-2,-2,-1,6,3.46,3.46
297239,0,1,43.0199,-1,0,0,-2,-2,-1,6,3.08,3.08
303629,0,1,51.3801,-1,0,0,-2,-2,-1,6,0,0
301695,-2,-2,23.0101,-1,0,0,-2,-2,-1,6,3.92,3.92
298334,0,-2,43.0203,-1,0,0,-2,-2,-1,6,3.25,3.25
301303,1,1,0,-1,0,0,-2,-2,-1,6,0,0
299112,0,1,23.0101,-1,0,0,-2,-2,-1,6,2.9,2.9
301152,0,0,0,-1,0,0,-2,-2,-1,6,3,3
305279,-1,-1,0,-1,0,0,-2,-2,-1,6,2.82,2.82
300667,1,1,52.0201,-1,0,0,-2,-2,-1,6,2.7,2.7
301895,-2,1,13.1209,-1,0,0,-2,-2,-1,6,2.96,2.96
300650,-2,-2,50.0701,-1,0,0,-2,-2,-1,6,3.18,3.18
248802,-2,-2,52.0801,-1,0,0,-2,-2,-1,6,2.35,2.35
301345,1,1,43.0203,-1,0,0,-2,-2,-1,6,3.67,3.67
298838,1,0,52.0201,-1,0,0,-2,-2,-1,6,3.38,3.38
300241,0,1,42.0101,-1,0,0,-2,-2,-1,6,3.02,3.02
300305,-2,1,26.0101,-1,0,0,-2,-2,-1,6,2.7,2.7
45090,-2,-2,9.0101,-1,0,0,-2,-2,-1,6,3.23,3.23
300395,-2,-2,51.3801,-1,0,0,-2,-2,-1,6,3.15,3.15
300683,-2,1,40.0501,-1,0,0,-2,-2,-1,6,3.6,3.6
302497,-2,-2,52.0201,-1,0,0,-2,-2,-1,6,4,4
298290,0,1,43.0199,-1,0,0,-2,-2,-1,6,3.33,3.33
263654,-2,-2,16.0905,13.1209,0,0,-2,-2,-1,6,3.5,3.5
252417,0,-2,50.0701,-1,0,0,-2,-2,-1,6,1.1,1.1
35056,-2,-2,52.0201,-1,0,0,-2,-2,-1,6,3.07,3.07
297688,0,1,51.0999,-1,0,0,-2,-2,-1,6,0,0
298138,-2,-2,51.3801,-1,0,0,-2,-2,-1,6,3.4,3.4
300056,-2,-2,0,-1,0,0,-2,-2,-1,6,2.02,2.02
301169,-2,0,27.0101,-1,0,0,-2,-2,-1,6,3.35,3.35
302084,-2,-2,26.0101,-1,0,0,-2,-2,-1,6,3.67,3.67
302611,0,-2,11.0101,-1,0,0,-2,-2,-1,6,2.2,2.2
304651,-2,-2,54.0101,-1,0,0,-2,-2,-1,6,4,4
304088,-2,-2,52.0301,-1,0,0,-2,-2,-1,6,4,4
299068,-2,-2,42.0101,-1,0,0,-2,-2,-1,6,2.8,2.8
301572,-2,-2,13.1202,-1,0,0,-2,-2,-1,6,2.77,2.77
293678,-2,-2,51.3899,-1,0,0,-2,-2,-1,6,3.58,3.58
304466,-2,-2,45.1101,-1,0,0,-2,-2,-1,6,3.6,3.6
302716,0,0,0,-1,0,0,-2,-2,-1,6,4,4
77162,-1,-1,0,-1,0,0,-2,-2,-1,6,2.7,2.7
303937,0,-2,27.0101,-1,0,0,-2,-2,-1,6,4,4
296284,-2,-2,43.0399,-1,0,0,-2,-2,-1,6,3.88,3.88
298584,-2,-2,51.3899,-1,0,0,-2,-2,-1,6,3.85,3.85
302289,-2,-2,13.1209,-1,0,0,-2,-2,-1,6,3,3
90940,-2,-2,52.0201,-1,0,0,-2,-2,-1,6,2.42,2.42
263093,-2,-2,43.0199,-1,0,0,-2,-2,-1,6,3,3
201872,-2,-2,45.0601,-1,0,0,-2,-2,-1,6,0,0
304701,-1,-1,51,-1,0,0,-2,-2,-1,6,3.85,3.85
304779,0,1,0,-1,0,0,-2,-2,-1,6,3.6,3.6
276152,-2,-2,42.0101,-1,0,0,-2,-2,-1,6,3.75,3.75
302321,-2,-2,52.0201,-1,0,0,-2,-2,-1,6,3.43,3.43
304588,-2,-2,52.0201,-1,0,0,-2,-2,-1,6,2.33,2.33
271393,-2,-2,43.0199,-1,0,0,-2,-2,-1,6,3.57,3.57
303995,-2,-2,43.0199,-1,0,0,-2,-2,-1,6,3,3
277061,-2,-2,43.0199,-1,0,0,-2,-2,-1,6,3.19,3.19
287663,-2,-2,50.0701,50.0701,0,0,-2,-2,-1,6,4,4
304526,-2,-2,43.0199,-1,0,0,-2,-2,-1,6,3.57,3.57
298741,1,1,0,-1,0,0,-2,-2,-1,6,0.5,0.5
299716,0,-2,42.0101,-1,0,0,-2,-2,-1,6,2.72,2.72
292823,-2,-2,13.1202,-1,0,0,-2,-2,-1,6,3.53,3.53
299970,-2,-2,0,-1,0,0,-2,-2,-1,6,0.92,0.92
34666,-2,-2,43.0399,-1,0,0,-2,-2,-1,6,4,4
301871,-2,-2,13.1209,-1,0,0,-2,-2,-1,6,2.97,2.97
298869,0,1,43.0199,-1,0,0,-2,-2,-1,6,1.3,1.3
300604,-2,1,43.0199,-1,0,0,-2,-2,-1,6,2.3,2.3
301901,-2,1,9.0101,-1,0,0,-2,-2,-1,6,2.78,2.78
302791,0,0,42.0101,-1,0,0,-2,-2,-1,6,3.02,3.02
296319,1,1,13.1202,-1,0,0,-2,-2,-1,6,2,2
294428,-2,0,0,-1,0,0,-2,-2,-1,6,3.79,3.79
267985,-2,-2,9.0101,-1,0,0,-2,-2,-1,6,3.25,3.25
297209,1,1,23.0101,-1,0,0,-2,-2,-1,6,1.66,1.66
300756,0,1,13.1202,-1,0,0,-2,-2,-1,6,2.85,2.85
297051,1,0,0,-1,0,0,-2,-2,-1,6,3.3,3.3
304909,-2,1,0,-1,0,0,-2,-2,-1,6,4,4
297882,1,0,42.0101,-1,0,0,-2,-2,-1,6,3.3,3.3
248175,-2,-2,0,-1,0,0,-2,-2,-1,6,2.59,2.59
300358,-2,-2,51.3899,-1,0,0,-2,-2,-1,6,3.75,3.75
298284,1,-2,42.0101,-1,0,0,-2,-2,-1,6,3.3,3.3
301575,-2,-2,0,-1,0,0,-2,-2,-1,6,3.36,3.36
275830,-2,-2,42.0101,-1,0,0,-2,-2,-1,6,3.92,3.92
305084,-2,-2,52.0201,-1,0,0,-2,-2,-1,6,4,4
305271,-2,-2,51,-1,0,0,-2,-2,-1,6,3.7,3.7
304592,-2,-2,45.1101,-1,0,0,-2,-2,-1,6,2.7,2.7
301532,-2,-2,51,-1,0,0,-2,-2,-1,6,0,0
195199,-2,-2,26.0101,-1,0,0,-2,-2,-1,6,2.72,2.72
302158,-2,-2,52.0301,52.0801,0,0,-2,-2,-1,6,3.66,3.66
242035,-2,-2,13.1202,-1,0,0,-2,-2,-1,6,3.35,3.35
302681,-1,-1,0,-1,0,0,-2,-2,-1,6,0,0
206889,-2,-2,52.0201,-1,0,0,-2,-2,-1,6,3.14,3.14
297677,-2,-2,50.0901,-1,0,0,-2,-2,-1,6,3.48,3.48
281773,-2,-2,43.0199,-1,0,0,-2,-2,-1,6,0,0
303914,-2,-2,43.0399,-1,0,0,-2,-2,-1,6,1,1
299687,0,-2,0,-1,0,0,-2,-2,-1,6,1.92,1.92
304252,-2,-2,52.0201,-1,0,0,-2,-2,-1,6,3.1,3.1
303593,-2,-2,52.0301,-1,0,0,-2,-2,-1,6,0,0
302220,-1,-1,51,-1,0,0,-2,-2,-1,6,4,4
299991,0,1,43.0199,-1,0,0,-2,-2,-1,6,1.42,1.42
301301,0,1,50.0901,-1,0,0,-2,-2,-1,6,3.11,3.11
294371,0,-2,0,-1,0,0,-2,-2,-1,6,3.94,3.94
299944,0,-2,0,-1,0,0,-2,-2,-1,6,3.76,3.76
298385,0,1,0,-1,0,0,-2,-2,-1,6,2.24,2.24
300530,1,1,43.0199,-1,0,0,-2,-2,-1,6,1.08,1.08
299822,0,1,0,-1,0,0,-2,-2,-1,6,2.34,2.34
298217,0,1,9.0101,-1,0,0,-2,-2,-1,6,2.61,2.61
303171,-2,-2,50.0901,-1,0,0,-2,-2,-1,6,2.98,2.98
295143,-2,-2,0,-1,0,0,-2,-2,-1,6,3.32,3.32
301472,1,1,13.1202,-1,0,0,-2,-2,-1,6,3.33,3.33
299238,1,1,0,-1,0,0,-2,-2,-1,6,2.65,2.65
298268,1,1,43.0203,-1,0,0,-2,-2,-1,6,1.31,1.31
301320,1,1,42.0101,-1,0,0,-2,-2,-1,6,0.82,0.82
304940,0,0,51.0999,-1,0,0,-2,-2,-1,6,2.56,2.56
299672,1,-2,45.1001,-1,0,0,-2,-2,-1,6,3.45,3.45
241161,-2,-2,51.3899,-1,0,0,-2,-2,-1,6,3.45,3.45
297072,1,0,42.0101,-1,0,0,-2,-2,-1,6,3.22,3.22
297224,0,1,0,-1,0,0,-2,-2,-1,6,2.47,2.47
297843,-2,-2,43.0399,-1,0,0,-2,-2,-1,6,4,4
301860,0,1,40.0501,-1,0,0,-2,-2,-1,6,2.09,2.09
300327,0,0,0,-1,0,0,-2,-2,-1,6,2.57,2.57
259870,-2,-2,43.0199,-1,0,0,-2,-2,-1,6,2.72,2.72
296886,-2,-2,52.0301,-1,0,0,-2,-2,-1,6,3.92,3.92
295060,-2,-2,0,-1,0,0,-2,-2,-1,6,1.76,1.76
289801,1,0,51,-1,0,0,-2,-2,-1,6,2.46,2.46
303585,-2,-2,51.3801,-1,0,0,-2,-2,-1,6,3.33,3.33
304766,-2,-2,0,-1,0,0,-2,-2,-1,6,3.26,3.26
298215,1,-2,26.0101,-1,0,0,-2,-2,-1,6,4,4
301298,1,-2,0,-1,0,0,-2,-2,-1,6,2.56,2.56
297095,1,-2,23.0101,-1,0,0,-2,-2,-1,6,3.58,3.58
301663,-2,-2,51.3801,-1,0,0,-2,-2,-1,6,3.5,3.5
298141,-2,-2,40.0501,-1,0,0,-2,-2,-1,6,3.32,3.32
304806,-2,-2,51.3801,-1,0,0,-2,-2,-1,6,4,4
302858,-2,-2,45.1101,-1,0,0,-2,-2,-1,6,3.53,3.53
305479,-2,-2,51.3801,-1,0,0,-2,-2,-1,6,4,4
302122,-2,-2,45.1101,-1,0,0,-2,-2,-1,6,2.68,2.68
63345,-2,-2,51.3801,-1,0,0,-2,-2,-1,6,3.17,3.17
303401,0,0,11.0101,-1,0,0,-2,-2,-1,6,3,3
303499,1,1,52.0201,-1,0,0,-2,-2,-1,6,0,0
304791,-2,-2,51.3801,-1,0,0,-2,-2,-1,6,4,4
33332,-2,-2,42.0101,-1,0,0,-2,-2,-1,6,0,0
78476,-2,-2,43.0399,-1,0,0,-2,-2,-1,6,3.27,3.27
103306,-2,-2,51,-1,0,0,-2,-2,-1,6,2.99,2.99
246448,1,0,0,-1,0,0,-2,-2,-1,6,0,0
303754,-2,-2,51.3801,-1,0,0,-2,-2,-1,6,4,4
305146,0,-2,50.0701,-1,0,0,-2,-2,-1,6,3.42,3.42
258805,-2,-2,13.1209,-1,0,0,-2,-2,-1,6,3.4,3.4
297954,-2,-2,54.0101,-1,0,0,-2,-2,-1,6,2.6,2.6
301732,-2,-2,13.1202,-1,0,0,-2,-2,-1,6,2.83,2.83
297632,-2,-2,43.0399,-1,0,0,-2,-2,-1,6,4,4
303766,-2,-2,51.3801,-1,0,0,-2,-2,-1,6,4,4
301659,-2,-2,51.3801,-1,0,0,-2,-2,-1,6,3.6,3.6
303759,-2,-2,51.3801,-1,0,0,-2,-2,-1,6,4,4
303592,-2,-2,52.0801,-1,0,0,-2,-2,-1,6,3.5,3.5
270810,-2,-2,9.0101,-1,0,0,-2,-2,-1,6,2.61,2.61
302885,-2,-2,13.1209,-1,0,0,-2,-2,-1,6,1,1
303307,-2,-2,52.0201,-1,0,0,-2,-2,-1,6,0,0
304831,1,-2,51,-1,0,0,-2,-2,-1,6,2.95,2.95
298527,1,1,40.0801,-1,0,0,-2,-2,-1,6,2.71,2.71
304648,1,1,0,-1,0,0,-2,-2,-1,6,2.5,2.5
302022,0,1,0,-1,0,0,-2,-2,-1,6,2.13,2.13
294410,1,1,0,-1,0,0,-2,-2,-1,6,2.06,2.06
297162,1,-2,0,-1,0,0,-2,-2,-1,6,3.72,3.72
300266,1,1,26.0101,-1,0,0,-2,-2,-1,6,2.82,2.82
302439,0,-2,0,-1,0,0,-2,-2,-1,6,3,3
297205,1,1,0,-1,0,0,-2,-2,-1,6,3.52,3.52
297899,-2,-2,9.0101,-1,0,0,-2,-2,-1,6,2.56,2.56
301099,0,1,50.0901,-1,0,0,-2,-2,-1,6,3.9,3.9
299770,1,0,42.0101,-1,0,0,-2,-2,-1,6,2.85,2.85
302137,-2,-2,43.0199,-1,0,0,-2,-2,-1,6,2.5,2.5
280676,-2,-2,43.0199,-1,0,0,-2,-2,-1,6,2.67,2.67
303437,-2,-2,13.1209,-1,0,0,-2,-2,-1,6,3,3
305169,-2,-2,51.3801,-1,0,0,-2,-2,-1,6,3.9,3.9
298860,0,1,52.0201,-1,0,0,-2,-2,-1,6,2.35,2.35
274139,-2,-2,42.0101,-1,0,0,-2,-2,-1,6,3.32,3.32
301808,-2,-2,26.0101,-1,0,0,-2,-2,-1,6,2.66,2.66
298889,0,-2,0,-1,0,0,-2,-2,-1,6,1.88,1.88
300835,1,0,0,-1,0,0,-2,-2,-1,6,1.85,1.85
303351,-2,-2,0,-1,0,0,-2,-2,-1,6,3.35,3.35
303015,-2,-2,45.1101,13.1001,0,0,-2,-2,-1,6,3.83,3.83
195466,-2,-2,42.0101,-1,0,0,-2,-2,-1,6,4,4
302186,-2,-2,45.1101,-1,0,0,-2,-2,-1,6,2.52,2.52
295274,-2,-2,13.1209,-1,0,0,-2,-2,-1,6,2,2
299711,-2,-2,54.0101,-1,0,0,-2,-2,-1,6,3.67,3.67
302843,-2,-2,0,-1,0,0,-2,-2,-1,6,4,4
304918,-2,-2,51.3801,-1,0,0,-2,-2,-1,6,3.7,3.7
294583,-2,-2,43.0199,-1,0,0,-2,-2,-1,6,3.2,3.2
205336,-2,0,0,-1,0,0,-2,-2,-1,6,0.42,0.42
301620,-2,-2,51.3899,-1,0,0,-2,-2,-1,6,3.97,3.97
304467,-2,-2,52.0201,-1,0,0,-2,-2,-1,6,3.6,3.6
303988,-2,-2,13.1202,-1,0,0,-2,-2,-1,6,3.76,3.76
300872,-2,-2,42.0101,13.1209,0,0,-2,-2,-1,6,3.42,3.42
305448,-1,-1,0,-1,0,0,-2,-2,-1,6,3,3
304735,-2,-2,43.0199,-1,0,0,-2,-2,-1,6,3.5,3.5
299265,-2,-2,52.0301,-1,0,0,-2,-2,-1,6,3.68,3.68
302580,-2,-2,13.1209,-1,0,0,-2,-2,-1,6,2.92,2.92
281327,-2,-2,13.1202,-1,0,0,-2,-2,-1,6,3.15,3.15
297816,0,-2,0,-1,0,0,-2,-2,-1,6,3.42,3.42
298357,-2,-2,52.0201,-1,0,0,-2,-2,-1,6,3.5,3.5
298495,-2,0,0,-1,0,0,-2,-2,-1,6,3.49,3.49
301481,0,1,0,-1,0,0,-2,-2,-1,6,3.33,3.33
298808,-2,1,13.1209,-1,0,0,-2,-2,-1,6,0,0
298291,-2,1,52.0201,-1,0,0,-2,-2,-1,6,2.8,2.8
297240,1,1,0,-1,0,0,-2,-2,-1,6,3.28,3.28
296573,1,1,0,-1,0,0,-2,-2,-1,6,3.4,3.4
301574,0,1,0,-1,0,0,-2,-2,-1,6,3.18,3.18
297975,-2,1,43.0199,-1,0,0,-2,-2,-1,6,3.4,3.4
298331,-2,-2,50.0901,-1,0,0,-2,-2,-1,6,3.22,3.22
300271,0,0,13.1209,-1,0,0,-2,-2,-1,6,2.33,2.33
288039,-2,-2,0,-1,0,0,-2,-2,-1,6,3.45,3.45
63106,1,1,0,-1,0,0,-2,-2,-1,6,1,1
282115,-2,-2,0,-1,0,0,-2,-2,-1,6,3.12,3.12
304468,-2,-2,51.3801,-1,0,0,-2,-2,-1,6,3.15,3.15
300778,0,0,0,-1,0,0,-2,-2,-1,6,3.32,3.32
299815,1,0,43.0199,-1,0,0,-2,-2,-1,6,3.31,3.31
302555,-2,-2,51.3801,-1,0,0,-2,-2,-1,6,2.85,2.85
302910,-2,-2,52.0201,-1,0,0,-2,-2,-1,6,3.33,3.33
302734,0,1,42.0101,-1,0,0,-2,-2,-1,6,1,1
295078,0,0,0,-1,0,0,-2,-2,-1,6,3.21,3.21
266698,-2,-2,52.0201,-1,0,0,-2,-2,-1,6,3.04,3.04
303559,-2,-2,51.3899,-1,0,0,-2,-2,-1,6,3.77,3.77
295755,-2,-2,27.0101,-1,0,0,-2,-2,-1,6,3.28,3.28
304247,0,-2,0,-1,0,0,-2,-2,-1,6,2.8,2.8
302196,-2,-2,52.0201,-1,0,0,-2,-2,-1,6,3.35,3.35
284833,-2,-2,43.0199,-1,0,0,-2,-2,-1,6,4,4
303049,-2,-2,13.1209,-1,0,0,-2,-2,-1,6,2.65,2.65
81733,-2,-2,45.1101,-1,0,0,-2,-2,-1,6,0,0
301618,-2,-2,45.1101,-1,0,0,-2,-2,-1,6,3.85,3.85
304632,0,-2,40.0801,-1,0,0,-2,-2,-1,6,3.46,3.46
304799,-2,-2,51.3801,-1,0,0,-2,-2,-1,6,3.9,3.9
304336,0,1,50.0701,-1,0,0,-2,-2,-1,6,3.51,3.51
304194,-2,-2,51.3801,-1,0,0,-2,-2,-1,6,3.3,3.3
298353,-2,-2,13.1001,-1,0,0,-2,-2,-1,6,3.6,3.6
302645,-2,-2,43.0399,-1,0,0,-2,-2,-1,6,3.67,3.67
304908,-2,-2,43.0199,-1,0,0,-2,-2,-1,6,3.5,3.5
304286,-2,-2,43.0199,-1,0,0,-2,-2,-1,6,3.54,3.54
279675,-1,-1,0,-1,0,0,-2,-2,-1,6,2.17,2.17
299626,-2,-2,50.0701,-1,0,0,-2,-2,-1,6,0.25,0.25
290247,-2,-2,16.0905,-1,0,0,-2,-2,-1,6,2.92,2.92
301406,-2,-2,11.0101,-1,0,0,-2,-2,-1,6,3.14,3.14
277068,-2,-2,26.0101,-1,0,0,-2,-2,-1,6,0,0
303710,-2,-2,51.3801,-1,0,0,-2,-2,-1,6,3.66,3.66
298777,-2,1,0,-1,0,0,-2,-2,-1,6,3.67,3.67
303038,-2,-2,0,-1,0,0,-2,-2,-1,6,3.32,3.32
269219,-2,-2,42.0101,-1,0,0,-2,-2,-1,6,3.25,3.25
267972,-2,-2,51.3801,-1,0,0,-2,-2,-1,6,3.5,3.5
296577,-2,-2,43.0399,-1,0,0,-2,-2,-1,6,4,4
297642,-2,-2,52.0201,-1,0,0,-2,-2,-1,6,3.33,3.33
299018,1,1,42.0101,-1,0,0,-2,-2,-1,6,1.91,1.91
301576,-2,1,0,-1,0,0,-2,-2,-1,6,2.81,2.81
300669,-2,0,0,-1,0,0,-2,-2,-1,6,2.17,2.17
303160,0,1,51,-1,0,0,-2,-2,-1,6,0.33,0.33
300099,-2,1,0,-1,0,0,-2,-2,-1,6,3.56,3.56
299353,-2,1,42.0101,-1,0,0,-2,-2,-1,6,3.23,3.23
295103,0,0,11.0101,-1,0,0,-2,-2,-1,6,1.92,1.92
300961,0,1,50.0901,-1,0,0,-2,-2,-1,6,3.57,3.57
298101,-2,0,0,-1,0,0,-2,-2,-1,6,3.48,3.48
294430,-2,-2,0,-1,0,0,-2,-2,-1,6,3.88,3.88
298598,1,1,50.0701,-1,0,0,-2,-2,-1,6,2.9,2.9
300003,0,1,27.0101,-1,0,0,-2,-2,-1,6,2.5,2.5
297516,1,-2,0,-1,0,0,-2,-2,-1,6,2.96,2.96
298887,0,0,50.0901,-1,0,0,-2,-2,-1,6,1.76,1.76
301934,0,1,13.1202,-1,0,0,-2,-2,-1,6,3.73,3.73
301299,0,1,54.0101,-1,0,0,-2,-2,-1,6,3.3,3.3
300404,-2,1,11.0101,-1,0,0,-2,-2,-1,6,2.66,2.66
302542,1,0,52.0201,-1,0,0,-2,-2,-1,6,3.65,3.65
303136,1,0,0,-1,0,0,-2,-2,-1,6,3.66,3.66
298377,0,1,0,-1,0,0,-2,-2,-1,6,0,0
302003,0,-2,0,-1,0,0,-2,-2,-1,6,2.21,2.21
301485,0,1,0,-1,0,0,-2,-2,-1,6,2.15,2.15
65929,0,0,0,-1,0,0,-2,-2,-1,6,2.8,2.8
304706,0,0,43.0199,-1,0,0,-2,-2,-1,6,3.33,3.33
299945,-2,0,52.0201,-1,0,0,-2,-2,-1,6,1.17,1.17
299457,1,1,0,-1,0,0,-2,-2,-1,6,2.3,2.3
104072,-2,-2,51.3801,-1,0,0,-2,-2,-1,6,3.76,3.76
300394,-2,-2,50.0701,-1,0,0,-2,-2,-1,6,3.15,3.15
292203,-2,-2,51.3899,-1,0,0,-2,-2,-1,6,3.68,3.68
301939,0,1,52.0201,-1,0,0,-2,-2,-1,6,2.84,2.84
303484,-2,-2,51.3899,-1,0,0,-2,-2,-1,6,3.83,3.83
301459,-2,-2,51.3899,-1,0,0,-2,-2,-1,6,3.86,3.86
298387,-2,0,0,-1,0,0,-2,-2,-1,6,2.35,2.35
275039,-2,-2,52.0201,-1,0,0,-2,-2,-1,6,3.86,3.86
303960,-2,-2,51.3801,-1,0,0,-2,-2,-1,6,3,3
295014,-2,-2,45.0601,-1,0,0,-2,-2,-1,6,3.85,3.85
300645,1,0,0,-1,0,0,-2,-2,-1,6,3.7,3.7
298790,-2,-2,0,-1,0,0,-2,-2,-1,6,3.17,3.17
66888,0,1,45.1101,-1,0,0,-2,-2,-1,6,3.61,3.61
301677,-2,-2,51.3801,-1,0,0,-2,-2,-1,6,3.75,3.75
302922,-2,-2,13.1209,-1,0,0,-2,-2,-1,6,4,4
300516,-2,-2,52.0201,-1,0,0,-2,-2,-1,6,4,4
304333,-2,-2,52.0301,-1,0,0,-2,-2,-1,6,4,4
302492,-2,-2,51.3899,-1,0,0,-2,-2,-1,6,3.59,3.59
303040,-2,-2,45.1101,-1,0,0,-2,-2,-1,6,3.6,3.6
302359,-2,-2,45.1101,-1,0,0,-2,-2,-1,6,3.2,3.2
302386,-2,-2,0,-1,0,0,-2,-2,-1,6,2.67,2.67
257223,-2,-2,40.0601,-1,0,0,-2,-2,-1,6,0,0
260184,-2,-2,42.0101,-1,0,0,-2,-2,-1,6,3.42,3.42
296615,-2,-2,50.0901,-1,0,0,-2,-2,-1,6,3.79,3.79
278743,-2,-2,50.0701,-1,0,0,-2,-2,-1,6,3.46,3.46
303025,-2,-2,43.0199,-1,0,0,-2,-2,-1,6,3,3
303761,-2,-2,51.3801,-1,0,0,-2,-2,-1,6,3.65,3.65
301471,-2,-2,52.0201,-1,0,0,-2,-2,-1,6,2.33,2.33
296852,0,1,43.0199,-1,0,0,-2,-2,-1,6,2.22,2.22
303640,-2,-2,51.3801,-1,0,0,-2,-2,-1,6,4,4
298347,1,1,50.0901,-1,0,0,-2,-2,-1,6,3.04,3.04
300504,0,1,0,-1,0,0,-2,-2,-1,6,2.33,2.33
302367,-2,1,42.0101,-1,0,0,-2,-2,-1,6,2.78,2.78
299236,0,1,42.0101,-1,0,0,-2,-2,-1,6,2.46,2.46
300590,0,1,13.1202,-1,0,0,-2,-2,-1,6,3.17,3.17
304702,1,1,0,-1,0,0,-2,-2,-1,6,2.81,2.81
297127,1,0,43.0199,-1,0,0,-2,-2,-1,6,2.75,2.75
299060,-2,-2,0,-1,0,0,-2,-2,-1,6,2.8,2.8
283610,-2,-2,26.0101,-1,0,0,-2,-2,-1,6,3.42,3.42
297136,0,1,0,-1,0,0,-2,-2,-1,6,3.48,3.48
301527,0,1,26.0101,-1,0,0,-2,-2,-1,6,2.4,2.4
304021,0,0,50.0701,-1,0,0,-2,-2,-1,6,1,1
302888,-2,-2,23.0101,-1,0,0,-2,-2,-1,6,2.25,2.25
297780,0,1,43.0199,-1,0,0,-2,-2,-1,6,2.55,2.55
301865,-2,1,52.0301,-1,0,0,-2,-2,-1,6,3.12,3.12
298530,0,1,0,-1,0,0,-2,-2,-1,6,2.77,2.77
295929,-2,-2,0,-1,0,0,-2,-2,-1,6,2.7,2.7
245011,-2,-2,51.3801,-1,0,0,-2,-2,-1,6,1.46,1.46
300612,0,0,52.0301,-1,0,0,-2,-2,-1,6,3.4,3.4
268798,-2,0,52.0201,-1,0,0,-2,-2,-1,6,3.73,3.73
300508,-2,-2,43.0399,-1,0,0,-2,-2,-1,6,3.46,3.46
260509,-2,-2,26.0101,-1,0,0,-2,-2,-1,6,3.4,3.4
302457,0,1,0,-1,0,0,-2,-2,-1,6,3.13,3.13
303787,-2,-2,51.3801,-1,0,0,-2,-2,-1,6,3.85,3.85
301155,1,1,11.0101,-1,0,0,-2,-2,-1,6,3.01,3.01
297044,0,0,0,-1,0,0,-2,-2,-1,6,3.05,3.05
305165,-2,-2,0,-1,0,0,-2,-2,-1,6,0,0
302184,-2,-2,52.0201,-1,0,0,-2,-2,-1,6,3.66,3.66
300515,-2,-2,26.0101,-1,0,0,-2,-2,-1,6,3.21,3.21
299740,-2,-2,52.0301,-1,0,0,-2,-2,-1,6,3.1,3.1
298667,-2,-2,52.0201,-1,0,0,-2,-2,-1,6,4,4
304524,-2,-2,51.3801,-1,0,0,-2,-2,-1,6,4,4
303801,-2,-2,13.1001,-1,0,0,-2,-2,-1,6,2.94,2.94
202068,-2,-2,43.0199,-1,0,0,-2,-2,-1,6,3.16,3.16
80254,0,-2,0,-1,0,0,-2,-2,-1,6,1.15,1.15
301580,-2,-2,51.3899,-1,0,0,-2,-2,-1,6,3.19,3.19
304793,-2,-2,27.0101,-1,0,0,-2,-2,-1,6,4,4
303609,-2,-2,40.0501,-1,0,0,-2,-2,-1,6,2.28,2.28
304614,-2,-2,23.0101,-1,0,0,-2,-2,-1,6,3.66,3.66
287848,-2,-2,52.0201,-1,0,0,-2,-2,-1,6,2.76,2.76
200891,-2,-2,51,-1,0,0,-2,-2,-1,6,3.39,3.39
302255,-2,-2,13.1209,-1,0,0,-2,-2,-1,6,3.46,3.46
259576,-2,-2,13.1209,-1,0,0,-2,-2,-1,6,1.65,1.65
256229,-2,-2,13.1202,-1,0,0,-2,-2,-1,6,3.3,3.3
305235,-1,-1,0,-1,0,0,-2,-2,-1,6,3.55,3.55
302437,1,-2,0,-1,0,0,-2,-2,-1,6,3.9,3.9
297437,-2,-2,9.0101,50.0701,0,0,-2,-2,-1,6,3.76,3.76
254560,-2,-2,9.0101,-1,0,0,-2,-2,-1,6,2.86,2.86
260217,-2,-2,50.0701,-1,0,0,-2,-2,-1,6,0,0
300513,0,1,43.0399,-1,0,0,-2,-2,-1,6,3.24,3.24
302157,-2,-2,43.0203,-1,0,0,-2,-2,-1,6,2.66,2.66
234232,-2,-2,13.1202,-1,0,0,-2,-2,-1,6,3.43,3.43
304143,-2,1,40.0801,-1,0,0,-2,-2,-1,6,4,4
304839,-2,-2,0,-1,0,0,-2,-2,-1,6,4,4
302725,-2,-2,13.1202,-1,0,0,-2,-2,-1,6,3.6,3.6
269721,-2,0,52.0301,-1,0,0,-2,-2,-1,6,2.75,2.75
304245,-2,-2,50.0701,-1,0,0,-2,-2,-1,6,2.75,2.75
293574,-2,-2,43.0399,-1,0,0,-2,-2,-1,6,3.75,3.75
251108,-2,-2,42.0101,-1,0,0,-2,-2,-1,6,4,4
305079,-2,-2,0,-1,0,0,-2,-2,-1,6,3.9,3.9
305409,-1,-1,51,-1,0,0,-2,-2,-1,6,4,4
303127,-2,-2,43.0199,-1,0,0,-2,-2,-1,6,3.57,3.57
276437,-2,-2,43.0199,-1,0,0,-2,-2,-1,6,2.92,2.92
302470,-2,-2,43.0203,-1,0,0,-2,-2,-1,6,3.07,3.07
299563,1,1,0,-1,0,0,-2,-2,-1,6,3.1,3.1
289393,-2,-2,43.0199,-1,0,0,-2,-2,-1,6,3.82,3.82
300686,0,-2,0,-1,0,0,-2,-2,-1,6,2.76,2.76
297245,0,1,0,-1,0,0,-2,-2,-1,6,2.36,2.36
280422,-2,-2,50.0901,-1,0,0,-2,-2,-1,6,3.22,3.22
297361,-2,-2,13.1202,-1,0,0,-2,-2,-1,6,1.43,1.43
302871,-2,-2,50.0701,-1,0,0,-2,-2,-1,6,1.32,1.32
303402,-2,0,0,-1,0,0,-2,-2,-1,6,3.32,3.32
303825,0,1,0,-1,0,0,-2,-2,-1,6,3,3
300725,0,1,50.0901,-1,0,0,-2,-2,-1,6,3.59,3.59
303179,0,0,43.0199,-1,0,0,-2,-2,-1,6,1.85,1.85
299674,0,1,51.3801,-1,0,0,-2,-2,-1,6,3.07,3.07
26367,1,1,0,-1,0,0,-2,-2,-1,6,2.76,2.76
302574,-2,-2,26.0101,-1,0,0,-2,-2,-1,6,3.46,3.46
301300,-2,1,0,-1,0,0,-2,-2,-1,6,3.57,3.57
303046,-2,-2,45.1001,-1,0,0,-2,-2,-1,6,1.07,1.07
295032,-2,-2,43.0399,-1,0,0,-2,-2,-1,6,3.57,3.57
300761,0,0,42.0101,-1,0,0,-2,-2,-1,6,2.42,2.42
296939,1,1,0,-1,0,0,-2,-2,-1,6,2.82,2.82
301588,-2,-2,51.3899,-1,0,0,-2,-2,-1,6,3.45,3.45
277370,-2,-2,51.3801,-1,0,0,-2,-2,-1,6,3.46,3.46
305145,-2,0,52.0801,-1,0,0,-2,-2,-1,6,3.66,3.66
288617,-2,-2,13.1202,-1,0,0,-2,-2,-1,6,3.5,3.5
304692,-2,-2,45.1101,-1,0,0,-2,-2,-1,6,2.75,2.75
303410,-2,-2,51.3801,-1,0,0,-2,-2,-1,6,2.86,2.86
271944,-2,-2,23.0101,13.1209,0,0,-2,-2,-1,6,1.42,1.42
74496,0,1,0,-1,0,0,-2,-2,-1,6,0,0
304586,-2,-2,0,-1,0,0,-2,-2,-1,6,3.5,3.5
296821,-2,-2,52.0801,-1,0,0,-2,-2,-1,6,3.7,3.7
302227,-2,-2,13.1209,-1,0,0,-2,-2,-1,6,2.52,2.52
303496,-2,-2,51.3899,-1,0,0,-2,-2,-1,6,3.91,3.91
302175,-2,-2,42.0101,-1,0,0,-2,-2,-1,6,0,0
296361,-2,-2,45.0601,-1,0,0,-2,-2,-1,6,2.5,2.5
254321,-2,-2,52.0801,-1,0,0,-2,-2,-1,6,3.94,3.94
303763,-2,-2,51.3801,-1,0,0,-2,-2,-1,6,3.85,3.85
94629,-2,-2,0,-1,0,0,-2,-2,-1,6,4,4
300623,-2,-2,51.3899,-1,0,0,-2,-2,-1,6,3.75,3.75
275814,-2,-2,52.0201,-1,0,0,-2,-2,-1,6,1.85,1.85
304714,-2,-2,43.0399,-1,0,0,-2,-2,-1,6,3.9,3.9
302489,-2,-2,51.3899,-1,0,0,-2,-2,-1,6,3.76,3.76
303353,-2,-2,52.1401,-1,0,0,-2,-2,-1,6,3.42,3.42
302327,-2,-2,13.1202,-1,0,0,-2,-2,-1,6,3.75,3.75
303251,-2,-2,45.1101,-1,0,0,-2,-2,-1,6,2.42,2.42
302375,0,1,0,-1,0,0,-2,-2,-1,6,2,2
302767,-2,-2,43.0199,-1,0,0,-2,-2,-1,6,3.4,3.4
297069,0,1,0,-1,0,0,-2,-2,-1,6,3.88,3.88
262406,0,0,43.0199,-1,0,0,-2,-2,-1,6,2.4,2.4
300371,-2,1,43.0203,-1,0,0,-2,-2,-1,6,2.85,2.85
301018,0,1,0,-1,0,0,-2,-2,-1,6,3.35,3.35
297640,1,1,50.0701,-1,0,0,-2,-2,-1,6,1.96,1.96
301041,1,1,0,-1,0,0,-2,-2,-1,6,2.9,2.9
299821,0,1,0,-1,0,0,-2,-2,-1,6,3.21,3.21
298991,-2,1,0,-1,0,0,-2,-2,-1,6,3.26,3.26
297242,-2,-2,13.1001,-1,0,0,-2,-2,-1,6,3.79,3.79
300747,1,1,0,-1,0,0,-2,-2,-1,6,1.83,1.83
82611,-2,1,0,-1,0,0,-2,-2,-1,6,2.8,2.8
304729,1,0,0,-1,0,0,-2,-2,-1,6,1.56,1.56
301796,0,1,0,-1,0,0,-2,-2,-1,6,0,0
301773,0,0,0,-1,0,0,-2,-2,-1,6,2.42,2.42
303142,0,-2,50.0901,-1,0,0,-2,-2,-1,6,2.78,2.78
296834,1,-2,13.1209,-1,0,0,-2,-2,-1,6,3.55,3.55
301170,1,0,0,-1,0,0,-2,-2,-1,6,2.8,2.8
298302,0,0,13.1209,-1,0,0,-2,-2,-1,6,3.14,3.14
300325,0,1,0,-1,0,0,-2,-2,-1,6,2.57,2.57
298939,0,0,26.0101,-1,0,0,-2,-2,-1,6,2.4,2.4
296778,-2,1,0,-1,0,0,-2,-2,-1,6,3.13,3.13
124131,0,1,26.0101,-1,0,0,-2,-2,-1,6,1.93,1.93
301643,0,-2,0,-1,0,0,-2,-2,-1,6,0,0
298341,0,1,0,-1,0,0,-2,-2,-1,6,1.7,1.7
297141,0,1,26.0101,-1,0,0,-2,-2,-1,6,2.4,2.4
301173,0,1,50.0701,-1,0,0,-2,-2,-1,6,2.48,2.48
303964,-2,-2,0,-1,0,0,-2,-2,-1,6,2.15,2.15
305152,-2,-2,13.1209,-1,0,0,-2,-2,-1,6,4,4
301476,0,0,0,-1,0,0,-2,-2,-1,6,3.6,3.6
300684,1,0,0,-1,0,0,-2,-2,-1,6,2.23,2.23
295062,-2,-2,9.0101,-1,0,0,-2,-2,-1,6,2.92,2.92
298502,-2,1,0,-1,0,0,-2,-2,-1,6,3.87,3.87
300028,-2,0,11.0101,-1,0,0,-2,-2,-1,6,3.67,3.67
304688,-2,-2,0,-1,0,0,-2,-2,-1,6,2.53,2.53
300401,-2,-2,50.0701,-1,0,0,-2,-2,-1,6,3.57,3.57
299125,1,0,11.0101,-1,0,0,-2,-2,-1,6,2.04,2.04
302387,-2,-2,13.1202,-1,0,0,-2,-2,-1,6,3.32,3.32
298444,-2,-2,0,-1,0,0,-2,-2,-1,6,3.46,3.46
297110,0,1,11.0101,-1,0,0,-2,-2,-1,6,0,0
142803,-2,-2,52.0301,-1,0,0,-2,-2,-1,6,3.01,3.01
305184,-2,-2,52.0201,-1,0,0,-2,-2,-1,6,4,4
295535,-2,-2,13.1209,-1,0,0,-2,-2,-1,6,3.85,3.85
303800,-2,-2,51.3801,-1,0,0,-2,-2,-1,6,4,4
302245,-2,-2,45.1101,-1,0,0,-2,-2,-1,6,1.88,1.88
105041,-2,-2,52.0201,-1,0,0,-2,-2,-1,6,2.35,2.35
302751,-2,-2,43.0399,-1,0,0,-2,-2,-1,6,3.65,3.65
304141,-2,-2,52.0301,-1,0,0,-2,-2,-1,6,4,4
274614,-2,-2,45.1001,-1,0,0,-2,-2,-1,6,3.5,3.5
301477,-2,-2,23.0101,13.1202,0,0,-2,-2,-1,6,3.05,3.05
301107,0,0,0,-1,0,0,-2,-2,-1,6,4,4
261949,-2,-2,13.1209,-1,0,0,-2,-2,-1,6,3.29,3.29
301972,-2,-2,52.1401,-1,0,0,-2,-2,-1,6,2.57,2.57
304938,-2,-2,43.0199,-1,0,0,-2,-2,-1,6,2.07,2.07
303972,-2,-2,13.1209,-1,0,0,-2,-2,-1,6,2.76,2.76
269527,-2,-2,40.0601,-1,0,0,-2,-2,-1,6,0,0
303019,-2,-2,11.0101,-1,0,0,-2,-2,-1,6,0.33,0.33
260054,-2,-2,52.0301,-1,0,0,-2,-2,-1,6,2.86,2.86
305300,-2,-2,0,-1,0,0,-2,-2,-1,6,4,4
302064,-2,-2,42.0101,-1,0,0,-2,-2,-1,6,2.8,2.8
275892,-2,-2,43.0199,-1,0,0,-2,-2,-1,6,3.8,3.8
298656,-2,-2,27.0101,-1,0,0,-2,-2,-1,6,3.6,3.6
302863,1,1,0,-1,0,0,-2,-2,-1,6,2.17,2.17
303185,-2,-2,50.0901,-1,0,0,-2,-2,-1,6,2.52,2.52
300505,-2,-2,45.1101,-1,0,0,-2,-2,-1,6,2.17,2.17
298552,1,-2,52.0301,-1,0,0,-2,-2,-1,6,3.6,3.6
290916,-2,-2,45.1101,-1,0,0,-2,-2,-1,6,4,4
303146,0,-2,45.1001,-1,0,0,-2,-2,-1,6,3,3
296535,0,-2,0,-1,0,0,-2,-2,-1,6,0.67,0.67
75962,-2,-2,23.0101,13.1202,0,0,-2,-2,-1,6,3,3
252843,-2,-2,43.0399,-1,0,0,-2,-2,-1,6,3.67,3.67
301177,-2,-2,0,-1,0,0,-2,-2,-1,6,2.05,2.05
300080,0,1,13.1202,-1,0,0,-2,-2,-1,6,3.43,3.43
251689,-2,-2,0,-1,0,0,-2,-2,-1,6,3.85,3.85
298539,0,1,0,-1,0,0,-2,-2,-1,6,2.81,2.81
298617,1,1,52.0301,-1,0,0,-2,-2,-1,6,2.35,2.35
302848,0,1,0,-1,0,0,-2,-2,-1,6,2,2
296530,1,1,0,-1,0,0,-2,-2,-1,6,2.06,2.06
300990,0,1,23.0101,-1,0,0,-2,-2,-1,6,2.36,2.36
298918,0,1,43.0199,-1,0,0,-2,-2,-1,6,3.2,3.2
300763,-2,1,40.0601,-1,0,0,-2,-2,-1,6,3.91,3.91
297379,0,1,0,-1,0,0,-2,-2,-1,6,2.48,2.48
299819,1,0,42.0101,-1,0,0,-2,-2,-1,6,3.58,3.58
299220,0,1,0,-1,0,0,-2,-2,-1,6,3.55,3.55
305248,0,0,0,-1,0,0,-2,-2,-1,6,3.32,3.32
297873,0,0,13.1209,-1,0,0,-2,-2,-1,6,3.88,3.88
296863,-2,1,0,-1,0,0,-2,-2,-1,6,3.41,3.41
300248,0,1,0,-1,0,0,-2,-2,-1,6,1.45,1.45
296922,0,1,0,-1,0,0,-2,-2,-1,6,2.2,2.2
303164,0,-2,9.0101,-1,0,0,-2,-2,-1,6,3.28,3.28
304596,-2,-2,52.0801,-1,0,0,-2,-2,-1,6,3.35,3.35
303854,-2,0,0,-1,0,0,-2,-2,-1,6,3.78,3.78
304749,-2,-2,11.0101,-1,0,0,-2,-2,-1,6,0,0
244494,-2,-2,0,-1,0,0,-2,-2,-1,6,2,2
304755,-2,-2,51.3801,-1,0,0,-2,-2,-1,6,2.8,2.8
303011,1,1,26.0101,-1,0,0,-2,-2,-1,6,3.37,3.37
300539,0,1,50.0701,-1,0,0,-2,-2,-1,6,0.82,0.82
300656,0,0,0,-1,0,0,-2,-2,-1,6,2.78,2.78
301626,-2,-2,52.0301,-1,0,0,-2,-2,-1,6,2.65,2.65
300330,1,0,0,-1,0,0,-2,-2,-1,6,3.88,3.88
270397,-2,-2,43.0199,-1,0,0,-2,-2,-1,6,3.46,3.46
305245,-2,-2,40.0501,-1,0,0,-2,-2,-1,6,3.87,3.87
305045,0,-2,0,-1,0,0,-2,-2,-1,6,3.75,3.75
303968,-2,-2,0,-1,0,0,-2,-2,-1,6,3.27,3.27
296684,-2,-2,0,-1,0,0,-2,-2,-1,6,2.4,2.4
303959,-2,-2,52.0201,-1,0,0,-2,-2,-1,6,2.57,2.57
296605,-2,-2,0,-1,0,0,-2,-2,-1,6,2.3,2.3
302594,-2,-2,13.1209,-1,0,0,-2,-2,-1,6,2.8,2.8
302380,-2,-2,45.1101,-1,0,0,-2,-2,-1,6,2.57,2.57
295631,-2,-2,43.0203,-1,0,0,-2,-2,-1,6,2,2
26846,-2,-2,52.0301,-1,0,0,-2,-2,-1,6,3.4,3.4
304744,-2,-2,26.0101,-1,0,0,-2,-2,-1,6,4,4
304818,-2,-2,13.1202,-1,0,0,-2,-2,-1,6,1,1
75173,-2,-2,0,-1,0,0,-2,-2,-1,6,4,4
302462,-2,-2,52.0301,-1,0,0,-2,-2,-1,6,3.85,3.85
286120,0,0,0,-1,0,0,-2,-2,-1,6,0,0
301536,-2,-2,52.1401,-1,0,0,-2,-2,-1,6,3.57,3.57
297633,-2,-2,43.0399,-1,0,0,-2,-2,-1,6,4,4
105566,-2,-2,16.0905,-1,0,0,-2,-2,-1,6,3.61,3.61
303432,-2,-2,52.0201,-1,0,0,-2,-2,-1,6,3.3,3.3
305343,-2,-2,40.0501,-1,0,0,-2,-2,-1,6,1.38,1.38
270653,0,-2,50.0701,-1,0,0,-2,-2,-1,6,1.8,1.8
295881,-2,-2,45.1101,-1,0,0,-2,-2,-1,6,3.76,3.76
302746,0,-2,42.0101,-1,0,0,-2,-2,-1,6,3.05,3.05
302712,-2,-2,43.0399,-1,0,0,-2,-2,-1,6,3.94,3.94
301181,-2,-2,45.1101,-1,0,0,-2,-2,-1,6,1.46,1.46
301315,0,1,0,-1,0,0,-2,-2,-1,6,0.58,0.58
302129,-2,-2,54.0101,13.1202,0,0,-2,-2,-1,6,3.67,3.67
277749,-1,-1,51.3801,-1,0,0,-2,-2,-1,6,0,0
300762,-2,-2,26.0101,-1,0,0,-2,-2,-1,6,2.86,2.86
298783,0,-2,0,-1,0,0,-2,-2,-1,6,2.89,2.89
303052,-2,-2,43.0203,-1,0,0,-2,-2,-1,6,3.88,3.88
287254,-2,-2,0,-1,0,0,-2,-2,-1,6,3.88,3.88
295121,1,1,42.0101,-1,0,0,-2,-2,-1,6,2.63,2.63
298321,0,1,52.0201,-1,0,0,-2,-2,-1,6,0,0
299703,1,1,13.1202,-1,0,0,-2,-2,-1,6,2.7,2.7
301335,0,1,43.0399,-1,0,0,-2,-2,-1,6,3.3,3.3
296724,0,1,0,-1,0,0,-2,-2,-1,6,2.07,2.07
303569,0,0,0,-1,0,0,-2,-2,-1,6,2.66,2.66
301645,0,1,52.0301,-1,0,0,-2,-2,-1,6,3.05,3.05
26404,0,1,50.0901,-1,0,0,-2,-2,-1,6,2.65,2.65
296930,-2,-2,0,-1,0,0,-2,-2,-1,6,3.14,3.14
283826,-2,-2,52.0201,-1,0,0,-2,-2,-1,6,3,3
257481,-2,-2,0,-1,0,0,-2,-2,-1,6,2,2
201610,-2,-2,13.1209,-1,0,0,-2,-2,-1,6,2.6,2.6
289603,0,-2,43.0199,-1,0,0,-2,-2,-1,6,3.1,3.1
298913,-2,0,0,-1,0,0,-2,-2,-1,6,3.82,3.82
300369,-2,-2,51.3899,-1,0,0,-2,-2,-1,6,3.45,3.45
297137,1,0,0,-1,0,0,-2,-2,-1,6,3.35,3.35
304322,-2,-2,51.3801,-1,0,0,-2,-2,-1,6,3.11,3.11
304664,-2,-2,43.0199,-1,0,0,-2,-2,-1,6,3.4,3.4
300254,-2,-2,23.0101,-1,0,0,-2,-2,-1,6,3.5,3.5
304434,-2,-2,40.0801,-1,0,0,-2,-2,-1,6,2.9,2.9
304795,-2,-2,0,-1,0,0,-2,-2,-1,6,3.3,3.3
304650,-2,-2,51.3801,-1,0,0,-2,-2,-1,6,2.25,2.25
303021,-2,-2,52.0301,-1,0,0,-2,-2,-1,6,3.6,3.6
301581,-2,-2,51.3899,-1,0,0,-2,-2,-1,6,3.63,3.63
87767,-2,-2,43.0399,-1,0,0,-2,-2,-1,6,3.46,3.46
286044,-2,-2,52.0201,52.1401,0,0,-2,-2,-1,6,3.5,3.5
304160,-2,-2,43.0399,-1,0,0,-2,-2,-1,6,4,4
304220,-2,-2,27.0101,-1,0,0,-2,-2,-1,6,3.2,3.2
304254,-2,-2,51.3801,-1,0,0,-2,-2,-1,6,3.85,3.85
295159,-2,-2,43.0399,-1,0,0,-2,-2,-1,6,3.52,3.52
267004,-2,-2,45.1101,-1,0,0,-2,-2,-1,6,3.25,3.25
302940,-2,-2,13.1209,-1,0,0,-2,-2,-1,6,3,3
303810,-2,-2,51.3899,-1,0,0,-2,-2,-1,6,3.77,3.77
302844,-2,-2,9.0101,-1,0,0,-2,-2,-1,6,2.82,2.82
105953,-2,-2,0,-1,0,0,-2,-2,-1,6,2.75,2.75
300754,-2,-2,50.0701,-1,0,0,-2,-2,-1,6,3.07,3.07
305167,-2,-2,52.0201,-1,0,0,-2,-2,-1,6,3.92,3.92
305117,-2,-2,43.0399,-1,0,0,-2,-2,-1,6,3.92,3.92
303073,-2,1,0,-1,0,0,-2,-2,-1,6,3.17,3.17
294314,0,0,52.0301,-1,0,0,-2,-2,-1,6,0,0
304846,-2,-2,43.0199,-1,0,0,-2,-2,-1,6,2.86,2.86
289237,-2,-2,50.0701,-1,0,0,-2,-2,-1,6,3.06,3.06
301030,1,0,0,-1,0,0,-2,-2,-1,6,3.08,3.08
298435,0,1,0,-1,0,0,-2,-2,-1,6,1.7,1.7
299887,0,1,13.1202,-1,0,0,-2,-2,-1,6,3.63,3.63
302475,0,1,0,-1,0,0,-2,-2,-1,6,3,3
302536,1,1,45.1001,-1,0,0,-2,-2,-1,6,2.76,2.76
299154,0,1,0,-1,0,0,-2,-2,-1,6,3.5,3.5
300676,0,1,43.0199,-1,0,0,-2,-2,-1,6,0.85,0.85
298947,-2,-2,0,-1,0,0,-2,-2,-1,6,2.46,2.46
300403,0,1,43.0199,-1,0,0,-2,-2,-1,6,1.88,1.88
304598,0,1,0,-1,0,0,-2,-2,-1,6,2.5,2.5
295129,-2,0,0,-1,0,0,-2,-2,-1,6,2.82,2.82
297122,-2,1,26.0101,-1,0,0,-2,-2,-1,6,2.13,2.13
296322,1,1,50.0701,-1,0,0,-2,-2,-1,6,3.62,3.62
299380,1,-2,42.0101,-1,0,0,-2,-2,-1,6,1.79,1.79
300912,1,1,11.0101,-1,0,0,-2,-2,-1,6,2.95,2.95
298447,-2,1,52.0201,-1,0,0,-2,-2,-1,6,0.25,0.25
300827,1,1,0,-1,0,0,-2,-2,-1,6,3.21,3.21
303316,0,0,13.1202,-1,0,0,-2,-2,-1,6,2.56,2.56
297690,-2,-2,50.0701,-1,0,0,-2,-2,-1,6,3.68,3.68
302391,0,1,0,-1,0,0,-2,-2,-1,6,0.5,0.5
303222,-2,1,0,-1,0,0,-2,-2,-1,6,3.35,3.35
301720,0,1,45.1101,-1,0,0,-2,-2,-1,6,2.95,2.95
300614,0,1,0,-1,0,0,-2,-2,-1,6,2.94,2.94
299593,-2,-2,27.0101,-1,0,0,-2,-2,-1,6,3.07,3.07
300411,1,1,13.1202,-1,0,0,-2,-2,-1,6,3.66,3.66
298863,1,1,43.0199,-1,0,0,-2,-2,-1,6,1.25,1.25
301175,1,1,42.0101,-1,0,0,-2,-2,-1,6,2.1,2.1
298481,-2,0,43.0203,-1,0,0,-2,-2,-1,6,3.33,3.33
303874,-2,-2,51.3899,-1,0,0,-2,-2,-1,6,3.71,3.71
297092,1,-2,0,-1,0,0,-2,-2,-1,6,3.03,3.03
298701,0,-2,0,-1,0,0,-2,-2,-1,6,1,1
303017,-2,-2,45.1101,-1,0,0,-2,-2,-1,6,3.75,3.75
290395,-2,-2,13.1209,-1,0,0,-2,-2,-1,6,0,0
297312,-2,1,42.0101,-1,0,0,-2,-2,-1,6,3.31,3.31
304128,-2,-2,52.0301,-1,0,0,-2,-2,-1,6,3.9,3.9
303991,-2,-2,26.0101,-1,0,0,-2,-2,-1,6,0,0
298080,0,1,43.0199,-1,0,0,-2,-2,-1,6,0,0
303064,-2,-2,45.1101,-1,0,0,-2,-2,-1,6,3.66,3.66
305480,-2,-2,51.3801,-1,0,0,-2,-2,-1,6,4,4
301594,-2,-2,51.3899,-1,0,0,-2,-2,-1,6,3.67,3.67
298028,-2,-2,43.0399,-1,0,0,-2,-2,-1,6,3.94,3.94
32175,0,-2,42.0101,-1,0,0,-2,-2,-1,6,3.3,3.3
304807,-2,-2,13.1209,-1,0,0,-2,-2,-1,6,2.06,2.06
303069,-2,-2,51.3899,-1,0,0,-2,-2,-1,6,3.91,3.91
237917,-2,-2,43.0199,-1,0,0,-2,-2,-1,6,3.66,3.66
283300,-1,-1,51.3899,-1,0,0,-2,-2,-1,6,3.7,3.7
304844,-2,-2,23.0101,-1,0,0,-2,-2,-1,6,3.5,3.5
302646,1,1,52.0201,-1,0,0,-2,-2,-1,6,3.5,3.5
298259,-2,-2,0,-1,0,0,-2,-2,-1,6,2.71,2.71
302230,-2,-2,45.1001,-1,0,0,-2,-2,-1,6,3.9,3.9
305098,-2,-2,13.1209,-1,0,0,-2,-2,-1,6,3.7,3.7
305100,-2,-2,13.1202,-1,0,0,-2,-2,-1,6,2.92,2.92
266794,0,0,43.0199,-1,0,0,-2,-2,-1,6,3,3
302466,-2,-2,52.0301,-1,0,0,-2,-2,-1,6,3.56,3.56
271550,-2,-2,50.0701,-1,0,0,-2,-2,-1,6,3.35,3.35
94603,-2,-2,54.0101,-1,0,0,-2,-2,-1,6,3.34,3.34
296025,-2,-2,43.0199,-1,0,0,-2,-2,-1,6,2.15,2.15
303298,-2,-2,43.0199,-1,0,0,-2,-2,-1,6,2.4,2.4
301563,-2,-2,43.0199,-1,0,0,-2,-2,-1,6,2.77,2.77
276413,0,1,0,-1,0,0,-2,-2,-1,6,3.92,3.92
124396,-2,0,50.0901,-1,0,0,-2,-2,-1,6,3.88,3.88
305093,-2,-2,26.0101,-1,0,0,-2,-2,-1,6,3.63,3.63
300658,-2,1,27.0101,-1,0,0,-2,-2,-1,6,1.61,1.61
300441,1,1,43.0199,-1,0,0,-2,-2,-1,6,0.83,0.83
302796,0,1,11.0101,-1,0,0,-2,-2,-1,6,2.91,2.91
301898,0,1,13.1209,-1,0,0,-2,-2,-1,6,3.22,3.22
303229,0,0,52.0201,-1,0,0,-2,-2,-1,6,0,0
303306,0,-2,23.0101,-1,0,0,-2,-2,-1,6,3.77,3.77
298593,0,1,45.1001,-1,0,0,-2,-2,-1,6,1.66,1.66
297394,0,1,0,-1,0,0,-2,-2,-1,6,3.03,3.03
297468,1,1,0,-1,0,0,-2,-2,-1,6,3.11,3.11
302067,0,0,26.0101,-1,0,0,-2,-2,-1,6,3.67,3.67
300925,1,1,0,-1,0,0,-2,-2,-1,6,3.75,3.75
302453,-2,1,52.0301,-1,0,0,-2,-2,-1,6,2.32,2.32
301426,0,1,52.1401,-1,0,0,-2,-2,-1,6,2.46,2.46
298927,-2,1,45.1001,-1,0,0,-2,-2,-1,6,0,0
297227,1,0,43.0199,-1,0,0,-2,-2,-1,6,3.7,3.7
303433,-2,-2,51.3801,-1,0,0,-2,-2,-1,6,3,3
299559,0,0,0,-1,0,0,-2,-2,-1,6,2.84,2.84
302721,-2,-2,13.1209,-1,0,0,-2,-2,-1,6,3.46,3.46
302802,-2,-2,13.1202,-1,0,0,-2,-2,-1,6,3.85,3.85
302056,-2,-2,52.0801,-1,0,0,-2,-2,-1,6,3,3
282184,-2,-2,0,-1,0,0,-2,-2,-1,6,3.06,3.06
252768,0,-2,52.0201,-1,0,0,-2,-2,-1,6,3.25,3.25
297270,-2,-2,52.0201,-1,0,0,-2,-2,-1,6,4,4
300920,1,0,0,-1,0,0,-2,-2,-1,6,3.22,3.22
300013,1,1,13.1202,-1,0,0,-2,-2,-1,6,3.4,3.4
304457,-2,-2,0,-1,0,0,-2,-2,-1,6,3,3
300963,-2,-2,52.0301,-1,0,0,-2,-2,-1,6,3.67,3.67
297427,-2,-2,13.1209,-1,0,0,-2,-2,-1,6,3.82,3.82
291319,-2,-2,52.0201,-1,0,0,-2,-2,-1,6,3.42,3.42
282953,-2,-2,0,-1,0,0,-2,-2,-1,6,3.2,3.2
55512,-2,-2,0,-1,0,0,-2,-2,-1,6,1.26,1.26
260614,-2,-2,0,-1,0,0,-2,-2,-1,6,2,2
303699,-2,-2,51.3801,-1,0,0,-2,-2,-1,6,3.85,3.85
300501,-2,-2,52.0201,-1,0,0,-2,-2,-1,6,3,3
296619,-2,-2,51,-1,0,0,-2,-2,-1,6,4,4
298583,-2,-2,51.3899,-1,0,0,-2,-2,-1,6,3.91,3.91
304941,-1,-1,51,-1,0,0,-2,-2,-1,6,3.7,3.7
303066,-2,-2,43.0199,-1,0,0,-2,-2,-1,6,3.32,3.32
301585,-2,-2,51.3899,-1,0,0,-2,-2,-1,6,3.94,3.94
300873,-2,-2,13.1209,45.1101,0,0,-2,-2,-1,6,1.84,1.84
294836,-2,-2,45.0601,-1,0,0,-2,-2,-1,6,3.9,3.9
301605,-2,-2,51.3899,-1,0,0,-2,-2,-1,6,3.86,3.86
252169,-2,-2,51,-1,0,0,-2,-2,-1,6,3.67,3.67
302463,-2,-2,52.0201,-1,0,0,-2,-2,-1,6,3.2,3.2
304936,-2,-2,52.0201,-1,0,0,-2,-2,-1,6,2.43,2.43
303427,-2,-2,52.0201,-1,0,0,-2,-2,-1,6,2.23,2.23
269304,-2,-2,42.0101,-1,0,0,-2,-2,-1,6,1.5,1.5
303048,-2,-2,42.0101,-1,0,0,-2,-2,-1,6,2.48,2.48
302820,-2,-2,45.1101,-1,0,0,-2,-2,-1,6,3.27,3.27
303768,0,0,52.0201,-1,0,0,-2,-2,-1,6,1.57,1.57
274646,-2,-2,51,-1,0,0,-2,-2,-1,6,3.74,3.74
300580,-2,-2,13.1209,-1,0,0,-2,-2,-1,6,3.66,3.66
301467,-2,-2,43.0199,-1,0,0,-2,-2,-1,6,3.67,3.67
302787,-2,-2,43.0399,-1,0,0,-2,-2,-1,6,4,4
302287,0,1,0,-1,0,0,-2,-2,-1,6,0,0
304699,1,-2,52.0201,-1,0,0,-2,-2,-1,6,0,0
295144,0,1,43.0199,-1,0,0,-2,-2,-1,6,1.68,1.68
299374,0,0,0,-1,0,0,-2,-2,-1,6,3.76,3.76
300226,0,1,45.0601,-1,0,0,-2,-2,-1,6,0,0
300921,1,0,0,-1,0,0,-2,-2,-1,6,0,0
301049,0,0,0,-1,0,0,-2,-2,-1,6,3.15,3.15
296829,0,1,42.0101,-1,0,0,-2,-2,-1,6,3.55,3.55
296541,1,1,0,-1,0,0,-2,-2,-1,6,2.53,2.53
298491,1,1,54.0101,-1,0,0,-2,-2,-1,6,2.91,2.91
300688,0,1,43.0199,-1,0,0,-2,-2,-1,6,3.2,3.2
302456,1,1,52.0201,-1,0,0,-2,-2,-1,6,0.95,0.95
298678,1,0,0,-1,0,0,-2,-2,-1,6,2.95,2.95
249729,-2,-2,0,-1,0,0,-2,-2,-1,6,3.02,3.02
300737,0,1,0,-1,0,0,-2,-2,-1,6,1.76,1.76
304584,-2,-2,26.0101,-1,0,0,-2,-2,-1,6,4,4
259201,-2,-2,0,-1,0,0,-2,-2,-1,6,3,3
296944,1,0,0,-1,0,0,-2,-2,-1,6,2.73,2.73
298551,-2,0,50.0901,-1,0,0,-2,-2,-1,6,3.29,3.29
299857,1,0,0,-1,0,0,-2,-2,-1,6,3.61,3.61
298744,-2,-2,13.1209,-1,0,0,-2,-2,-1,6,3.76,3.76
285433,-2,-2,50.0701,-1,0,0,-2,-2,-1,6,2.02,2.02
300644,1,-2,0,-1,0,0,-2,-2,-1,6,3.07,3.07
303226,-2,-2,23.0101,-1,0,0,-2,-2,-1,6,1.85,1.85
301092,0,1,52.0801,-1,0,0,-2,-2,-1,6,3.3,3.3
286398,-2,-2,13.1202,-1,0,0,-2,-2,-1,6,2,2
305293,-2,-2,0,-1,0,0,-2,-2,-1,6,1.65,1.65
302748,-2,-2,42.0101,-1,0,0,-2,-2,-1,6,3.28,3.28
299663,-2,-2,42.0101,-1,0,0,-2,-2,-1,6,3.23,3.23
304538,-2,-2,13.1202,-1,0,0,-2,-2,-1,6,3.17,3.17
301089,0,1,43.0203,-1,0,0,-2,-2,-1,6,2.85,2.85
294860,-2,-2,51.3899,-1,0,0,-2,-2,-1,6,3.13,3.13
304418,-2,-2,0,-1,0,0,-2,-2,-1,6,4,4
271780,-2,-2,52.1401,-1,0,0,-2,-2,-1,6,2.47,2.47
304579,-2,-2,23.0101,-1,0,0,-2,-2,-1,6,3.5,3.5
259126,-2,-2,13.1202,-1,0,0,-2,-2,-1,6,3.25,3.25
261317,0,1,0,-1,0,0,-2,-2,-1,6,2.65,2.65
298474,-2,-2,52.1401,-1,0,0,-2,-2,-1,6,2.7,2.7
287831,-2,-2,43.0199,-1,0,0,-2,-2,-1,6,2.67,2.67
303859,-2,-2,43.0399,-1,0,0,-2,-2,-1,6,3.75,3.75
66715,-2,-2,43.0399,-1,0,0,-2,-2,-1,6,0.75,0.75
203782,-2,-2,45.1001,-1,0,0,-2,-2,-1,6,4,4
268094,0,0,52.0201,-1,0,0,-2,-2,-1,6,3.07,3.07
303075,-2,-2,23.0101,-1,0,0,-2,-2,-1,6,1.75,1.75
268718,-2,-2,42.0101,-1,0,0,-2,-2,-1,6,2,2
303085,-2,-2,50.0901,-1,0,0,-2,-2,-1,6,3.15,3.15
303961,-2,-2,52.0201,-1,0,0,-2,-2,-1,6,1.9,1.9
266863,0,1,0,-1,0,0,-2,-2,-1,6,3.7,3.7
297737,-2,-2,43.0399,-1,0,0,-2,-2,-1,6,3.92,3.92
271165,0,0,42.0101,-1,0,0,-2,-2,-1,6,3.5,3.5
302319,-2,-2,52.0301,-1,0,0,-2,-2,-1,6,2.9,2.9
280646,-2,-2,23.0101,-1,0,0,-2,-2,-1,6,3.22,3.22
296168,-2,-2,13.1202,-1,0,0,-2,-2,-1,6,3.92,3.92
302523,-2,-2,43.0399,-1,0,0,-2,-2,-1,6,4,4
271943,-2,-2,43.0199,-1,0,0,-2,-2,-1,6,2,2
299413,-2,-2,42.0101,-1,0,0,-2,-2,-1,6,2,2
299556,0,1,0,-1,0,0,-2,-2,-1,6,3.48,3.48
299023,0,1,43.0199,-1,0,0,-2,-2,-1,6,0.5,0.5
299379,0,1,23.0101,-1,0,0,-2,-2,-1,6,3.61,3.61
297002,0,0,0,-1,0,0,-2,-2,-1,6,3.28,3.28
296712,0,0,50.0903,50.0901,0,0,-2,-2,-1,6,3.57,3.57
298287,-2,1,0,-1,0,0,-2,-2,-1,6,3.34,3.34
299587,1,1,51.3801,-1,0,0,-2,-2,-1,6,1,1
299193,0,1,13.1209,-1,0,0,-2,-2,-1,6,2.8,2.8
300288,1,0,50.0701,-1,0,0,-2,-2,-1,6,2.43,2.43
303139,0,1,0,-1,0,0,-2,-2,-1,6,3.15,3.15
297466,1,1,52.0301,-1,0,0,-2,-2,-1,6,2.88,2.88
301004,1,-2,0,-1,0,0,-2,-2,-1,6,2.66,2.66
292982,-2,-2,43.0203,-1,0,0,-2,-2,-1,6,4,4
296711,1,0,0,-1,0,0,-2,-2,-1,6,3.5,3.5
299472,-2,1,42.0101,-1,0,0,-2,-2,-1,6,1.54,1.54
299787,1,1,13.1202,-1,0,0,-2,-2,-1,6,2.82,2.82
298152,0,1,45.1101,-1,0,0,-2,-2,-1,6,2.05,2.05
299409,0,1,26.0101,-1,0,0,-2,-2,-1,6,0,0
63322,1,1,43.0199,-1,0,0,-2,-2,-1,6,2.7,2.7
298695,0,0,0,-1,0,0,-2,-2,-1,6,3.08,3.08
283660,0,-2,52.0201,-1,0,0,-2,-2,-1,6,2.05,2.05
299370,0,0,13.1209,-1,0,0,-2,-2,-1,6,2.82,2.82
296867,1,1,0,-1,0,0,-2,-2,-1,6,2.88,2.88
297527,0,1,0,-1,0,0,-2,-2,-1,6,3.35,3.35
304935,-2,-2,50.0901,-1,0,0,-2,-2,-1,6,3.58,3.58
305094,-2,1,0,-1,0,0,-2,-2,-1,6,2,2
302362,0,1,26.0101,-1,0,0,-2,-2,-1,6,2.3,2.3
299736,1,0,11.0101,-1,0,0,-2,-2,-1,6,3.56,3.56
298978,1,-2,9.0101,-1,0,0,-2,-2,-1,6,3.38,3.38
301929,0,0,13.1209,-1,0,0,-2,-2,-1,6,2.97,2.97
304450,0,1,40.0801,-1,0,0,-2,-2,-1,6,2.05,2.05
297566,0,-2,23.0101,-1,0,0,-2,-2,-1,6,3.57,3.57
297213,0,-2,50.0701,-1,0,0,-2,-2,-1,6,4,4
303141,-2,1,0,-1,0,0,-2,-2,-1,6,2.2,2.2
297853,-2,0,52.0201,-1,0,0,-2,-2,-1,6,3.28,3.28
298831,-2,1,9.0101,-1,0,0,-2,-2,-1,6,2.62,2.62
301873,1,1,43.0199,-1,0,0,-2,-2,-1,6,2.7,2.7
300868,1,-2,42.0101,-1,0,0,-2,-2,-1,6,2.61,2.61
68890,-2,-2,52.0301,-1,0,0,-2,-2,-1,6,3.04,3.04
302735,0,1,0,-1,0,0,-2,-2,-1,6,2.63,2.63
302800,-2,-2,13.1202,-1,0,0,-2,-2,-1,6,3.57,3.57
304287,-2,-2,52.0201,-1,0,0,-2,-2,-1,6,3.2,3.2
282187,-2,-2,52.0201,-1,0,0,-2,-2,-1,6,3.1,3.1
303355,-2,-2,0,-1,0,0,-2,-2,-1,6,3.37,3.37
305275,-2,-2,23.0101,-1,0,0,-2,-2,-1,6,3.42,3.42
302851,-2,-2,0,-1,0,0,-2,-2,-1,6,3.77,3.77
301741,-2,-2,26.0101,-1,0,0,-2,-2,-1,6,3.35,3.35
300932,-2,-2,52.0301,-1,0,0,-2,-2,-1,6,3,3
283655,1,1,0,-1,0,0,-2,-2,-1,6,2.88,2.88
303037,-2,-2,9.0101,-1,0,0,-2,-2,-1,6,2.57,2.57
301569,-2,-2,40.0801,-1,0,0,-2,-2,-1,6,3.68,3.68
305141,-2,1,52.0801,-1,0,0,-2,-2,-1,6,3.71,3.71
301375,-2,-2,51.3899,-1,0,0,-2,-2,-1,6,3.56,3.56
304715,-2,-2,13.1202,-1,0,0,-2,-2,-1,6,3.76,3.76
305166,-2,-2,13.1202,-1,0,0,-2,-2,-1,6,4,4
298568,-2,-2,13.1202,-1,0,0,-2,-2,-1,6,3.57,3.57
298422,-2,-2,52.0201,-1,0,0,-2,-2,-1,6,3.92,3.92
299841,-2,-2,43.0399,-1,0,0,-2,-2,-1,6,3.92,3.92
239379,-2,-2,43.0399,-1,0,0,-2,-2,-1,6,3.64,3.64
300277,1,1,52.0201,-1,0,0,-2,-2,-1,6,2.91,2.91
303065,0,1,51,-1,0,0,-2,-2,-1,6,3.26,3.26
107081,-2,-2,43.0399,-1,0,0,-2,-2,-1,6,3.31,3.31
305276,-2,-2,51,-1,0,0,-2,-2,-1,6,4,4
298586,-2,-2,51.3899,-1,0,0,-2,-2,-1,6,3.95,3.95
262533,-2,-2,13.1209,-1,0,0,-2,-2,-1,6,3.76,3.76
297736,-2,-2,13.1202,-1,0,0,-2,-2,-1,6,3.8,3.8
303537,-2,-2,51.3899,-1,0,0,-2,-2,-1,6,3.8,3.8
305114,-2,-2,13.1001,-1,0,0,-2,-2,-1,6,2.67,2.67
250829,-2,-2,51,-1,0,0,-2,-2,-1,6,3.42,3.42
302554,-2,-2,50.0701,-1,0,0,-2,-2,-1,6,3.13,3.13
302370,-2,-2,23.0101,13.1202,0,0,-2,-2,-1,6,3.54,3.54
258932,-2,-2,43.0199,-1,0,0,-2,-2,-1,6,2.19,2.19
302402,-2,-2,26.0101,-1,0,0,-2,-2,-1,6,2.69,2.69
302480,-2,-2,50.0701,-1,0,0,-2,-2,-1,6,3.4,3.4
296973,-2,-2,50.0701,-1,0,0,-2,-2,-1,6,4,4
303357,-2,-2,43.0199,-1,0,0,-2,-2,-1,6,4,4
304208,-2,-2,43.0199,-1,0,0,-2,-2,-1,6,2.86,2.86
303348,-2,1,13.1202,-1,0,0,-2,-2,-1,6,2.51,2.51
280416,-2,-2,45.0601,-1,0,0,-2,-2,-1,6,3.7,3.7
301158,-2,-2,52.0301,-1,0,0,-2,-2,-1,6,2.95,2.95
304683,-2,-2,0,-1,0,0,-2,-2,-1,6,2.52,2.52
275992,-2,-2,13.1209,-1,0,0,-2,-2,-1,6,3.12,3.12
303047,1,1,11.0101,-1,0,0,-2,-2,-1,6,3.3,3.3
300322,1,1,0,-1,0,0,-2,-2,-1,6,3.45,3.45
286416,-2,-2,45.1001,-1,0,0,-2,-2,-1,6,3.85,3.85
291866,0,-2,0,-1,0,0,-2,-2,-1,6,3.3,3.3
296917,0,1,26.0101,-1,0,0,-2,-2,-1,6,3.01,3.01
300657,1,1,0,-1,0,0,-2,-2,-1,6,3.53,3.53
301228,1,1,0,-1,0,0,-2,-2,-1,6,0.28,0.28
297616,-2,-2,50.0701,-1,0,0,-2,-2,-1,6,3.8,3.8
302180,0,1,26.0101,-1,0,0,-2,-2,-1,6,3.46,3.46
298242,-2,1,13.1202,-1,0,0,-2,-2,-1,6,2.42,2.42
302149,1,1,45.1101,-1,0,0,-2,-2,-1,6,1.26,1.26
304934,0,0,50.0701,-1,0,0,-2,-2,-1,6,3.4,3.4
299661,0,0,13.1209,-1,0,0,-2,-2,-1,6,3.5,3.5
297686,-2,1,0,-1,0,0,-2,-2,-1,6,2.84,2.84
297570,0,1,0,-1,0,0,-2,-2,-1,6,3.67,3.67
299226,0,1,0,-1,0,0,-2,-2,-1,6,2.28,2.28
300175,1,1,42.0101,-1,0,0,-2,-2,-1,6,0,0
297296,-2,1,43.0199,-1,0,0,-2,-2,-1,6,1.59,1.59
299692,0,1,26.0101,-1,0,0,-2,-2,-1,6,2.58,2.58
297413,1,1,43.0199,-1,0,0,-2,-2,-1,6,3.82,3.82
298311,0,1,9.0101,-1,0,0,-2,-2,-1,6,0,0
66661,-2,1,0,-1,0,0,-2,-2,-1,6,3.03,3.03
299422,1,1,0,-1,0,0,-2,-2,-1,6,3.21,3.21
301795,0,-2,13.1202,-1,0,0,-2,-2,-1,6,3,3
299492,1,1,52.0201,-1,0,0,-2,-2,-1,6,1.08,1.08
274644,-2,-2,52.0301,-1,0,0,-2,-2,-1,6,1.67,1.67
300575,-2,-2,0,-1,0,0,-2,-2,-1,6,1.75,1.75
298158,-2,1,0,-1,0,0,-2,-2,-1,6,3.86,3.86
302676,-2,-2,51.3801,-1,0,0,-2,-2,-1,6,3,3
303199,-2,-2,13.1209,-1,0,0,-2,-2,-1,6,2.1,2.1
299311,1,0,0,-1,0,0,-2,-2,-1,6,3.12,3.12
304150,-2,-2,52.0201,-1,0,0,-2,-2,-1,6,3.57,3.57
304833,-2,-2,26.0101,-1,0,0,-2,-2,-1,6,2.36,2.36
300629,-2,-2,51.3899,-1,0,0,-2,-2,-1,6,3.64,3.64
304244,0,1,0,-1,0,0,-2,-2,-1,6,2.35,2.35
305476,-2,-2,51.3801,-1,0,0,-2,-2,-1,6,4,4
302371,-1,-1,51.3801,-1,0,0,-2,-2,-1,6,4,4
301112,-2,-2,9.0101,-1,0,0,-2,-2,-1,6,4,4
304137,-2,-2,26.0101,-1,0,0,-2,-2,-1,6,3,3
304313,-2,-2,0,-1,0,0,-2,-2,-1,6,1,1
200627,1,-2,23.0101,-1,0,0,-2,-2,-1,6,0.66,0.66
299890,-2,-2,13.1202,-1,0,0,-2,-2,-1,6,1.66,1.66
300424,-2,-2,0,-1,0,0,-2,-2,-1,6,3.8,3.8
258801,0,0,0,-1,0,0,-2,-2,-1,6,3,3
305134,-2,-2,13.1202,-1,0,0,-2,-2,-1,6,3.28,3.28
300708,-2,-2,50.0701,-1,0,0,-2,-2,-1,6,3.34,3.34
302522,-2,-2,13.1202,-1,0,0,-2,-2,-1,6,3.75,3.75
302771,-2,-2,26.0101,-1,0,0,-2,-2,-1,6,3.67,3.67
303352,-2,-2,52.0301,-1,0,0,-2,-2,-1,6,3.42,3.42
278425,0,1,0,-1,0,0,-2,-2,-1,6,1,1
304268,-2,-2,26.0101,13.1202,0,0,-2,-2,-1,6,3.35,3.35
304840,-2,-2,50.0701,-1,0,0,-2,-2,-1,6,3.6,3.6
302937,-2,1,52.0201,-1,0,0,-2,-2,-1,6,2.5,2.5
298396,0,1,50.0701,-1,0,0,-2,-2,-1,6,2.67,2.67
292392,-2,-2,43.0199,-1,0,0,-2,-2,-1,6,2.42,2.42
301151,-2,-2,26.0101,-1,0,0,-2,-2,-1,6,2.35,2.35
297479,-2,1,52.0201,-1,0,0,-2,-2,-1,6,3.78,3.78
299148,1,1,0,-1,0,0,-2,-2,-1,6,1.42,1.42
303234,-2,1,43.0199,-1,0,0,-2,-2,-1,6,3.56,3.56
300538,-2,-2,23.0101,-1,0,0,-2,-2,-1,6,3.73,3.73
301188,-2,-2,52.1401,-1,0,0,-2,-2,-1,6,3.5,3.5
304310,-2,1,0,-1,0,0,-2,-2,-1,6,3.28,3.28
302151,1,1,0,-1,0,0,-2,-2,-1,6,3,3
297486,0,1,42.0101,-1,0,0,-2,-2,-1,6,3.23,3.23
298734,0,1,43.0199,-1,0,0,-2,-2,-1,6,3.22,3.22
300210,1,1,0,-1,0,0,-2,-2,-1,6,3.9,3.9
299855,-2,1,52.0301,-1,0,0,-2,-2,-1,6,1.76,1.76
302254,1,1,40.0801,-1,0,0,-2,-2,-1,6,0.85,0.85
304345,-2,0,0,-1,0,0,-2,-2,-1,6,3.5,3.5
305042,1,0,0,-1,0,0,-2,-2,-1,6,2.86,2.86
297236,1,1,26.0101,-1,0,0,-2,-2,-1,6,2.58,2.58
298976,0,1,43.0199,-1,0,0,-2,-2,-1,6,0,0
301059,0,1,0,-1,0,0,-2,-2,-1,6,2.38,2.38
302127,-2,1,26.0101,-1,0,0,-2,-2,-1,6,2.93,2.93
300681,-2,1,43.0199,-1,0,0,-2,-2,-1,6,3.18,3.18
304734,1,0,43.0199,-1,0,0,-2,-2,-1,6,1.56,1.56
298890,0,-2,43.0199,-1,0,0,-2,-2,-1,6,0,0
305176,-2,-2,51.3801,-1,0,0,-2,-2,-1,6,3.65,3.65
296431,1,1,50.0701,-1,0,0,-2,-2,-1,6,2.88,2.88
300314,1,1,0,-1,0,0,-2,-2,-1,6,3.44,3.44
292750,-2,-2,51.3801,-1,0,0,-2,-2,-1,6,2.66,2.66
296907,1,1,43.0199,-1,0,0,-2,-2,-1,6,2.12,2.12
304277,-2,-2,0,-1,0,0,-2,-2,-1,6,4,4
43686,0,-2,13.1209,50.0701,0,0,-2,-2,-1,6,2.25,2.25
299341,0,-2,0,-1,0,0,-2,-2,-1,6,3.32,3.32
302128,1,-2,0,-1,0,0,-2,-2,-1,6,2.4,2.4
301129,1,1,52.0801,-1,0,0,-2,-2,-1,6,2.61,2.61
301760,-2,-2,42.0101,-1,0,0,-2,-2,-1,6,3.33,3.33
304087,-2,-2,43.0399,-1,0,0,-2,-2,-1,6,4,4
302687,-2,-2,51.3801,-1,0,0,-2,-2,-1,6,4,4
299628,-2,-2,13.1202,-1,0,0,-2,-2,-1,6,3.35,3.35
305051,-2,-2,52.0201,-1,0,0,-2,-2,-1,6,3.34,3.34
300969,-2,-2,51.3801,-1,0,0,-2,-2,-1,6,2.25,2.25
298496,-2,1,0,-1,0,0,-2,-2,-1,6,2.07,2.07
290658,-2,-2,26.0101,-1,0,0,-2,-2,-1,6,2.6,2.6
301705,0,-2,51.3801,-1,0,0,-2,-2,-1,6,1.76,1.76
302545,0,0,27.0101,-1,0,0,-2,-2,-1,6,3.52,3.52
302945,-2,-2,42.0101,-1,0,0,-2,-2,-1,6,3.36,3.36
35315,-2,-2,0,-1,0,0,-2,-2,-1,6,2.8,2.8
305236,-1,-1,51,-1,0,0,-2,-2,-1,6,4,4
303304,-1,-1,40.0601,-1,0,0,-2,-2,-1,6,4,4
29164,-2,-2,42.0101,45.1101,0,0,-2,-2,-1,6,3.2,3.2
107749,-2,-2,43.0203,-1,0,0,-2,-2,-1,6,4,4
305138,-1,-1,51,-1,0,0,-2,-2,-1,6,3.3,3.3
294754,-2,-2,52.0301,-1,0,0,-2,-2,-1,6,1.1,1.1
302063,-2,-2,52.0201,-1,0,0,-2,-2,-1,6,0.67,0.67
289328,0,1,0,-1,0,0,-2,-2,-1,6,2.87,2.87
279313,-2,-2,52.0201,-1,0,0,-2,-2,-1,6,2.86,2.86
296894,-2,-2,52.0201,-1,0,0,-2,-2,-1,6,3.9,3.9
304725,-2,-2,23.0101,-1,0,0,-2,-2,-1,6,2.98,2.98
304129,-2,-2,43.0203,-1,0,0,-2,-2,-1,6,4,4
301708,-2,-2,43.0399,-1,0,0,-2,-2,-1,6,3.68,3.68
268571,-2,-2,52.0201,-1,0,0,-2,-2,-1,6,1.67,1.67
304276,-2,-2,26.0101,-1,0,0,-2,-2,-1,6,2.87,2.87
301195,-2,-2,50.0901,-1,0,0,-2,-2,-1,6,3.35,3.35
303980,0,-2,52.1401,-1,0,0,-2,-2,-1,6,2.13,2.13
301336,1,1,43.0199,-1,0,0,-2,-2,-1,6,1.35,1.35
298532,-2,0,52.0201,-1,0,0,-2,-2,-1,6,2.07,2.07
301039,1,1,0,-1,0,0,-2,-2,-1,6,0.75,0.75
298689,0,1,0,-1,0,0,-2,-2,-1,6,3.01,3.01
305372,0,-2,0,-1,0,0,-2,-2,-1,6,3,3
298960,0,1,0,-1,0,0,-2,-2,-1,6,2.44,2.44
304501,0,0,52.0301,-1,0,0,-2,-2,-1,6,3.56,3.56
301844,1,1,52.0201,-1,0,0,-2,-2,-1,6,3.12,3.12
302275,0,1,0,-1,0,0,-2,-2,-1,6,1.34,1.34
298888,1,1,13.1202,-1,0,0,-2,-2,-1,6,3.78,3.78
297134,0,1,0,-1,0,0,-2,-2,-1,6,3.16,3.16
304030,-2,1,26.0101,-1,0,0,-2,-2,-1,6,3.31,3.31
298752,1,1,9.0101,-1,0,0,-2,-2,-1,6,0,0
299545,1,-2,52.0201,-1,0,0,-2,-2,-1,6,0.57,0.57
299494,0,1,42.0101,-1,0,0,-2,-2,-1,6,0,0
300440,0,1,13.1202,-1,0,0,-2,-2,-1,6,1.76,1.76
302777,0,1,0,-1,0,0,-2,-2,-1,6,2.93,2.93
297689,-2,1,54.0101,-1,0,0,-2,-2,-1,6,3.67,3.67
303072,0,1,0,-1,0,0,-2,-2,-1,6,0,0
300114,1,1,0,-1,0,0,-2,-2,-1,6,2.7,2.7
301811,-2,-2,51.3899,-1,0,0,-2,-2,-1,6,3.64,3.64
267797,-2,-2,43.0199,-1,0,0,-2,-2,-1,6,2.66,2.66
276066,-2,-2,23.0101,-1,0,0,-2,-2,-1,6,2.25,2.25
244757,-2,-2,42.0101,-1,0,0,-2,-2,-1,6,4,4
304782,-2,-2,52.0801,-1,0,0,-2,-2,-1,6,3.5,3.5
302925,0,1,52.1401,-1,0,0,-2,-2,-1,6,1.81,1.81
298333,0,1,43.0199,-1,0,0,-2,-2,-1,6,2.47,2.47
299557,1,-2,43.0199,-1,0,0,-2,-2,-1,6,2.24,2.24
285482,-2,-2,13.1001,-1,0,0,-2,-2,-1,6,3.93,3.93
303942,-2,-2,0,-1,0,0,-2,-2,-1,6,2.82,2.82
300372,-2,-2,51.3899,-1,0,0,-2,-2,-1,6,3.63,3.63
305363,-2,-2,52.0201,-1,0,0,-2,-2,-1,6,3.42,3.42
298368,-2,-2,26.0101,-1,0,0,-2,-2,-1,6,3,3
303149,-2,-2,9.0101,-1,0,0,-2,-2,-1,6,0,0
300918,0,1,0,-1,0,0,-2,-2,-1,6,1.31,1.31
302557,-2,-2,40.0501,-1,0,0,-2,-2,-1,6,3.23,3.23
298500,-1,-1,0,-1,0,0,-2,-2,-1,6,0,0
295682,-2,-2,13.1209,-1,0,0,-2,-2,-1,6,3.3,3.3
305188,-2,-2,52.0201,-1,0,0,-2,-2,-1,6,4,4
302867,-2,-2,13.1209,-1,0,0,-2,-2,-1,6,3.66,3.66
301402,-2,-2,43.0199,-1,0,0,-2,-2,-1,6,3.92,3.92
301703,-2,-2,52.0201,-1,0,0,-2,-2,-1,6,0,0
302529,-2,-2,52.0201,-1,0,0,-2,-2,-1,6,0.5,0.5
303845,-2,-2,51.3801,-1,0,0,-2,-2,-1,6,3.43,3.43
303658,-2,-2,51.3899,-1,0,0,-2,-2,-1,6,3.89,3.89
305478,-2,-2,51.3801,-1,0,0,-2,-2,-1,6,4,4
303374,-2,-2,43.0199,-1,0,0,-2,-2,-1,6,3.82,3.82
245559,-2,-2,52.0201,-1,0,0,-2,-2,-1,6,3,3
253961,-2,-2,50.0701,-1,0,0,-2,-2,-1,6,2.82,2.82
237864,-2,-2,51.3899,-1,0,0,-2,-2,-1,6,3.95,3.95
303604,-2,-2,54.0101,-1,0,0,-2,-2,-1,6,3.35,3.35
305049,-2,-2,51.3801,-1,0,0,-2,-2,-1,6,4,4
304617,-2,-2,45.1101,-1,0,0,-2,-2,-1,6,2.33,2.33
296816,-2,-2,23.0101,-1,0,0,-2,-2,-1,6,2.9,2.9
304593,-2,-2,11.0101,-1,0,0,-2,-2,-1,6,2.67,2.67
286520,-2,-2,52.0301,-1,0,0,-2,-2,-1,6,1.75,1.75
299899,-2,-2,23.0101,-1,0,0,-2,-2,-1,6,3.94,3.94
303819,0,1,0,-1,0,0,-2,-2,-1,6,1.92,1.92
295120,0,1,52.0201,-1,0,0,-2,-2,-1,6,3.08,3.08
295118,1,1,0,-1,0,0,-2,-2,-1,6,3.26,3.26
295119,1,1,43.0199,-1,0,0,-2,-2,-1,6,3.43,3.43
286910,-2,-2,43.0199,-1,0,0,-2,-2,-1,6,2.75,2.75
290402,-2,1,0,-1,0,0,-2,-2,-1,6,3.08,3.08
299581,0,1,43.0399,-1,0,0,-2,-2,-1,6,2.58,2.58
302849,0,1,0,-1,0,0,-2,-2,-1,6,3.88,3.88
302737,1,1,11.0101,-1,0,0,-2,-2,-1,6,3.88,3.88
298926,-2,1,0,-1,0,0,-2,-2,-1,6,2.66,2.66
301325,1,1,0,-1,0,0,-2,-2,-1,6,2.16,2.16
282023,-2,0,26.0101,-1,0,0,-2,-2,-1,6,4,4
302620,0,0,43.0199,-1,0,0,-2,-2,-1,6,2.23,2.23
302339,-2,1,27.0101,-1,0,0,-2,-2,-1,6,3.45,3.45
301737,0,1,52.0301,-1,0,0,-2,-2,-1,6,2.41,2.41
299317,0,1,0,-1,0,0,-2,-2,-1,6,3.01,3.01
295075,1,1,0,-1,0,0,-2,-2,-1,6,2.45,2.45
72612,0,1,50.0701,-1,0,0,-2,-2,-1,6,2.9,2.9
296818,0,1,0,-1,0,0,-2,-2,-1,6,2.36,2.36
303856,0,1,42.0101,-1,0,0,-2,-2,-1,6,1.88,1.88
297894,-2,-2,42.0101,-1,0,0,-2,-2,-1,6,3.75,3.75
301068,-2,-2,13.1209,-1,0,0,-2,-2,-1,6,0,0
271608,-2,-2,13.1209,-1,0,0,-2,-2,-1,6,3.75,3.75
302590,-2,-2,16.0905,-1,0,0,-2,-2,-1,6,3.96,3.96
302847,-2,-2,26.0101,-1,0,0,-2,-2,-1,6,3.12,3.12
304792,-2,-2,51.3801,-1,0,0,-2,-2,-1,6,4,4
263944,-2,-2,0,-1,0,0,-2,-2,-1,6,3.17,3.17
300025,-2,-2,0,-1,0,0,-2,-2,-1,6,3.67,3.67
301423,-2,-2,9.0101,-1,0,0,-2,-2,-1,6,4,4
302481,-2,-2,52.0301,-1,0,0,-2,-2,-1,6,3.4,3.4
285008,-2,-2,26.0101,-1,0,0,-2,-2,-1,6,3.7,3.7
304091,0,1,0,-1,0,0,-2,-2,-1,6,2.85,2.85
304417,-2,-2,0,-1,0,0,-2,-2,-1,6,3.3,3.3
303020,-2,-2,42.0101,-1,0,0,-2,-2,-1,6,3.37,3.37
301635,-2,-2,9.0101,-1,0,0,-2,-2,-1,6,2.51,2.51
300647,-2,-2,0,-1,0,0,-2,-2,-1,6,2.7,2.7
303152,-2,-2,43.0199,-1,0,0,-2,-2,-1,6,3.33,3.33
202540,-2,-2,52.0201,-1,0,0,-2,-2,-1,6,1.66,1.66
67148,-2,-2,13.1001,-1,0,0,-2,-2,-1,6,3,3
275957,-1,-1,0,-1,0,0,-2,-2,-1,6,4,4
301814,-2,-2,51.3899,-1,0,0,-2,-2,-1,6,3.89,3.89
303682,0,0,0,-1,0,0,-2,-2,-1,6,2.86,2.86
305254,-2,-2,0,-1,0,0,-2,-2,-1,6,0.25,0.25
289992,-2,-2,51.3801,-1,0,0,-2,-2,-1,6,4,4
297739,-2,-2,51.0999,-1,0,0,-2,-2,-1,6,3.71,3.71
299010,-2,-2,52.0201,-1,0,0,-2,-2,-1,6,2.66,2.66
292367,-2,-2,54.0101,-1,0,0,-2,-2,-1,6,3.86,3.86
248565,-2,-2,26.0101,-1,0,0,-2,-2,-1,6,3,3
304428,-2,-2,13.1202,-1,0,0,-2,-2,-1,6,1.25,1.25
272198,-2,-2,13.1209,-1,0,0,-2,-2,-1,6,0,0
304554,-2,-2,52.1401,-1,0,0,-2,-2,-1,6,0,0
283855,1,1,0,-1,0,0,-2,-2,-1,6,3.73,3.73
247148,-2,-2,23.0101,-1,0,0,-2,-2,-1,6,0,0
302572,-2,-2,42.0101,-1,0,0,-2,-2,-1,6,3.52,3.52
293695,-2,-2,50.0701,-1,0,0,-2,-2,-1,6,2.52,2.52
289233,-2,-2,23.0101,-1,0,0,-2,-2,-1,6,3.92,3.92
286778,-2,-2,27.0101,-1,0,0,-2,-2,-1,6,3.16,3.16
299260,0,0,0,-1,0,0,-2,-2,-1,6,2.22,2.22
300007,-2,-2,0,-1,0,0,-2,-2,-1,6,2.68,2.68
282521,-2,-2,40.0501,-1,0,0,-2,-2,-1,6,3.42,3.42
302310,0,1,0,-1,0,0,-2,-2,-1,6,2.47,2.47
300213,0,-2,42.0101,-1,0,0,-2,-2,-1,6,3.9,3.9
299295,0,1,0,-1,0,0,-2,-2,-1,6,0.51,0.51
300162,0,1,9.0101,-1,0,0,-2,-2,-1,6,3.93,3.93
298528,1,1,0,-1,0,0,-2,-2,-1,6,3.4,3.4
300524,1,1,43.0199,-1,0,0,-2,-2,-1,6,3.16,3.16
302794,0,1,50.0701,-1,0,0,-2,-2,-1,6,3.4,3.4
297610,0,0,23.0101,-1,0,0,-2,-2,-1,6,2.43,2.43
299893,1,1,43.0199,-1,0,0,-2,-2,-1,6,3.33,3.33
299394,1,-2,0,-1,0,0,-2,-2,-1,6,3.31,3.31
298596,0,1,13.1202,-1,0,0,-2,-2,-1,6,3.88,3.88
299900,1,1,0,-1,0,0,-2,-2,-1,6,3.75,3.75
299924,0,1,13.1209,-1,0,0,-2,-2,-1,6,3.47,3.47
302352,1,-2,50.0701,-1,0,0,-2,-2,-1,6,2,2
297282,0,1,26.0101,-1,0,0,-2,-2,-1,6,3.76,3.76
301183,0,-2,0,-1,0,0,-2,-2,-1,6,3.4,3.4
304271,0,1,43.0199,-1,0,0,-2,-2,-1,6,3.77,3.77
304274,0,1,0,-1,0,0,-2,-2,-1,6,0,0
301333,1,1,23.0101,-1,0,0,-2,-2,-1,6,1.81,1.81
201125,0,0,0,-1,0,0,-2,-2,-1,6,3.31,3.31
298305,-1,-1,52.0801,-1,0,0,-2,-2,-1,6,2.9,2.9
298515,1,1,43.0199,-1,0,0,-2,-2,-1,6,2.53,2.53
300063,0,1,0,-1,0,0,-2,-2,-1,6,2.74,2.74
298419,-2,1,13.1209,-1,0,0,-2,-2,-1,6,2.78,2.78
299555,0,1,0,-1,0,0,-2,-2,-1,6,3.94,3.94
302968,0,0,52.0201,-1,0,0,-2,-2,-1,6,2.72,2.72
298826,1,0,52.0201,-1,0,0,-2,-2,-1,6,3.94,3.94
299398,1,1,0,-1,0,0,-2,-2,-1,6,0,0
299543,1,1,42.0101,-1,0,0,-2,-2,-1,6,3.35,3.35
296470,1,1,13.1209,-1,0,0,-2,-2,-1,6,3,3
301535,-2,0,13.1202,-1,0,0,-2,-2,-1,6,0,0
299224,0,1,0,-1,0,0,-2,-2,-1,6,2.78,2.78
302685,0,1,0,-1,0,0,-2,-2,-1,6,1.5,1.5
302228,-2,-2,23.0101,13.1202,0,0,-2,-2,-1,6,2.6,2.6
303588,-2,-2,51.3899,-1,0,0,-2,-2,-1,6,3.79,3.79
286429,-2,-2,0,-1,0,0,-2,-2,-1,6,0,0
301114,-2,-2,27.0101,-1,0,0,-2,-2,-1,6,4,4
300324,1,0,0,-1,0,0,-2,-2,-1,6,3.75,3.75
277433,-2,-2,43.0199,-1,0,0,-2,-2,-1,6,1.31,1.31
301604,-2,-2,52.0201,-1,0,0,-2,-2,-1,6,4,4
300692,0,1,0,-1,0,0,-2,-2,-1,6,2.85,2.85
270387,-2,-2,11.0101,-1,0,0,-2,-2,-1,6,2.57,2.57
302059,-2,-2,52.0301,-1,0,0,-2,-2,-1,6,3.28,3.28
304809,-2,-2,13.1202,-1,0,0,-2,-2,-1,6,3.48,3.48
275377,-2,-2,52.0201,-1,0,0,-2,-2,-1,6,4,4
299424,-2,0,0,-1,0,0,-2,-2,-1,6,4,4
299589,-2,1,27.0101,-1,0,0,-2,-2,-1,6,3.26,3.26
200664,-2,-2,45.1101,-1,0,0,-2,-2,-1,6,2.05,2.05
304952,-2,-2,13.1202,-1,0,0,-2,-2,-1,6,2,2
304441,-2,-2,51.3801,-1,0,0,-2,-2,-1,6,3.13,3.13
302596,-2,-2,43.0199,-1,0,0,-2,-2,-1,6,3.25,3.25
300582,-2,-2,13.1209,-1,0,0,-2,-2,-1,6,3,3
280064,-2,-2,54.0101,-1,0,0,-2,-2,-1,6,3.67,3.67
200815,-2,-2,0,-1,0,0,-2,-2,-1,6,2.4,2.4
301806,-2,-2,51.3899,-1,0,0,-2,-2,-1,6,3.87,3.87
305193,-2,-2,42.0101,-1,0,0,-2,-2,-1,6,0.67,0.67
292892,-2,-2,54.0101,13.1001,0,0,-2,-2,-1,6,3.37,3.37
304950,-2,-2,23.0101,-1,0,0,-2,-2,-1,6,2.72,2.72
300402,-2,-2,13.1209,-1,0,0,-2,-2,-1,6,3.85,3.85
303587,-2,-2,13.1209,42.0101,0,0,-2,-2,-1,6,4,4
300638,-2,-2,51.3899,-1,0,0,-2,-2,-1,6,3.74,3.74
304521,-2,-2,23.0101,-1,0,0,-2,-2,-1,6,2.23,2.23
289379,-2,-2,13.1202,-1,0,0,-2,-2,-1,6,3.87,3.87
305336,-2,-2,50.0901,-1,0,0,-2,-2,-1,6,1.54,1.54
271351,-2,-2,11.0101,-1,0,0,-2,-2,-1,6,0,0
303807,-2,-2,45.1101,-1,0,0,-2,-2,-1,6,2.35,2.35
302389,-2,-2,43.0199,-1,0,0,-2,-2,-1,6,3.57,3.57
297738,-2,-2,54.0101,-1,0,0,-2,-2,-1,6,3.94,3.94
291294,0,1,0,-1,0,0,-2,-2,-1,6,0,0
304752,-2,-2,52.0201,-1,0,0,-2,-2,-1,6,3.65,3.65
302169,-2,-2,52.1401,-1,0,0,-2,-2,-1,6,3.34,3.34
302164,-2,-2,27.0101,-1,0,0,-2,-2,-1,6,3.02,3.02
304311,0,1,0,-1,0,0,-2,-2,-1,6,0,0
298542,1,1,0,-1,0,0,-2,-2,-1,6,2.85,2.85
301184,0,1,42.0101,-1,0,0,-2,-2,-1,6,2.71,2.71
305170,-2,-2,43.0399,-1,0,0,-2,-2,-1,6,2.97,2.97
301035,1,1,0,-1,0,0,-2,-2,-1,6,1.25,1.25
63303,0,1,0,-1,0,0,-2,-2,-1,6,3.9,3.9
298067,0,1,0,-1,0,0,-2,-2,-1,6,2.76,2.76
84076,-2,-2,0,-1,0,0,-2,-2,-1,6,3.56,3.56
297754,1,1,0,-1,0,0,-2,-2,-1,6,2.82,2.82
296462,1,0,0,-1,0,0,-2,-2,-1,6,2.54,2.54
280738,-2,-2,51.3899,-1,0,0,-2,-2,-1,6,3.74,3.74
301742,-2,-2,43.0199,-1,0,0,-2,-2,-1,6,3,3
297860,-2,1,50.0903,-1,0,0,-2,-2,-1,6,3.42,3.42
296554,-2,-2,0,-1,0,0,-2,-2,-1,6,3.94,3.94
295623,-2,-2,50.0701,-1,0,0,-2,-2,-1,6,0.6,0.6
299039,1,1,43.0203,-1,0,0,-2,-2,-1,6,1.4,1.4
300018,-2,0,42.0101,-1,0,0,-2,-2,-1,6,4,4
300355,-2,-2,51.3899,-1,0,0,-2,-2,-1,6,3.83,3.83
300767,0,1,40.0801,-1,0,0,-2,-2,-1,6,2.93,2.93
295094,-2,-2,43.0203,-1,0,0,-2,-2,-1,6,3.75,3.75
304037,0,1,0,-1,0,0,-2,-2,-1,6,2.81,2.81
299135,1,1,13.1202,-1,0,0,-2,-2,-1,6,3.35,3.35
302568,-2,-2,13.1202,-1,0,0,-2,-2,-1,6,0,0
304753,-1,-1,0,-1,0,0,-2,-2,-1,6,4,4
302192,-2,-2,45.1101,-1,0,0,-2,-2,-1,6,3.17,3.17
298792,0,-2,52.0201,-1,0,0,-2,-2,-1,6,3,3
283564,0,0,13.1202,-1,0,0,-2,-2,-1,6,2.82,2.82
302912,-2,-2,0,-1,0,0,-2,-2,-1,6,0,0
304465,-2,-2,50.0901,-1,0,0,-2,-2,-1,6,2.31,2.31
300630,-2,-2,51.3899,-1,0,0,-2,-2,-1,6,3.72,3.72
305266,-2,-2,0,-1,0,0,-2,-2,-1,6,0.57,0.57
298359,-2,-2,52.0301,-1,0,0,-2,-2,-1,6,3.82,3.82
302041,-2,-2,43.0399,-1,0,0,-2,-2,-1,6,0,0
304177,0,1,51.3801,-1,0,0,-2,-2,-1,6,2.34,2.34
303207,-2,-2,51.3801,-1,0,0,-2,-2,-1,6,3,3
281519,0,1,40.0801,-1,0,0,-2,-2,-1,6,0,0
303300,-2,-2,52.0201,-1,0,0,-2,-2,-1,6,3.4,3.4
296352,0,1,0,-1,0,0,-2,-2,-1,6,3.11,3.11
266998,-2,-2,11.0101,-1,0,0,-2,-2,-1,6,2.57,2.57
298858,0,0,0,-1,0,0,-2,-2,-1,6,2.43,2.43
299192,-2,-2,26.0101,-1,0,0,-2,-2,-1,6,3.06,3.06
89912,-2,-2,54.0101,-1,0,0,-2,-2,-1,6,3.35,3.35
299739,-2,-2,43.0399,-1,0,0,-2,-2,-1,6,3.32,3.32
304785,0,0,43.0199,-1,0,0,-2,-2,-1,6,2.23,2.23
300922,1,0,0,-1,0,0,-2,-2,-1,6,2,2
302703,0,1,0,-1,0,0,-2,-2,-1,6,2.8,2.8
300362,-2,-2,43.0199,-1,0,0,-2,-2,-1,6,2.7,2.7
303758,-2,-2,52.0201,-1,0,0,-2,-2,-1,6,3.78,3.78
304034,0,-2,52.0201,-1,0,0,-2,-2,-1,6,1,1
302414,-2,-2,51.3899,-1,0,0,-2,-2,-1,6,3.2,3.2
303705,-2,-2,51.3801,-1,0,0,-2,-2,-1,6,4,4
303823,-2,-2,51.3899,-1,0,0,-2,-2,-1,6,3.91,3.91
304531,-2,-2,51.3801,-1,0,0,-2,-2,-1,6,1.85,1.85
302487,-2,-2,52.0201,-1,0,0,-2,-2,-1,6,3.42,3.42
304615,-2,-2,51.3801,-1,0,0,-2,-2,-1,6,4,4
297452,-2,-2,26.0101,-1,0,0,-2,-2,-1,6,3.7,3.7
293978,-2,-2,11.0101,-1,0,0,-2,-2,-1,6,4,4
300173,-2,1,42.0101,-1,0,0,-2,-2,-1,6,2.75,2.75
283663,1,1,40.0601,-1,0,0,-2,-2,-1,6,3,3
259908,-2,-2,50.0701,-1,0,0,-2,-2,-1,6,3.72,3.72
294759,-2,-2,50.0901,-1,0,0,-2,-2,-1,6,2.18,2.18
297529,-2,-2,0,-1,0,0,-2,-2,-1,6,2.43,2.43
303863,-2,-2,13.1209,-1,0,0,-2,-2,-1,6,3.77,3.77
302833,-2,-2,45.1101,-1,0,0,-2,-2,-1,6,3.15,3.15
304464,0,0,13.1209,-1,0,0,-2,-2,-1,6,3.75,3.75
293347,-2,-2,42.0101,-1,0,0,-2,-2,-1,6,3.5,3.5
303571,-1,-1,0,-1,0,0,-2,-2,-1,6,4,4
304572,-2,-2,52.0201,-1,0,0,-2,-2,-1,6,3.9,3.9
290682,0,0,43.0199,-1,0,0,-2,-2,-1,6,0.5,0.5
297444,-2,-2,26.0101,-1,0,0,-2,-2,-1,6,3.76,3.76
296496,-2,-2,52.1401,-1,0,0,-2,-2,-1,6,3.85,3.85
294986,-2,-2,51.3899,-1,0,0,-2,-2,-1,6,3.51,3.51
301666,-2,-2,52.0301,-1,0,0,-2,-2,-1,6,4,4
302605,-2,-2,13.1001,-1,0,0,-2,-2,-1,6,3.46,3.46
301322,-2,-2,13.1202,-1,0,0,-2,-2,-1,6,1.5,1.5
298577,-2,-2,51.3899,-1,0,0,-2,-2,-1,6,3.4,3.4
300483,-2,-2,52.0801,-1,0,0,-2,-2,-1,6,3.92,3.92
303829,-2,-2,51.3899,-1,0,0,-2,-2,-1,6,3.38,3.38
304680,-2,-2,0,-1,0,0,-2,-2,-1,6,2.06,2.06
302322,-2,-2,43.0199,-1,0,0,-2,-2,-1,6,3.6,3.6
273753,-2,-2,50.0901,-1,0,0,-2,-2,-1,6,0.67,0.67
302062,-2,-2,43.0199,-1,0,0,-2,-2,-1,6,3.56,3.56
297872,-2,1,27.0101,-1,0,0,-2,-2,-1,6,0.77,0.77
305122,-1,-1,51,-1,0,0,-2,-2,-1,6,3.7,3.7
302690,-2,-2,52.1401,-1,0,0,-2,-2,-1,6,4,4
255009,-2,-2,0,-1,0,0,-2,-2,-1,6,3.32,3.32
272920,-2,-2,52.0301,-1,0,0,-2,-2,-1,6,2.2,2.2
303376,-2,-2,45.1101,-1,0,0,-2,-2,-1,6,2.25,2.25
301355,-2,-2,42.0101,-1,0,0,-2,-2,-1,6,3.85,3.85
302336,-2,-2,52.0201,-1,0,0,-2,-2,-1,6,3.5,3.5
303828,-2,-2,16.0905,-1,0,0,-2,-2,-1,6,3.43,3.43
22011,0,1,0,-1,0,0,-2,-2,-1,6,3.9,3.9
297964,-2,-2,43.0399,-1,0,0,-2,-2,-1,6,3.42,3.42
305373,-1,-1,0,-1,0,0,-2,-2,-1,6,3.4,3.4
300278,0,-2,13.1209,-1,0,0,-2,-2,-1,6,2.57,2.57
298546,1,1,0,-1,0,0,-2,-2,-1,6,2.76,2.76
303290,-2,-2,50.0901,-1,0,0,-2,-2,-1,6,3.65,3.65
234148,-2,-2,13.1202,-1,0,0,-2,-2,-1,6,4,4
303963,-2,-2,0,-1,0,0,-2,-2,-1,6,3.15,3.15
296912,0,-2,0,-1,0,0,-2,-2,-1,6,2.63,2.63
273023,-2,-2,13.1209,-1,0,0,-2,-2,-1,6,4,4
298941,0,1,43.0399,-1,0,0,-2,-2,-1,6,0.78,0.78
300744,1,0,43.0199,-1,0,0,-2,-2,-1,6,2.66,2.66
302938,-2,-2,13.1209,-1,0,0,-2,-2,-1,6,3.86,3.86
302873,-2,-2,43.0199,-1,0,0,-2,-2,-1,6,2.32,2.32
297674,0,1,52.0301,-1,0,0,-2,-2,-1,6,3.71,3.71
296229,1,1,43.0199,-1,0,0,-2,-2,-1,6,2.45,2.45
304420,-2,-2,0,-1,0,0,-2,-2,-1,6,3.5,3.5
297991,-1,-1,43.0203,-1,0,0,-2,-2,-1,6,4,4
298881,-2,0,0,-1,0,0,-2,-2,-1,6,3.82,3.82
298710,-1,-1,26.0101,-1,0,0,-2,-2,-1,6,3.39,3.39
302906,-2,-2,0,-1,0,0,-2,-2,-1,6,3.5,3.5
300639,-2,-2,51.3899,-1,0,0,-2,-2,-1,6,3.79,3.79
280978,-2,-2,13.1209,-1,0,0,-2,-2,-1,6,0.92,0.92
304135,-2,-2,50.0701,-1,0,0,-2,-2,-1,6,3.92,3.92
299842,-2,-2,50.0901,-1,0,0,-2,-2,-1,6,3.13,3.13
303478,-2,-2,51.3899,-1,0,0,-2,-2,-1,6,3.68,3.68
298901,1,1,11.0101,-1,0,0,-2,-2,-1,6,1.26,1.26
303364,0,0,42.0101,-1,0,0,-2,-2,-1,6,2.33,2.33
301942,0,1,0,-1,0,0,-2,-2,-1,6,3.3,3.3
304722,-2,-2,40.0601,-1,0,0,-2,-2,-1,6,2.85,2.85
270873,-2,-2,43.0199,-1,0,0,-2,-2,-1,6,3.34,3.34
303144,-2,-2,13.1202,-1,0,0,-2,-2,-1,6,0.86,0.86
303932,-2,-2,52.0201,-1,0,0,-2,-2,-1,6,1.35,1.35
303584,-2,-2,40.0501,-1,0,0,-2,-2,-1,6,2.95,2.95
302565,-2,-2,50.0901,-1,0,0,-2,-2,-1,6,3.92,3.92
299005,0,0,0,-1,0,0,-2,-2,-1,6,4,4
302405,-2,-2,51.3801,-1,0,0,-2,-2,-1,6,3.56,3.56
302818,-2,-2,0,-1,0,0,-2,-2,-1,6,3,3
297648,-2,-2,11.0101,-1,0,0,-2,-2,-1,6,2.93,2.93
302566,1,1,52.0301,-1,0,0,-2,-2,-1,6,3.03,3.03
304728,-2,-2,51.3801,-1,0,0,-2,-2,-1,6,1.16,1.16
301405,-2,-2,51.3801,-1,0,0,-2,-2,-1,6,3.53,3.53
297722,-2,-2,52.0201,-1,0,0,-2,-2,-1,6,4,4
277190,-2,-2,0,-1,0,0,-2,-2,-1,6,2.66,2.66
291471,-2,-2,0,-1,0,0,-2,-2,-1,6,2.9,2.9
302889,-2,-2,42.0101,13.1209,0,0,-2,-2,-1,6,3.93,3.93
296925,-2,-2,13.1209,-1,0,0,-2,-2,-1,6,2.82,2.82
300916,1,0,40.0801,-1,0,0,-2,-2,-1,6,3.8,3.8
292946,-2,-2,26.0101,-1,0,0,-2,-2,-1,6,3.49,3.49
287587,-2,-2,52.0201,-1,0,0,-2,-2,-1,6,2.25,2.25
272905,-2,-2,52.0201,-1,0,0,-2,-2,-1,6,3.92,3.92
302778,-2,-2,13.1209,-1,0,0,-2,-2,-1,6,3.52,3.52
301570,-2,0,26.0101,-1,0,0,-2,-2,-1,6,3.83,3.83
301799,-2,-2,51.3899,-1,0,0,-2,-2,-1,6,3.74,3.74
304591,-2,-2,11.0101,-1,0,0,-2,-2,-1,6,2.5,2.5
302582,-2,-2,13.1209,-1,0,0,-2,-2,-1,6,0,0
277199,-2,-2,51.3899,-1,0,0,-2,-2,-1,6,3.75,3.75
282640,0,0,9.0101,-1,0,0,-2,-2,-1,6,2.75,2.75
283840,1,1,43.0199,-1,0,0,-2,-2,-1,6,2.04,2.04
288811,-1,-1,0,-1,0,0,-2,-2,-1,6,2.88,2.88
291468,-2,-2,52.0301,-1,0,0,-2,-2,-1,6,3.67,3.67
293826,-2,-2,51.3801,-1,0,0,-2,-2,-1,6,3.1,3.1
295729,-2,-2,43.0199,-1,0,0,-2,-2,-1,6,2.8,2.8
297333,-2,-2,26.0101,-1,0,0,-2,-2,-1,6,3.26,3.26
297321,1,1,0,-1,0,0,-2,-2,-1,6,2.3,2.3
298307,0,1,43.0199,-1,0,0,-2,-2,-1,6,0,0
298390,1,1,0,-1,0,0,-2,-2,-1,6,2.7,2.7
298537,-2,-2,43.0199,-1,0,0,-2,-2,-1,6,3.78,3.78
299351,0,1,0,-1,0,0,-2,-2,-1,6,2.91,2.91
299524,-2,1,50.0901,-1,0,0,-2,-2,-1,6,2.85,2.85
299592,0,1,43.0203,-1,0,0,-2,-2,-1,6,2.87,2.87
299734,-2,-2,52.0201,-1,0,0,-2,-2,-1,6,3.06,3.06
299805,0,1,9.0101,-1,0,0,-2,-2,-1,6,1.28,1.28
300317,0,-2,0,-1,0,0,-2,-2,-1,6,3.32,3.32
300611,0,1,0,-1,0,0,-2,-2,-1,6,2.56,2.56
298873,0,1,0,-1,0,0,-2,-2,-1,6,3.04,3.04
301318,0,1,43.0199,-1,0,0,-2,-2,-1,6,2.63,2.63
301416,0,-2,40.0801,-1,0,0,-2,-2,-1,6,3.7,3.7
300100,-2,-2,52.0801,-1,0,0,-2,-2,-1,6,3.4,3.4
301591,-2,-2,52.0201,-1,0,0,-2,-2,-1,6,4,4
301616,-2,-2,43.0199,-1,0,0,-2,-2,-1,6,3,3
301655,-2,-2,51.3801,-1,0,0,-2,-2,-1,6,3.5,3.5
301647,-1,-1,0,-1,0,0,-2,-2,-1,6,0,0
301652,-1,-1,0,-1,0,0,-2,-2,-1,6,3.74,3.74
301648,-1,-1,0,-1,0,0,-2,-2,-1,6,3.82,3.82
302010,-1,-1,0,-1,0,0,-2,-2,-1,6,1.07,1.07
302044,1,1,40.0801,-1,0,0,-2,-2,-1,6,2.3,2.3
302200,-2,-2,52.0201,-1,0,0,-2,-2,-1,6,1.92,1.92
303259,-1,-1,0,-1,0,0,-2,-2,-1,6,2.4,2.4
303288,-2,-2,0,-1,0,0,-2,-2,-1,6,2.92,2.92
304086,-2,-2,9.0101,50.0701,0,0,-2,-2,-1,6,2.57,2.57
304148,-2,-2,43.0199,-1,0,0,-2,-2,-1,6,4,4
304837,-2,-2,52.0201,-1,0,0,-2,-2,-1,6,4,4
305133,-2,-2,52.0201,-1,0,0,-2,-2,-1,6,4,4
305147,-2,-2,52.0201,-1,0,0,-2,-2,-1,6,3.94,3.94
305164,-2,-2,43.0199,-1,0,0,-2,-2,-1,6,3.6,3.6
