StudentID,CompleteDevMath_11Term3,CompleteDevEnglish_11Term3,Major1_11Term3,Major2_11Term3,Complete1_11Term3,Complete2_11Term3,CompleteCIP1_11Term3,CompleteCIP2_11Term3,TransferIntent_11Term3,DegreeTypeSought_11Term3,TermGPA_11Term3,CumGPA_11Term3
285848,-2,-2,51.1699,-1,0,0,-2,-2,-1,6,3.8,3.54
302176,-2,-2,51.3801,-1,0,0,-2,-2,-1,6,4,3.5
301803,-2,-2,51.1699,-1,0,0,-2,-2,-1,6,4,3.95
302756,-2,-2,45.0601,-1,0,0,-2,-2,-1,6,3.78,3.78
300304,0,-2,9.0101,-1,0,0,-2,-2,-1,6,2,1.75
301067,-2,-2,23.0101,13.1001,0,0,-2,-2,-1,6,4,4
297371,-2,0,0,-1,0,0,-2,-2,-1,6,2.56,3.15
273211,-2,-2,45.0601,-1,0,0,-2,-2,-1,6,3.25,3.34
302772,-2,-2,26.0101,-1,0,0,-2,-2,-1,6,2.48,1.85
280023,-2,-2,45.1101,-1,0,0,-2,-2,-1,6,2.59,2.37
299369,1,1,0,-1,0,0,-2,-2,-1,6,3.2,3.09
299997,0,0,52.0201,-1,0,0,-2,-2,-1,6,0,1.21
300569,-2,-2,51.1699,-1,0,0,-2,-2,-1,6,3.8,3.67
299363,-2,-2,23.0101,-1,0,0,-2,-2,-1,6,2.8,2.92
300635,-2,-2,51.1699,-1,0,0,-2,-2,-1,6,3.49,3.46
299788,0,1,52.0301,-1,0,0,-2,-2,-1,6,0,2.19
302134,1,0,0,-1,0,0,-2,-2,-1,6,3.77,3.55
301723,-2,-2,52.1401,-1,0,0,-2,-2,-1,6,2.8,3
294970,-2,-2,52.1401,-1,0,0,-2,-2,-1,6,4,3.57
301192,-2,-2,52.0201,-1,0,0,-2,-2,-1,6,2,3.1
303346,-2,-2,0,-1,0,0,-2,-2,-1,6,0,2.34
305186,-2,-2,51.3801,-1,0,0,-2,-2,-1,6,3.7,3.7
305182,-2,-2,0,-1,0,0,-2,-2,-1,6,3.15,3.31
303053,-2,-2,42.0101,-1,0,0,-2,-2,-1,6,1.4,2.08
302328,-2,-2,13.1202,-1,0,0,-2,-2,-1,6,4,3.66
301676,0,1,9.0101,-1,0,0,-2,-2,-1,6,0,0.45
300895,0,1,51.0999,-1,0,0,-2,-2,-1,6,3.24,3.3
297560,-2,-2,52.0801,-1,0,0,-2,-2,-1,6,3.85,3.6
299456,0,1,52.0301,-1,0,0,-2,-2,-1,6,2.53,2.44
298767,0,1,43.0199,-1,0,0,-2,-2,-1,6,0,0
297755,-2,0,0,-1,0,0,-2,-2,-1,6,1.72,1.82
297083,1,0,50.0701,-1,0,0,-2,-2,-1,6,2.28,2.81
303435,-2,-2,5.0207,-1,0,0,-2,-2,-1,6,2.82,3.02
299668,-2,-2,51,-1,0,0,-2,-2,-1,6,3.08,2.73
301313,-2,-2,52.0201,-1,0,0,-2,-2,-1,6,2.75,3.03
303775,-2,-2,50.0701,13.1209,0,0,-2,-2,-1,6,3.7,3.75
300221,-2,1,40.0801,-1,0,0,-2,-2,-1,6,3.46,3.21
301813,-2,-2,51.1699,-1,0,0,-2,-2,-1,6,3.13,3.28
301624,-2,-2,45.1101,-1,0,0,-2,-2,-1,6,3.35,3.51
299713,-2,-2,52.0201,52.1401,0,0,-2,-2,-1,6,3.77,3.76
293485,-2,-2,42.0101,-1,0,0,-2,-2,-1,6,2.77,3.41
298859,0,1,23.0101,-1,0,0,-2,-2,-1,6,1.5,1.76
299006,0,0,9.0101,-1,0,0,-2,-2,-1,6,2.75,2.68
299959,1,1,42.0101,-1,0,0,-2,-2,-1,6,2.2,2.7
304552,-2,-2,26.0101,-1,0,0,-2,-2,-1,6,2.6,2.9
300586,-2,-2,51.1699,-1,8,0,51.3899,-2,-1,6,4,3.85
303907,-2,-2,23.0101,-1,0,0,-2,-2,-1,6,3.5,3.08
299408,-2,1,13.1209,-1,0,0,-2,-2,-1,6,2.53,3.02
268673,-2,-2,9.0101,-1,0,0,-2,-2,-1,6,3.53,3.46
301562,1,0,9.0101,-1,0,0,-2,-2,-1,6,3.4,3.5
303428,-2,-2,52.0301,-1,0,0,-2,-2,-1,6,2.18,2.79
304525,-2,-2,51.3801,-1,0,0,-2,-2,-1,6,3.35,3.54
302917,0,0,26.0101,-1,0,0,-2,-2,-1,6,0,0.6
303599,-2,-2,52.0201,-1,0,0,-2,-2,-1,6,0,3.46
264697,-2,-2,43.0199,-1,0,0,-2,-2,-1,6,2.5,2.95
303565,-2,-2,51.1699,-1,0,0,-2,-2,-1,6,3.09,3.13
304246,-2,-2,51.3801,-1,0,0,-2,-2,-1,6,3.83,3.45
304279,-2,-2,52.0801,-1,0,0,-2,-2,-1,6,3.1,3.38
303589,-2,-2,51.3801,-1,0,0,-2,-2,-1,6,3.3,3.27
299396,0,1,43.0199,-1,0,0,-2,-2,-1,6,2.35,2.54
299020,1,0,43.0399,-1,0,0,-2,-2,-1,6,2.53,2.51
293205,-2,-2,43.0399,-1,0,0,-2,-2,-1,6,4,4
303305,-2,-2,43.0199,-1,0,0,-2,-2,-1,6,3.9,3.9
268879,-2,-2,26.0101,-1,0,0,-2,-2,-1,6,4,3.98
298895,-2,0,52.0301,-1,0,0,-2,-2,-1,6,2.6,2.63
299243,1,0,0,-1,0,0,-2,-2,-1,6,3.22,3.23
301377,-2,-2,51.1699,-1,0,0,-2,-2,-1,6,3.62,3.67
300367,-2,-2,51.1699,-1,8,0,51.3899,-2,-1,6,4,3.96
301653,-2,-2,0,-1,0,0,-2,-2,-1,6,2.75,2.67
299272,1,0,0,-1,0,0,-2,-2,-1,6,2,2.55
297218,-2,0,0,-1,0,0,-2,-2,-1,6,3.68,3.72
299086,1,0,52.0301,-1,0,0,-2,-2,-1,6,3,3.02
299972,1,0,26.0101,-1,0,0,-2,-2,-1,6,0,0.79
303358,-2,-2,52.0301,-1,0,0,-2,-2,-1,6,3.66,3.36
301309,1,0,26.0101,-1,0,0,-2,-2,-1,6,4,4
296633,-2,-2,13.1209,-1,0,0,-2,-2,-1,6,1.77,2.47
302533,0,1,0,-1,0,0,-2,-2,-1,6,1,1.88
294406,1,0,42.0101,-1,0,0,-2,-2,-1,6,2.83,2.89
303601,-2,-2,52.0801,-1,0,0,-2,-2,-1,6,3.1,3
302183,-2,-2,13.1202,-1,0,0,-2,-2,-1,6,3.83,3.83
270506,-2,-2,43.0203,-1,0,0,-2,-2,-1,6,4,3.83
298325,0,0,43.0199,-1,0,0,-2,-2,-1,6,2.89,2.92
298033,0,-2,13.1202,-1,0,0,-2,-2,-1,6,3.46,3.64
304263,-2,-2,51.3801,-1,0,0,-2,-2,-1,6,4,4
281368,-2,-2,54.0101,13.1001,0,0,-2,-2,-1,6,3.19,3.38
304905,1,0,42.0101,-1,0,0,-2,-2,-1,6,3.52,3.55
300290,0,0,0,-1,0,0,-2,-2,-1,6,0,2.94
299495,-2,0,0,-1,0,0,-2,-2,-1,6,4,3.93
302116,-2,-2,51,-1,0,0,-2,-2,-1,6,3.4,3.21
302551,-2,-2,52.0301,-1,0,0,-2,-2,-1,6,3.74,3.37
299115,-2,-2,43.0199,-1,0,0,-2,-2,-1,6,4,4
302819,-2,-2,0,-1,0,0,-2,-2,-1,6,2.78,2.61
304823,-2,-2,52.0801,-1,0,0,-2,-2,-1,6,2.93,3.06
305310,-2,-2,52.1401,-1,0,0,-2,-2,-1,6,0.67,1
294719,-2,-2,52.0301,-1,0,0,-2,-2,-1,6,2.96,2.98
302717,-2,-2,26.0101,-1,0,0,-2,-2,-1,6,1.29,1.65
305260,-2,-2,51.3801,-1,0,0,-2,-2,-1,6,4,3.9
304298,-2,-2,52.0201,-1,0,0,-2,-2,-1,6,3.64,3.64
72295,-2,-2,13.1202,-1,0,0,-2,-2,-1,6,3.44,3.37
300240,0,0,52.0801,-1,0,0,-2,-2,-1,6,3.06,3.21
301382,-2,-2,51.3801,-1,0,0,-2,-2,-1,6,3.86,3.91
299293,1,0,0,-1,0,0,-2,-2,-1,6,0,1.38
304560,-2,-2,42.0101,-1,0,0,-2,-2,-1,6,2.83,3.37
300275,-2,0,26.0101,-1,0,0,-2,-2,-1,6,3.45,3.29
298966,0,0,0,-1,0,0,-2,-2,-1,6,2.91,3
303622,0,1,43.0399,-1,0,0,-2,-2,-1,6,0,0.27
294160,-2,-2,42.0101,13.1209,0,0,-2,-2,-1,6,4,3.71
298782,0,-2,0,-1,0,0,-2,-2,-1,6,3.43,3.35
94804,-2,-2,52.1401,-1,0,0,-2,-2,-1,6,2.93,3.11
299583,1,1,13.1202,-1,0,0,-2,-2,-1,6,3.81,3.67
304216,-2,-2,26.0101,-1,0,0,-2,-2,-1,6,2.15,2.18
297627,-2,-2,11.0101,-1,0,0,-2,-2,-1,6,2.68,3.24
301857,0,1,45.1001,-1,0,0,-2,-2,-1,6,3.3,1.29
300303,-2,-2,52.0201,-1,0,0,-2,-2,-1,6,4,4
297839,-2,-2,0,-1,0,0,-2,-2,-1,6,3.3,3.21
37630,-2,-2,42.0101,-1,0,0,-2,-2,-1,6,3.45,3.62
84534,-2,-2,52.0201,-1,0,0,-2,-2,-1,6,3.67,3.71
295130,-2,0,0,-1,0,0,-2,-2,-1,6,3.94,3.9
295794,-2,-2,52.0301,-1,0,0,-2,-2,-1,6,3.48,3.52
294755,-2,-2,27.0101,13.1202,0,0,-2,-2,-1,6,3.67,3.77
303703,-2,-2,51.3801,-1,0,0,-2,-2,-1,6,4,4
279885,-2,-2,42.0101,-1,0,0,-2,-2,-1,6,3.49,3.51
301023,-2,-2,42.0101,13.1209,0,0,-2,-2,-1,6,2.78,3.35
299655,0,1,27.0101,-1,0,0,-2,-2,-1,6,3.05,3
298900,0,0,0,-1,0,0,-2,-2,-1,6,3.31,3.5
304723,-2,-2,51,-1,0,0,-2,-2,-1,6,3.35,3.5
305247,-2,-2,9.0101,-1,0,0,-2,-2,-1,6,0.67,1.71
303722,-2,-2,51.1699,-1,0,0,-2,-2,-1,6,3.84,3.74
300370,-2,-2,51.1699,-1,8,0,51.3899,-2,-1,6,4,3.77
301762,-2,-2,51.3801,-1,0,0,-2,-2,-1,6,3.88,3.82
301601,-2,-2,51.1699,-1,0,0,-2,-2,-1,6,3.17,3.25
235992,-2,-2,51.3801,-1,0,0,-2,-2,-1,6,3.91,3.91
303503,-2,-2,51.1699,-1,0,0,-2,-2,-1,6,3.92,3.95
301928,-2,-2,51.1699,-1,0,0,-2,-2,-1,6,3.14,3.21
299240,-2,1,0,-1,0,0,-2,-2,-1,6,0.68,0.6
303921,1,0,0,-1,0,0,-2,-2,-1,6,2.3,2.76
302346,-2,-2,43.0399,-1,0,0,-2,-2,-1,6,4,3.96
305044,0,0,0,-1,0,0,-2,-2,-1,6,0,0.28
305226,-2,-2,43.0199,-1,0,0,-2,-2,-1,6,3.5,3.41
294698,1,0,0,-1,0,0,-2,-2,-1,6,3.43,3.38
298959,0,-2,0,-1,0,0,-2,-2,-1,6,3.62,3.65
296175,-2,-2,52.0201,-1,0,0,-2,-2,-1,6,3.23,3.32
286282,-1,-1,0,-1,0,0,-2,-2,-1,6,3.73,3.51
93195,-1,-1,0,-1,0,0,-2,-2,-1,6,3,2.82
302191,-2,-2,40.0801,-1,0,0,-2,-2,-1,6,0,0.25
299072,-2,-2,52.0301,-1,0,0,-2,-2,-1,6,3.85,3.57
304578,-2,-2,43.0199,-1,0,0,-2,-2,-1,6,2.95,2.77
301493,-2,-2,26.0101,-1,0,0,-2,-2,-1,6,1.9,2.02
305255,-2,-2,0,-1,0,0,-2,-2,-1,6,0.25,2.2
299798,0,0,42.0101,-1,0,0,-2,-2,-1,6,0,3
301764,0,0,52.0301,-1,0,0,-2,-2,-1,6,4,3.88
302827,0,-2,50.0901,-1,0,0,-2,-2,-1,6,3.44,2.72
292383,0,0,0,-1,0,0,-2,-2,-1,6,0.83,0.66
250478,-2,-2,13.1209,-1,0,0,-2,-2,-1,6,1.57,1.76
257718,0,-2,43.0199,-1,0,0,-2,-2,-1,6,2.03,2.56
301582,-2,-2,51.1699,-1,8,0,51.3899,-2,-1,6,4,3.69
301583,-2,-2,51.1699,-1,0,0,-2,-2,-1,6,3.39,3.41
303915,-2,-2,51,-1,0,0,-2,-2,-1,6,0,3.5
302131,-2,1,50.0901,-1,0,0,-2,-2,-1,6,1.09,1.91
299554,-2,-2,0,-1,0,0,-2,-2,-1,6,3.94,3.97
303035,-2,-2,52.0201,-1,0,0,-2,-2,-1,6,3.26,3.22
303596,-2,-2,52.0201,-1,0,0,-2,-2,-1,6,4,3.42
302946,-2,-2,42.0101,-1,0,0,-2,-2,-1,6,3.77,3.49
302354,1,1,52.0201,-1,0,0,-2,-2,-1,6,3.19,3.27
26660,-2,-2,52.1401,-1,0,0,-2,-2,-1,6,0,3.52
301797,-2,-2,51.1699,-1,0,0,-2,-2,-1,6,3.78,3.55
302770,-2,-2,0,-1,0,0,-2,-2,-1,6,2.26,2.03
305204,-2,-2,50.0701,-1,0,0,-2,-2,-1,6,2.9,2.61
304797,-2,-2,51.3801,-1,0,0,-2,-2,-1,6,4,3.94
302629,-2,-2,43.0399,-1,0,0,-2,-2,-1,6,3.4,3.73
297251,0,0,0,-1,0,0,-2,-2,-1,6,2.92,2.86
304738,-2,-2,26.0101,-1,0,0,-2,-2,-1,6,3.1,2.92
296844,1,0,0,-1,0,0,-2,-2,-1,6,2.1,2.57
304257,-2,-2,43.0203,-1,0,0,-2,-2,-1,6,3.14,3.34
260331,-2,-2,0,-1,0,0,-2,-2,-1,6,3.18,3.3
302976,-2,-2,51.3801,-1,0,0,-2,-2,-1,6,4,3.67
252871,-2,-2,52.0201,-1,0,0,-2,-2,-1,6,2.5,1.66
303232,0,0,45.1101,-1,0,0,-2,-2,-1,6,3.15,3.18
301131,-2,0,52.0201,-1,0,0,-2,-2,-1,6,3.36,3.41
301130,-2,0,40.0801,-1,0,0,-2,-2,-1,6,3.21,3.47
301634,-2,-2,50.0701,-1,0,0,-2,-2,-1,6,2.78,2.48
277702,-2,-2,13.1202,-1,0,0,-2,-2,-1,6,3.48,3.03
277196,-2,-2,26.0101,-1,0,0,-2,-2,-1,6,0,3.02
303895,-2,-2,51.1699,-1,0,0,-2,-2,-1,6,3.3,3.29
298696,-2,0,26.0101,-1,0,0,-2,-2,-1,6,3.15,3.37
301346,-2,-2,50.0701,-1,0,0,-2,-2,-1,6,2.18,2.67
305180,-2,-2,51.3801,-1,0,0,-2,-2,-1,6,3.7,3.57
297513,1,0,0,-1,0,0,-2,-2,-1,6,3.49,3.04
298509,-2,-2,52.0301,-1,0,0,-2,-2,-1,6,4,4
300416,1,0,52.0801,-1,0,0,-2,-2,-1,6,3.23,3.2
300425,-2,-2,51.3801,-1,0,0,-2,-2,-1,6,3.86,3.92
298934,1,1,0,-1,0,0,-2,-2,-1,6,2,2.63
304610,-2,-2,11.0101,-1,0,0,-2,-2,-1,6,3.5,3.52
304937,-2,-2,51.3801,-1,0,0,-2,-2,-1,6,4,4
39414,-2,-2,52.0201,-1,0,0,-2,-2,-1,6,3.18,3.12
305183,-2,-2,51.3801,-1,0,0,-2,-2,-1,6,3.91,3.94
295509,-2,-2,43.0199,-1,0,0,-2,-2,-1,6,2,2.6
291040,-2,-2,54.0101,13.1001,0,0,-2,-2,-1,6,3.85,3.68
304223,-2,-2,52.0201,-1,0,0,-2,-2,-1,6,3.3,2.1
297957,-2,-2,45.1101,-1,0,0,-2,-2,-1,6,2.33,2.26
302040,-2,-2,45.1101,-1,0,0,-2,-2,-1,6,3.27,3.25
234532,-2,-2,43.0199,-1,0,0,-2,-2,-1,6,2.86,2.73
304316,-2,-2,43.0199,-1,0,0,-2,-2,-1,6,3.1,3.22
302808,-2,-2,52.0301,-1,0,0,-2,-2,-1,6,3.28,3.16
304266,-2,-2,43.0199,-1,0,0,-2,-2,-1,6,2.23,2.46
292741,-2,-2,52.0301,-1,0,0,-2,-2,-1,6,3.23,3.36
296902,-2,-2,52.0301,-1,0,0,-2,-2,-1,6,3.66,3.77
273529,-2,-2,0,-1,0,0,-2,-2,-1,6,3.18,3.21
288584,0,0,43.0199,-1,0,0,-2,-2,-1,6,0,3.88
301468,-2,-2,27.0101,13.1001,0,0,-2,-2,-1,6,4,3.43
301767,-2,-2,50.0701,-1,0,0,-2,-2,-1,6,3.5,3.41
300422,-2,-2,43.0399,-1,0,0,-2,-2,-1,6,3.34,3.67
268001,-2,-2,43.0399,-1,0,0,-2,-2,-1,6,3.54,3.71
304663,0,-2,54.0101,-1,0,0,-2,-2,-1,6,3,2.78
260813,-2,-2,43.0199,-1,0,0,-2,-2,-1,6,2.5,2.83
278532,-2,-2,51,-1,0,0,-2,-2,-1,6,3.08,3.01
283573,-2,-2,23.0101,-1,0,0,-2,-2,-1,6,3.52,3.63
299299,0,0,51.3801,-1,0,0,-2,-2,-1,6,3.7,3.42
302077,-2,-2,50.0701,-1,0,0,-2,-2,-1,6,3.12,3
303071,-2,-2,50.0701,-1,0,0,-2,-2,-1,6,3.1,1.8
302900,-2,-2,11.0101,-1,0,0,-2,-2,-1,6,0,0.54
298985,0,0,43.0199,-1,0,0,-2,-2,-1,6,3.1,2.84
300865,0,1,23.0101,-1,0,0,-2,-2,-1,6,3.13,3.06
289804,1,-2,23.0101,-1,0,0,-2,-2,-1,6,1.08,1.73
300030,0,-2,43.0199,-1,0,0,-2,-2,-1,6,3.18,3.26
300664,0,0,13.1202,-1,0,0,-2,-2,-1,6,2.8,3.08
298148,0,0,52.0201,-1,0,0,-2,-2,-1,6,2.54,2.85
300597,1,0,0,-1,0,0,-2,-2,-1,6,3.57,3.18
303060,0,1,52.0201,-1,0,0,-2,-2,-1,6,3.67,3.29
298316,0,0,26.0101,-1,0,0,-2,-2,-1,6,3.59,3.36
301271,0,1,0,-1,0,0,-2,-2,-1,6,0,0.92
298406,-2,0,0,-1,0,0,-2,-2,-1,6,3.17,3.24
283668,0,0,0,-1,0,0,-2,-2,-1,6,3.15,3.12
302547,1,-2,0,-1,0,0,-2,-2,-1,6,2.9,3.33
296689,1,0,13.1202,-1,0,0,-2,-2,-1,6,3.58,3.62
302452,-2,-2,52.0301,-1,0,0,-2,-2,-1,6,4,4
297388,-2,0,0,-1,0,0,-2,-2,-1,6,3.59,3.69
260559,-2,-2,51,-1,0,0,-2,-2,-1,6,2.56,3.19
301787,1,0,0,-1,0,0,-2,-2,-1,6,4,4
290265,-2,-2,51,-1,0,0,-2,-2,-1,6,3.32,3.33
301745,-2,1,26.0101,-1,0,0,-2,-2,-1,6,3.19,3.18
292744,-2,-2,52.0301,52.0801,0,0,-2,-2,-1,6,3.66,3.52
297161,0,-2,0,-1,0,0,-2,-2,-1,6,3.74,3.72
298252,-2,0,0,-1,0,0,-2,-2,-1,6,3.75,3.46
51316,-2,-2,51.3801,-1,0,0,-2,-2,-1,6,3.67,3.19
301726,-2,-2,52.0201,-1,0,0,-2,-2,-1,6,3.77,3.76
298578,-2,-2,51.1699,-1,8,0,51.3899,-2,-1,6,4,3.78
302502,-2,-2,43.0199,-1,0,0,-2,-2,-1,6,3.85,3.91
303583,-2,-2,11.0101,-1,0,0,-2,-2,-1,6,4,3.95
303817,-2,-2,43.0199,-1,0,0,-2,-2,-1,6,2.68,2.78
305119,-2,-2,43.0203,-1,0,0,-2,-2,-1,6,4,4
305298,-2,-2,51.3801,-1,0,0,-2,-2,-1,6,0,4
292345,-2,-2,52.0801,-1,0,0,-2,-2,-1,6,3.57,3.81
297146,0,1,0,-1,0,0,-2,-2,-1,6,2.51,2.73
247693,-2,-2,45.1101,-1,0,0,-2,-2,-1,6,2.67,2.16
291758,-2,-2,51.1699,-1,8,0,51.3899,-2,-1,6,4,3.74
258879,-2,-2,-1,54.0101,0,0,-2,-2,-1,6,2.65,2.86
304604,-2,-2,50.0701,-1,0,0,-2,-2,-1,6,3.76,3.83
303606,-2,-2,23.0101,-1,0,0,-2,-2,-1,6,0.68,1.68
301664,-2,-2,51.3801,-1,0,0,-2,-2,-1,6,2.64,2.93
294616,-2,-2,52.0201,-1,0,0,-2,-2,-1,6,2.88,3.08
282486,-2,-2,26.0101,-1,0,0,-2,-2,-1,6,1.99,2.16
301625,-2,-2,26.0101,13.1001,0,0,-2,-2,-1,6,3.58,3.66
304249,0,-2,50.0701,-1,0,0,-2,-2,-1,6,2.57,2.8
276063,-2,-2,26.0101,-1,0,0,-2,-2,-1,6,3.1,2.87
302782,-2,-2,23.0101,-1,0,0,-2,-2,-1,6,1.93,2.62
278173,-2,-2,52.1401,-1,0,0,-2,-2,-1,6,3.8,3.8
304674,-2,-2,13.1209,-1,0,0,-2,-2,-1,6,1.65,2
299844,0,1,13.1209,-1,0,0,-2,-2,-1,6,0,1.32
303301,0,1,52.0201,-1,0,0,-2,-2,-1,6,0,1
297794,1,1,43.0199,-1,0,0,-2,-2,-1,6,3.64,3.31
299434,1,0,45.0601,-1,0,0,-2,-2,-1,6,3.75,3.7
297844,0,1,50.0701,-1,0,0,-2,-2,-1,6,3.15,2.88
303769,1,0,0,-1,0,0,-2,-2,-1,6,2.5,2.82
294946,0,1,0,-1,0,0,-2,-2,-1,6,3.29,2.61
296831,0,1,26.0101,-1,0,0,-2,-2,-1,6,2.65,2.65
300544,1,0,0,-1,0,0,-2,-2,-1,6,2,2.17
301696,1,0,52.0201,-1,0,0,-2,-2,-1,6,3.57,3.12
299570,0,0,23.0101,-1,0,0,-2,-2,-1,6,3.42,3.49
300407,1,0,50.0701,-1,0,0,-2,-2,-1,6,3.24,3.03
43733,0,1,50.0701,-1,0,0,-2,-2,-1,6,2.1,2.44
298780,1,0,23.0101,-1,0,0,-2,-2,-1,6,3.21,3.21
304741,0,1,0,-1,0,0,-2,-2,-1,6,2.58,2.96
302271,0,0,26.0101,-1,0,0,-2,-2,-1,6,0,0
298102,0,0,43.0203,-1,0,0,-2,-2,-1,6,2.32,2.64
297572,1,0,0,-1,0,0,-2,-2,-1,6,3.23,3.1
302398,1,0,43.0199,-1,0,0,-2,-2,-1,6,3.15,2.63
299485,0,0,13.1202,-1,0,0,-2,-2,-1,6,2.6,2.82
302870,0,1,0,-1,0,0,-2,-2,-1,6,3.43,3.35
302639,-2,-2,52.0301,-1,0,0,-2,-2,-1,6,3,2.75
300964,0,1,11.0101,-1,0,0,-2,-2,-1,6,2.78,2.92
301202,-2,-2,43.0199,-1,0,0,-2,-2,-1,6,3.05,3.15
302633,0,1,43.0199,-1,0,0,-2,-2,-1,6,2.65,2.79
301530,-2,0,43.0199,-1,0,0,-2,-2,-1,6,3.48,3.17
304097,1,0,0,-1,0,0,-2,-2,-1,6,0,3
298929,0,0,52.0201,-1,0,0,-2,-2,-1,6,3.36,3.56
299017,-2,0,0,-1,0,0,-2,-2,-1,6,3.34,3.25
305422,-1,-1,0,-1,0,0,-2,-2,-1,6,2.68,2.61
267051,-2,-2,26.0101,43.0199,0,0,-2,-2,-1,6,3.54,3.66
304290,-2,-2,45.1101,-1,0,0,-2,-2,-1,6,3.78,3.72
302550,-2,-2,52.0201,-1,0,0,-2,-2,-1,6,2.87,2.97
301600,-2,-2,13.1202,-1,0,0,-2,-2,-1,6,3.65,3.71
299962,1,0,0,-1,0,0,-2,-2,-1,6,3.67,3.78
298727,-2,-2,51.1699,-1,0,0,-2,-2,-1,6,3.92,3.88
303926,-2,-2,52.1401,-1,0,0,-2,-2,-1,6,2.66,2.91
298144,0,0,0,-1,0,0,-2,-2,-1,6,3.51,3.5
270495,-2,-2,26.0101,-1,0,0,-2,-2,-1,6,1.7,3.23
303909,-2,-2,52.0201,-1,0,0,-2,-2,-1,6,3.38,3.02
281128,0,-2,43.0199,-1,0,0,-2,-2,-1,6,3.5,3.22
299622,-2,-2,50.0701,-1,0,0,-2,-2,-1,6,3,2.92
302914,-2,-2,43.0399,-1,0,0,-2,-2,-1,6,3.8,3.85
303088,-2,-2,52.0301,-1,0,0,-2,-2,-1,6,1.67,2.06
302498,-2,-2,43.0199,-1,0,0,-2,-2,-1,6,3.52,3.69
302250,-2,-2,43.0399,-1,0,0,-2,-2,-1,6,0,3.14
276902,-2,-2,26.0101,-1,0,0,-2,-2,-1,6,2.55,2.56
301316,-2,1,26.0101,-1,0,0,-2,-2,-1,6,2.38,2.6
301457,-2,-2,43.0199,-1,0,0,-2,-2,-1,6,2.86,3.27
297766,-2,-2,43.0203,-1,0,0,-2,-2,-1,6,3,3.33
301063,0,1,0,-1,0,0,-2,-2,-1,6,3,2.6
300588,-2,-2,43.0199,-1,0,0,-2,-2,-1,6,2,1.88
298954,0,0,9.0101,-1,0,0,-2,-2,-1,6,3.68,3.81
299738,0,0,0,-1,0,0,-2,-2,-1,6,2.24,2.57
296527,0,0,0,-1,0,0,-2,-2,-1,6,3.6,3.64
296824,1,1,0,-1,0,0,-2,-2,-1,6,3.23,2.77
301597,1,0,0,-1,0,0,-2,-2,-1,6,3,2.96
283839,1,0,13.1202,-1,0,0,-2,-2,-1,6,2.63,2.52
297344,0,0,13.1202,-1,0,0,-2,-2,-1,6,1.21,1.43
296796,0,1,43.0199,-1,0,0,-2,-2,-1,6,3.54,3.6
300953,0,-2,54.0101,-1,0,0,-2,-2,-1,6,2.83,2.76
299977,-2,0,26.0101,-1,0,0,-2,-2,-1,6,3.17,2.45
303786,-2,-2,27.0101,-1,0,0,-2,-2,-1,6,0,1.78
301077,1,0,51.0999,-1,0,0,-2,-2,-1,6,3.23,3.16
302860,0,1,0,-1,0,0,-2,-2,-1,6,3.48,2.94
304862,-2,-2,43.0199,-1,0,0,-2,-2,-1,6,2.5,2.46
298740,0,0,0,-1,0,0,-2,-2,-1,6,3.13,3.06
302891,-2,-2,43.0399,-1,0,0,-2,-2,-1,6,3.6,3.6
282665,-2,-2,51.3801,-1,0,0,-2,-2,-1,6,3.36,3.29
297421,-2,-2,45.1101,-1,0,0,-2,-2,-1,6,3.36,3.47
300674,-2,-2,0,-1,0,0,-2,-2,-1,6,2.37,2.6
298694,-2,-2,52.0201,-1,0,0,-2,-2,-1,6,1.7,2.95
304607,0,0,26.0101,-1,0,0,-2,-2,-1,6,2.33,2.79
299630,-2,-2,52.0301,-1,0,0,-2,-2,-1,6,2.14,2.23
297299,-2,-2,51.3801,-1,0,0,-2,-2,-1,6,3.85,3.56
301900,-2,-2,42.0101,-1,0,0,-2,-2,-1,6,2.6,2.75
277848,-2,-2,0,-1,0,0,-2,-2,-1,6,3.19,2.8
305113,-2,-2,50.0701,-1,0,0,-2,-2,-1,6,3.44,3.7
300239,-2,-2,26.0101,-1,0,0,-2,-2,-1,6,2.66,3.05
303087,-2,-2,9.0101,-1,0,0,-2,-2,-1,6,2,0.92
240831,-2,-2,9.0101,-1,0,0,-2,-2,-1,6,3,2.94
294113,-2,-2,13.1209,-1,0,0,-2,-2,-1,6,3.68,3.76
304864,-2,-2,0,-1,0,0,-2,-2,-1,6,0,1.75
304642,-2,-2,52.0201,-1,0,0,-2,-2,-1,6,3.58,3.37
304768,-1,-1,27.0101,-1,0,0,-2,-2,-1,6,3.7,2.98
304219,-2,-2,23.0101,13.1202,0,0,-2,-2,-1,6,3.5,3.17
293311,-2,-2,51.1699,-1,8,0,51.3899,-2,-1,6,4,3.96
302752,-2,-2,43.0399,-1,0,0,-2,-2,-1,6,3.6,3.8
262005,-2,-2,26.0101,-1,0,0,-2,-2,-1,6,3.45,3.13
267763,-2,-2,52.0301,-1,0,0,-2,-2,-1,6,1.5,2.21
300659,0,-2,0,-1,0,0,-2,-2,-1,6,2.82,2.85
280240,1,0,0,-1,0,0,-2,-2,-1,6,2.81,2.66
278138,-2,-2,26.0101,-1,0,0,-2,-2,-1,6,3,2.45
301724,-2,-2,51.3801,-1,0,0,-2,-2,-1,6,0.83,0.97
303406,1,0,0,-1,0,0,-2,-2,-1,6,0,1.77
298868,0,0,54.0101,-1,0,0,-2,-2,-1,6,3.93,3.83
297231,-2,0,43.0199,-1,0,0,-2,-2,-1,6,3.57,3.51
297239,1,0,43.0199,-1,0,0,-2,-2,-1,6,2.8,2.93
301695,-2,-2,23.0101,-1,0,0,-2,-2,-1,6,2.93,3.42
301303,0,1,0,-1,0,0,-2,-2,-1,6,2.62,2.62
299112,1,0,23.0101,-1,0,0,-2,-2,-1,6,1.23,1.9
301152,0,1,0,-1,0,0,-2,-2,-1,6,0,2
305279,-1,-1,0,-1,0,0,-2,-2,-1,6,2.98,2.91
300667,0,1,52.0201,-1,0,0,-2,-2,-1,6,0.83,1.2
301895,-2,0,13.1209,-1,0,0,-2,-2,-1,6,3.01,2.99
300650,-2,-2,50.0701,-1,0,0,-2,-2,-1,6,3.68,3.48
248802,-2,-2,52.0801,-1,0,0,-2,-2,-1,6,2.8,2.54
301345,0,0,43.0203,-1,0,0,-2,-2,-1,6,3.4,3.49
298838,0,0,52.0201,-1,0,0,-2,-2,-1,6,3.4,3.39
300241,1,0,42.0101,-1,0,0,-2,-2,-1,6,2.7,2.87
300305,-2,0,26.0101,-1,0,0,-2,-2,-1,6,3.32,3.1
45090,-2,-2,9.0101,-1,0,0,-2,-2,-1,6,3.08,3.14
300395,-2,-2,51.3801,-1,0,0,-2,-2,-1,6,3.5,3.35
300683,-2,1,40.0501,-1,0,0,-2,-2,-1,6,4,3.85
302497,-2,-2,52.0201,-1,0,0,-2,-2,-1,6,3.58,3.75
298290,1,1,43.0199,-1,0,0,-2,-2,-1,6,3.18,3.25
263654,-2,-2,16.0905,13.1209,0,0,-2,-2,-1,6,3.8,3.62
35056,-2,-2,52.0201,-1,0,0,-2,-2,-1,6,3.18,3.12
297688,1,0,51.0999,-1,0,0,-2,-2,-1,6,2.2,1.1
298138,-2,-2,51.3801,-1,0,0,-2,-2,-1,6,3.45,3.45
300056,-2,-2,26.0101,-1,0,0,-2,-2,-1,6,3.26,2.41
301169,-2,0,27.0101,-1,0,0,-2,-2,-1,6,3.52,3.43
302084,-2,-2,26.0101,-1,0,0,-2,-2,-1,6,3.13,3.41
302611,0,-2,11.0101,-1,0,0,-2,-2,-1,6,2.79,2.47
304651,-2,-2,54.0101,-1,0,0,-2,-2,-1,6,4,4
304088,-2,-2,52.0301,-1,0,0,-2,-2,-1,6,3.9,3.94
299068,-2,-2,42.0101,-1,0,0,-2,-2,-1,6,2.9,2.85
301572,-2,-2,13.1202,-1,0,0,-2,-2,-1,6,2.6,2.68
293678,-2,-2,51.1699,-1,8,0,51.3899,-2,-1,6,3.9,3.68
304466,-2,-2,45.1101,-1,0,0,-2,-2,-1,6,3.2,3.37
302716,1,1,0,-1,0,0,-2,-2,-1,6,3.54,3.83
303937,0,-2,27.0101,-1,0,0,-2,-2,-1,6,3.25,3.62
296284,-2,-2,43.0399,-1,8,0,43.0399,-2,-1,6,3.9,3.83
298584,-2,-2,51.1699,-1,8,0,51.3899,-2,-1,6,4,3.9
302289,-2,-2,13.1209,-1,0,0,-2,-2,-1,6,3.7,3.19
90940,-2,-2,52.0201,-1,0,0,-2,-2,-1,6,0.58,1.5
263093,-2,-2,43.0199,-1,0,0,-2,-2,-1,6,3.2,3.11
304779,0,0,0,-1,0,0,-2,-2,-1,6,3.77,3.69
276152,-2,-2,42.0101,-1,0,0,-2,-2,-1,6,3.7,3.72
302321,-2,-2,52.0201,-1,0,0,-2,-2,-1,6,4,3.71
304588,-2,-2,52.0201,-1,0,0,-2,-2,-1,6,0,2.33
271393,-2,-2,43.0199,-1,0,0,-2,-2,-1,6,3.5,3.53
303995,-2,-2,43.0199,-1,0,0,-2,-2,-1,6,2.68,2.81
277061,-2,-2,43.0199,-1,0,0,-2,-2,-1,6,3.31,3.25
287663,-2,-2,50.0701,50.0701,0,0,-2,-2,-1,6,3.9,3.94
304526,-2,-2,43.0199,-1,0,0,-2,-2,-1,6,3.58,3.57
298741,0,1,0,-1,0,0,-2,-2,-1,6,0,0.15
299716,0,-2,42.0101,-1,0,0,-2,-2,-1,6,1.85,2.24
292823,-2,-2,13.1202,-1,0,0,-2,-2,-1,6,1.85,2.86
299970,-2,-2,0,-1,0,0,-2,-2,-1,6,0.43,0.67
34666,-2,-2,43.0399,-1,0,0,-2,-2,-1,6,4,4
301871,-2,-2,13.1209,-1,0,0,-2,-2,-1,6,1.5,2.23
298869,0,0,43.0199,-1,0,0,-2,-2,-1,6,3,2.15
300604,-2,0,43.0199,-1,0,0,-2,-2,-1,6,2.2,2.22
301901,-2,1,9.0101,-1,0,0,-2,-2,-1,6,2.26,2.46
302791,0,1,42.0101,-1,0,0,-2,-2,-1,6,2.76,2.92
296319,0,1,13.1202,-1,0,0,-2,-2,-1,6,0,2
294428,-2,0,0,-1,0,0,-2,-2,-1,6,3.72,3.76
267985,-2,-2,9.0101,-1,0,0,-2,-2,-1,6,3.23,3.24
297209,0,0,23.0101,-1,0,0,-2,-2,-1,6,2.38,2.07
300756,0,0,13.1202,-1,0,0,-2,-2,-1,6,3.21,3.08
297051,0,0,0,-1,0,0,-2,-2,-1,6,3.18,3.22
304909,-2,0,0,-1,0,0,-2,-2,-1,6,3.93,3.96
297882,1,1,42.0101,-1,0,0,-2,-2,-1,6,3.4,3.37
248175,-2,-2,0,-1,0,0,-2,-2,-1,6,3.16,2.83
300358,-2,-2,51.1699,-1,8,0,51.3899,-2,-1,6,4,3.83
298284,1,-2,42.0101,-1,0,0,-2,-2,-1,6,3.7,3.47
301575,-2,-2,40.0801,-1,0,0,-2,-2,-1,6,2.76,3.04
275830,-2,-2,42.0101,-1,0,0,-2,-2,-1,6,3.62,3.74
305084,-2,-2,52.0201,-1,0,0,-2,-2,-1,6,4,4
305271,-2,-2,51.3801,-1,0,0,-2,-2,-1,6,2.8,3.02
304592,-2,-2,45.1101,-1,0,0,-2,-2,-1,6,2.2,2.36
195199,-2,-2,26.0101,-1,0,0,-2,-2,-1,6,2.68,2.7
302158,-2,-2,52.0301,52.0801,0,0,-2,-2,-1,6,3.8,3.73
242035,-2,-2,13.1202,-1,0,0,-2,-2,-1,6,3.83,3.66
206889,-2,-2,52.0201,-1,0,0,-2,-2,-1,6,3.33,3.22
297677,-2,-2,50.0903,-1,0,0,-2,-2,-1,6,3.3,3.4
299687,0,-2,0,-1,0,0,-2,-2,-1,6,2.2,2.04
304252,-2,-2,52.0201,-1,0,0,-2,-2,-1,6,3.35,3.22
299991,1,0,43.0199,-1,0,0,-2,-2,-1,6,0,0.67
301301,0,0,50.0901,-1,0,0,-2,-2,-1,6,2.99,3.04
294371,0,-2,0,-1,0,0,-2,-2,-1,6,3.6,3.77
299944,0,-2,0,-1,0,0,-2,-2,-1,6,3.88,3.82
298385,1,1,0,-1,0,0,-2,-2,-1,6,3.15,2.6
299822,1,0,0,-1,0,0,-2,-2,-1,6,2.7,2.5
298217,1,0,9.0101,-1,0,0,-2,-2,-1,6,3.23,2.98
303171,-2,-2,50.0901,-1,0,0,-2,-2,-1,6,3.05,3.01
295143,-2,-2,0,-1,0,0,-2,-2,-1,6,3.74,3.52
301472,0,0,13.1202,-1,0,0,-2,-2,-1,6,3.28,3.3
299238,0,1,0,-1,0,0,-2,-2,-1,6,3.46,3.22
298268,0,0,43.0203,-1,0,0,-2,-2,-1,6,0,0.56
301320,1,1,42.0101,-1,0,0,-2,-2,-1,6,1,0.92
304940,1,1,51.0999,-1,0,0,-2,-2,-1,6,2,2.34
299672,1,-2,45.1001,-1,0,0,-2,-2,-1,6,2.48,2.89
241161,-2,-2,51.1699,-1,0,0,-2,-2,-1,6,3.31,3.37
297072,0,0,42.0101,-1,0,0,-2,-2,-1,6,2.33,2.68
297224,1,1,0,-1,0,0,-2,-2,-1,6,3.44,3.14
297843,-2,-2,43.0399,-1,0,0,-2,-2,-1,6,4,4
301860,1,1,40.0501,-1,0,0,-2,-2,-1,6,1.7,1.95
300327,0,0,0,-1,0,0,-2,-2,-1,6,2.38,2.47
259870,-2,-2,43.0199,-1,0,0,-2,-2,-1,6,3.14,2.93
296886,-2,-2,52.0301,-1,0,0,-2,-2,-1,6,4,3.96
289801,0,0,51,-1,0,0,-2,-2,-1,6,3.25,2.91
303585,-2,-2,51.3801,-1,0,0,-2,-2,-1,6,3.26,3.3
304766,-2,-2,0,-1,0,0,-2,-2,-1,6,2.4,2.87
298215,0,-2,26.0101,-1,0,0,-2,-2,-1,6,3.5,3.72
301298,0,-2,0,-1,0,0,-2,-2,-1,6,2.74,2.66
297095,0,-2,23.0101,-1,0,0,-2,-2,-1,6,3.68,3.64
301663,-2,-2,51.3801,-1,0,0,-2,-2,-1,6,3.15,3.33
298141,-2,-2,40.0501,-1,0,0,-2,-2,-1,6,3.46,3.39
304806,-2,-2,51.3801,-1,0,0,-2,-2,-1,6,4,4
302858,-2,-2,45.1101,-1,0,0,-2,-2,-1,6,3.1,3.28
305479,-2,-2,51.3801,-1,0,0,-2,-2,-1,6,4,4
302122,-2,-2,45.1101,-1,0,0,-2,-2,-1,6,2.4,2.53
63345,-2,-2,51.3801,-1,0,0,-2,-2,-1,6,2.55,2.92
303401,0,0,11.0101,-1,0,0,-2,-2,-1,6,1.65,2.32
304791,-2,-2,51.3801,-1,0,0,-2,-2,-1,6,4,4
78476,-2,-2,43.0399,-1,0,0,-2,-2,-1,6,3.93,3.6
103306,-2,-2,51,-1,0,0,-2,-2,-1,6,3.77,3.35
303754,-2,-2,51.3801,-1,0,0,-2,-2,-1,6,3.2,3.63
301732,-2,-2,13.1202,-1,0,0,-2,-2,-1,6,3.15,2.93
297632,-2,-2,43.0399,-1,0,0,-2,-2,-1,6,3.85,3.92
303766,-2,-2,51.3801,-1,0,0,-2,-2,-1,6,3.3,3.75
301659,-2,-2,51.3801,-1,0,0,-2,-2,-1,6,4,3.76
303759,-2,-2,51.3801,-1,0,0,-2,-2,-1,6,3.7,3.9
303592,-2,-2,52.0801,-1,0,0,-2,-2,-1,6,3.25,3.37
270810,-2,-2,9.0101,-1,0,0,-2,-2,-1,6,0,1.42
302885,-2,-2,13.1209,-1,0,0,-2,-2,-1,6,1.9,1.45
303307,-2,-2,52.0201,-1,0,0,-2,-2,-1,6,2.86,2.86
304831,0,-2,51,-1,0,0,-2,-2,-1,6,2.47,2.74
298527,0,0,40.0801,-1,0,0,-2,-2,-1,6,2.76,2.75
304648,0,0,0,-1,0,0,-2,-2,-1,6,2.3,2.44
302022,0,0,0,-1,0,0,-2,-2,-1,6,2.75,2.48
294410,0,0,0,-1,0,0,-2,-2,-1,6,2.93,2.58
297162,0,-2,0,-1,0,0,-2,-2,-1,6,4,3.87
300266,0,1,26.0101,-1,0,0,-2,-2,-1,6,3.44,3.24
302439,0,-2,0,-1,0,0,-2,-2,-1,6,0,3
297205,0,1,0,-1,0,0,-2,-2,-1,6,1.94,2.27
301099,0,0,50.0901,-1,0,0,-2,-2,-1,6,3,3.45
299770,0,0,42.0101,-1,0,0,-2,-2,-1,6,2.66,2.72
302137,-2,-2,43.0199,-1,0,0,-2,-2,-1,6,2.93,2.78
280676,-2,-2,43.0199,-1,0,0,-2,-2,-1,6,2.1,2.42
303437,-2,-2,45.1101,-1,0,0,-2,-2,-1,6,3.17,3.07
305169,-2,-2,51.3801,-1,0,0,-2,-2,-1,6,4,3.94
298860,0,1,52.0201,-1,0,0,-2,-2,-1,6,2.7,2.46
274139,-2,-2,42.0101,-1,0,0,-2,-2,-1,6,0,3.32
301808,-2,-2,26.0101,-1,0,0,-2,-2,-1,6,3.67,3.16
298889,1,-2,0,-1,0,0,-2,-2,-1,6,3,2.55
300835,0,0,0,-1,0,0,-2,-2,-1,6,3.47,2.76
303351,-2,-2,0,-1,0,0,-2,-2,-1,6,3,3.14
303015,-2,-2,45.1101,13.1001,0,0,-2,-2,-1,6,3.94,3.89
195466,-2,-2,42.0101,-1,0,0,-2,-2,-1,6,0,4
302186,-2,-2,45.1101,-1,0,0,-2,-2,-1,6,3,2.74
299711,-2,-2,54.0101,-1,0,0,-2,-2,-1,6,3.72,3.7
302843,-2,-2,0,-1,0,0,-2,-2,-1,6,3.2,3.6
304918,-2,-2,51.3801,-1,0,0,-2,-2,-1,6,4,3.8
294583,-2,-2,43.0199,-1,0,0,-2,-2,-1,6,2.93,3.1
205336,-2,0,0,-1,0,0,-2,-2,-1,6,0,0.21
301620,-2,-2,51.1699,-1,0,0,-2,-2,-1,6,4,3.98
304467,-2,-2,52.0201,-1,0,0,-2,-2,-1,6,3.68,3.63
303988,-2,-2,23.0101,-1,0,0,-2,-2,-1,6,3.25,3.53
300872,-2,-2,42.0101,13.1209,0,0,-2,-2,-1,6,3.5,3.46
304735,-2,-2,43.0199,-1,0,0,-2,-2,-1,6,3.93,3.71
299265,-2,-2,52.0301,-1,0,0,-2,-2,-1,6,3.4,3.55
302580,-2,-2,13.1209,-1,0,0,-2,-2,-1,6,2.28,2.62
281327,-2,-2,13.1202,-1,0,0,-2,-2,-1,6,3,3.08
297816,0,-2,0,-1,0,0,-2,-2,-1,6,3.48,3.45
298357,-2,-2,52.0201,-1,0,0,-2,-2,-1,6,2,3
298495,-2,0,0,-1,0,0,-2,-2,-1,6,3.85,3.65
301481,0,0,0,-1,0,0,-2,-2,-1,6,3.33,3.33
298291,-2,1,52.0201,-1,0,0,-2,-2,-1,6,2.83,2.81
297240,0,0,0,-1,0,0,-2,-2,-1,6,2.75,2.9
296573,0,0,0,-1,0,0,-2,-2,-1,6,2.79,3.01
301574,1,0,0,-1,0,0,-2,-2,-1,6,2.57,2.85
297975,-2,0,43.0199,-1,0,0,-2,-2,-1,6,3.43,3.42
300271,1,0,13.1209,-1,0,0,-2,-2,-1,6,2.23,2.29
288039,-2,-2,0,-1,0,0,-2,-2,-1,6,3,3.22
63106,0,0,0,-1,0,0,-2,-2,-1,6,1.5,1.25
282115,-2,-2,0,-1,0,0,-2,-2,-1,6,2.65,2.86
304468,-2,-2,51.3801,-1,0,0,-2,-2,-1,6,3.7,3.26
300778,0,0,0,-1,0,0,-2,-2,-1,6,3.44,3.38
299815,0,0,43.0199,-1,0,0,-2,-2,-1,6,2.54,2.84
302555,-2,-2,51.3801,-1,0,0,-2,-2,-1,6,4,3.08
302910,-2,-2,52.0201,-1,0,0,-2,-2,-1,6,4,3.66
295078,1,0,0,-1,0,0,-2,-2,-1,6,2.93,3.07
266698,-2,-2,52.0201,-1,0,0,-2,-2,-1,6,1.34,2.19
303559,-2,-2,51.1699,-1,0,0,-2,-2,-1,6,3.52,3.63
295755,-2,-2,27.0101,-1,0,0,-2,-2,-1,6,3.28,3.28
304247,0,-2,0,-1,0,0,-2,-2,-1,6,2.75,2.77
302196,-2,-2,52.0201,-1,0,0,-2,-2,-1,6,2.58,2.96
284833,-2,-2,43.0199,-1,0,0,-2,-2,-1,6,0,2
303049,-2,-2,13.1209,-1,0,0,-2,-2,-1,6,0,2.65
301618,-2,-2,45.1101,-1,0,0,-2,-2,-1,6,3.67,3.74
304632,1,-2,40.0801,-1,0,0,-2,-2,-1,6,3.68,3.6
304799,-2,-2,51.3801,-1,0,0,-2,-2,-1,6,3.27,3.57
304336,1,1,50.0701,-1,0,0,-2,-2,-1,6,2.44,3.06
304194,-2,-2,51.3801,-1,0,0,-2,-2,-1,6,3.3,3.3
298353,-2,-2,13.1001,-1,0,0,-2,-2,-1,6,3.33,3.46
302645,-2,-2,43.0399,-1,0,0,-2,-2,-1,6,3.4,3.53
304908,-2,-2,43.0199,-1,0,0,-2,-2,-1,6,3,3.25
304286,-2,-2,43.0199,-1,0,0,-2,-2,-1,6,3.6,3.57
299626,-2,-2,50.0701,-1,0,0,-2,-2,-1,6,2.4,1.36
290247,-2,-2,16.0905,-1,0,0,-2,-2,-1,6,3.66,3.33
301406,-2,-2,11.0101,-1,0,0,-2,-2,-1,6,3.43,3.21
303710,-2,-2,51.3801,-1,0,0,-2,-2,-1,6,0,2.52
298777,-2,1,0,-1,0,0,-2,-2,-1,6,3.25,3.43
303038,-2,-2,0,-1,0,0,-2,-2,-1,6,2.15,2.75
269219,-2,-2,42.0101,-1,0,0,-2,-2,-1,6,3.58,3.41
267972,-2,-2,51.3801,-1,0,0,-2,-2,-1,6,3.02,3.29
296577,-2,-2,43.0399,-1,0,0,-2,-2,-1,6,4,4
297642,-2,-2,52.0801,-1,0,0,-2,-2,-1,6,2.5,3
299018,0,0,42.0101,-1,0,0,-2,-2,-1,6,2.4,2.17
301576,-2,0,0,-1,0,0,-2,-2,-1,6,3.88,3.45
300669,-2,0,0,-1,0,0,-2,-2,-1,6,2.74,2.48
300099,-2,0,0,-1,0,0,-2,-2,-1,6,3.84,3.72
299353,-2,0,42.0101,-1,0,0,-2,-2,-1,6,3.54,3.41
295103,0,1,11.0101,-1,0,0,-2,-2,-1,6,3.3,2.12
300961,0,1,50.0901,-1,0,0,-2,-2,-1,6,2.95,3.28
298101,-2,1,0,-1,0,0,-2,-2,-1,6,3.63,3.54
294430,-2,-2,0,-1,0,0,-2,-2,-1,6,3.94,3.91
298598,0,0,50.0701,-1,0,0,-2,-2,-1,6,3.18,3.08
300003,0,1,27.0101,-1,0,0,-2,-2,-1,6,2.46,2.48
297516,0,-2,0,-1,0,0,-2,-2,-1,6,2,2.38
301934,1,0,13.1202,-1,0,0,-2,-2,-1,6,3.75,3.74
301299,0,1,54.0101,-1,0,0,-2,-2,-1,6,3.11,3.17
300404,-2,0,11.0101,-1,0,0,-2,-2,-1,6,0,2.09
302542,0,1,52.0201,-1,0,0,-2,-2,-1,6,3.48,3.54
303136,0,1,0,-1,0,0,-2,-2,-1,6,3.3,3.49
298377,1,0,0,-1,0,0,-2,-2,-1,6,0,0
302003,0,-2,0,-1,0,0,-2,-2,-1,6,0,1.47
301485,0,1,0,-1,0,0,-2,-2,-1,6,2,2.06
65929,1,1,0,-1,0,0,-2,-2,-1,6,3.7,3.12
304706,1,1,43.0199,-1,0,0,-2,-2,-1,6,2.66,3.01
299945,-2,0,52.0201,-1,0,0,-2,-2,-1,6,2.33,1.75
299457,1,0,0,-1,0,0,-2,-2,-1,6,0.14,1.13
104072,-2,-2,51.3801,-1,0,0,-2,-2,-1,6,3.65,3.72
300394,-2,-2,50.0701,-1,0,0,-2,-2,-1,6,2.98,3.05
292203,-2,-2,51.1699,-1,8,0,51.3899,-2,-1,6,4,3.78
301939,1,0,52.0201,-1,0,0,-2,-2,-1,6,2.85,2.84
303484,-2,-2,51.1699,-1,0,0,-2,-2,-1,6,3.82,3.82
301459,-2,-2,51.1699,-1,8,0,51.3899,-2,-1,6,4,3.9
298387,-2,0,0,-1,0,0,-2,-2,-1,6,3,2.69
275039,-2,-2,52.0201,-1,0,0,-2,-2,-1,6,3.74,3.8
303960,-2,-2,51.3801,-1,0,0,-2,-2,-1,6,3.22,3.12
295014,-2,-2,45.0601,-1,0,0,-2,-2,-1,6,3.6,3.67
300645,0,0,0,-1,0,0,-2,-2,-1,6,3.5,3.59
298790,-2,-2,0,-1,0,0,-2,-2,-1,6,3.19,3.18
66888,0,0,45.1101,-1,0,0,-2,-2,-1,6,2.5,2.44
301677,-2,-2,51.3801,-1,0,0,-2,-2,-1,6,3.38,3.65
300516,-2,-2,52.0301,-1,0,0,-2,-2,-1,6,3.3,3.76
304333,-2,-2,52.0301,-1,0,0,-2,-2,-1,6,4,4
302492,-2,-2,51.1699,-1,0,0,-2,-2,-1,6,3.65,3.62
303040,-2,-2,45.1101,-1,0,0,-2,-2,-1,6,2.57,3.15
302359,-2,-2,45.1101,-1,0,0,-2,-2,-1,6,3.4,3.3
260184,-2,-2,42.0101,-1,0,0,-2,-2,-1,6,3.49,3.45
296615,-2,-2,50.0901,-1,0,0,-2,-2,-1,6,3.04,3.4
278743,-2,-2,50.0701,-1,0,0,-2,-2,-1,6,3.68,3.58
303025,-2,-2,43.0199,-1,0,0,-2,-2,-1,6,1.65,2.32
301471,-2,-2,52.0201,-1,0,0,-2,-2,-1,6,1.6,1.89
296852,1,0,43.0199,-1,0,0,-2,-2,-1,6,3.63,2.92
303640,-2,-2,51.3801,-1,0,0,-2,-2,-1,6,3.57,3.78
298347,0,0,50.0901,-1,0,0,-2,-2,-1,6,2.2,2.6
302367,-2,1,26.0101,-1,0,0,-2,-2,-1,6,2.42,2.59
299236,0,0,42.0101,-1,0,0,-2,-2,-1,6,0,1.48
300590,1,0,13.1202,-1,0,0,-2,-2,-1,6,2,2.7
304702,0,0,0,-1,0,0,-2,-2,-1,6,2.23,2.5
297127,0,0,43.0199,-1,0,0,-2,-2,-1,6,2.52,2.6
299060,-2,-2,0,-1,0,0,-2,-2,-1,6,2.85,2.82
283610,-2,-2,26.0101,-1,0,0,-2,-2,-1,6,3.08,3.15
297136,0,0,0,-1,0,0,-2,-2,-1,6,3.13,3.29
301527,0,0,26.0101,-1,0,0,-2,-2,-1,6,3.13,2.87
302888,-2,-2,23.0101,-1,0,0,-2,-2,-1,6,1.8,2.05
297780,0,0,43.0199,-1,0,0,-2,-2,-1,6,0,2.55
301865,-2,1,52.0301,-1,0,0,-2,-2,-1,6,3.23,3.17
298530,0,0,0,-1,0,0,-2,-2,-1,6,2.62,2.67
245011,-2,-2,26.0101,-1,0,0,-2,-2,-1,6,0,0.69
300612,0,0,52.0301,-1,0,0,-2,-2,-1,6,3.2,3.29
268798,-2,0,52.0201,-1,0,0,-2,-2,-1,6,4,3.85
300508,-2,-2,43.0399,-1,0,0,-2,-2,-1,6,2.52,2.99
260509,-2,-2,26.0101,-1,0,0,-2,-2,-1,6,3.8,3.63
303787,-2,-2,51.3801,-1,0,0,-2,-2,-1,6,2.65,3.25
301155,0,1,11.0101,-1,0,0,-2,-2,-1,6,2.61,2.75
297044,1,0,0,-1,0,0,-2,-2,-1,6,3.9,3.45
305165,-2,-2,0,-1,0,0,-2,-2,-1,6,1.9,0.71
302184,-2,-2,52.0201,-1,0,0,-2,-2,-1,6,3.48,3.58
300515,-2,-2,26.0101,-1,0,0,-2,-2,-1,6,2.46,2.83
299740,-2,-2,52.0301,-1,0,0,-2,-2,-1,6,2.75,2.92
303801,-2,-2,13.1001,-1,0,0,-2,-2,-1,6,3.19,3.07
202068,-2,-2,43.0199,-1,0,0,-2,-2,-1,6,2.98,3.07
80254,0,-2,0,-1,0,0,-2,-2,-1,6,0.38,0.7
301580,-2,-2,51.1699,-1,8,0,51.3899,-2,-1,6,3.4,3.25
304793,-2,-2,27.0101,-1,0,0,-2,-2,-1,6,4,4
303609,-2,-2,40.0501,-1,0,0,-2,-2,-1,6,2.14,2.21
304614,-2,-2,23.0101,-1,0,0,-2,-2,-1,6,3,3.33
287848,-2,-2,52.0201,-1,0,0,-2,-2,-1,6,3.28,2.95
200891,-2,-2,51,-1,0,0,-2,-2,-1,6,3.67,3.5
302255,-2,-2,13.1209,-1,0,0,-2,-2,-1,6,3.43,3.45
259576,-2,-2,13.1209,-1,0,0,-2,-2,-1,6,1.5,1.6
256229,-2,-2,13.1202,-1,0,0,-2,-2,-1,6,1.08,1.52
305235,-1,-1,0,-1,0,0,-2,-2,-1,6,3.21,3.38
302437,0,-2,0,-1,0,0,-2,-2,-1,6,4,3.95
297437,-2,-2,23.0101,-1,0,0,-2,-2,-1,6,2.83,3.22
254560,-2,-2,23.0101,-1,0,0,-2,-2,-1,6,2.43,2.65
260217,-2,-2,50.0701,-1,0,0,-2,-2,-1,6,0,0
300513,0,1,43.0399,-1,0,0,-2,-2,-1,6,2.71,3
302157,-2,-2,43.0203,-1,0,0,-2,-2,-1,6,1.68,2.3
234232,-2,-2,54.0101,-1,0,0,-2,-2,-1,6,3.57,3.5
304143,-2,0,40.0801,-1,0,0,-2,-2,-1,6,3.71,3.8
304839,-2,-2,0,-1,0,0,-2,-2,-1,6,2,3
269721,-2,0,52.0301,-1,0,0,-2,-2,-1,6,2.75,2.75
304245,-2,-2,50.0701,-1,0,0,-2,-2,-1,6,3.5,3.12
293574,-2,-2,43.0399,-1,0,0,-2,-2,-1,6,4,3.87
251108,-2,-2,42.0101,-1,0,0,-2,-2,-1,6,4,4
305079,-2,-2,0,-1,0,0,-2,-2,-1,6,3.35,3.68
303127,-2,-2,43.0199,-1,0,0,-2,-2,-1,6,2.83,3.2
276437,-2,-2,43.0199,-1,0,0,-2,-2,-1,6,3.44,3.21
302470,-2,-2,43.0203,-1,0,0,-2,-2,-1,6,2.93,3
299563,0,0,0,-1,0,0,-2,-2,-1,6,1.78,2.27
289393,-2,-2,52.0801,-1,0,0,-2,-2,-1,6,3.54,3.68
300686,0,-2,0,-1,0,0,-2,-2,-1,6,2.9,2.83
297245,0,1,0,-1,0,0,-2,-2,-1,6,2,2.27
280422,-2,-2,50.0901,-1,0,0,-2,-2,-1,6,3.21,3.21
297361,-2,-2,13.1202,-1,0,0,-2,-2,-1,6,0,0.75
303402,-2,0,0,-1,0,0,-2,-2,-1,6,3.26,3.28
303825,1,1,0,-1,0,0,-2,-2,-1,6,3.3,3.15
300725,0,0,50.0901,-1,0,0,-2,-2,-1,6,3.68,3.62
303179,1,1,43.0199,-1,0,0,-2,-2,-1,6,2.49,2.21
299674,0,1,51.3801,-1,0,0,-2,-2,-1,6,2.82,2.92
26367,0,1,0,-1,0,0,-2,-2,-1,6,2.43,2.56
302574,-2,-2,26.0101,-1,0,0,-2,-2,-1,6,2.72,3.1
301300,-2,0,0,-1,0,0,-2,-2,-1,6,3.43,3.47
303046,-2,-2,45.1001,-1,0,0,-2,-2,-1,6,0,0.61
295032,-2,-2,43.0399,-1,0,0,-2,-2,-1,6,2.13,2.71
300761,1,0,42.0101,-1,0,0,-2,-2,-1,6,3.28,2.85
296939,0,0,0,-1,0,0,-2,-2,-1,6,0,2.82
301588,-2,-2,51.1699,-1,0,0,-2,-2,-1,6,3.7,3.58
277370,-2,-2,51.3801,-1,0,0,-2,-2,-1,6,3.26,3.37
305145,-2,1,52.0801,-1,0,0,-2,-2,-1,6,3.56,3.61
288617,-2,-2,13.1202,-1,0,0,-2,-2,-1,6,3.54,3.52
304692,-2,-2,45.1101,-1,0,0,-2,-2,-1,6,3.6,3.17
303410,-2,-2,51.3801,-1,0,0,-2,-2,-1,6,2,2.55
271944,-2,-2,23.0101,13.1209,0,0,-2,-2,-1,6,0.3,0.91
304586,-2,-2,0,-1,0,0,-2,-2,-1,6,3,3.33
296821,-2,-2,52.0801,-1,0,0,-2,-2,-1,6,3.5,3.56
303496,-2,-2,51.1699,-1,0,0,-2,-2,-1,6,4,3.95
296361,-2,-2,45.0601,-1,0,0,-2,-2,-1,6,2.85,2.67
254321,-2,-2,52.0301,-1,0,0,-2,-2,-1,6,4,3.97
303763,-2,-2,51.3801,-1,0,0,-2,-2,-1,6,3.85,3.85
94629,-2,-2,0,-1,0,0,-2,-2,-1,6,4,4
300623,-2,-2,51.1699,-1,8,0,51.3899,-2,-1,6,3.9,3.8
275814,-2,-2,52.0201,-1,0,0,-2,-2,-1,6,0.5,1.4
304714,-2,-2,43.0399,-1,0,0,-2,-2,-1,6,3.65,3.8
302489,-2,-2,51.1699,-1,0,0,-2,-2,-1,6,3.82,3.79
302327,-2,-2,13.1202,-1,0,0,-2,-2,-1,6,3.6,3.67
303251,-2,-2,45.1101,-1,0,0,-2,-2,-1,6,2.35,2.38
302375,0,0,0,-1,0,0,-2,-2,-1,6,2.9,2.67
302767,-2,-2,43.0199,-1,0,0,-2,-2,-1,6,3.6,3.5
297069,1,1,0,-1,0,0,-2,-2,-1,6,2.75,3.31
262406,0,0,43.0199,-1,0,0,-2,-2,-1,6,1.35,2.05
300371,-2,0,43.0203,-1,0,0,-2,-2,-1,6,2.97,2.92
301018,0,0,0,-1,0,0,-2,-2,-1,6,1.55,2.11
297640,1,1,50.0701,-1,0,0,-2,-2,-1,6,2.38,2.23
301041,0,1,0,-1,0,0,-2,-2,-1,6,2.9,2.9
299821,1,0,0,-1,0,0,-2,-2,-1,6,2.59,2.82
298991,-2,0,50.0701,-1,0,0,-2,-2,-1,6,3.75,3.51
297242,-2,-2,13.1001,-1,0,0,-2,-2,-1,6,3.79,3.59
300747,1,0,0,-1,0,0,-2,-2,-1,6,1.53,1.66
82611,-2,0,0,-1,0,0,-2,-2,-1,6,3.14,3
304729,0,1,0,-1,0,0,-2,-2,-1,6,0,0.78
301773,0,1,0,-1,0,0,-2,-2,-1,6,2.28,2.38
303142,0,-2,50.0901,-1,0,0,-2,-2,-1,6,3.15,2.99
296834,1,-2,13.1209,-1,0,0,-2,-2,-1,6,2.79,3.07
301170,0,1,0,-1,0,0,-2,-2,-1,6,2.1,2.5
298302,1,0,13.1209,-1,0,0,-2,-2,-1,6,2.48,2.8
300325,0,1,0,-1,0,0,-2,-2,-1,6,2,2.33
298939,0,0,26.0101,-1,0,0,-2,-2,-1,6,2.93,2.72
296778,-2,0,0,-1,0,0,-2,-2,-1,6,2.24,2.6
124131,0,1,26.0101,-1,0,0,-2,-2,-1,6,0,1.28
301643,1,-2,0,-1,0,0,-2,-2,-1,6,2,2
298341,1,0,0,-1,0,0,-2,-2,-1,6,3,2.53
297141,1,0,26.0101,-1,0,0,-2,-2,-1,6,2.82,2.66
305152,-2,-2,13.1209,-1,0,0,-2,-2,-1,6,3.9,3.92
301476,0,0,0,-1,0,0,-2,-2,-1,6,2.85,3.21
300684,0,1,0,-1,0,0,-2,-2,-1,6,2.71,2.49
295062,-2,-2,9.0101,-1,0,0,-2,-2,-1,6,3.1,3
298502,-2,0,0,-1,0,0,-2,-2,-1,6,3.58,3.7
300028,-2,1,11.0101,-1,0,0,-2,-2,-1,6,3.47,3.58
304688,-2,-2,40.0501,-1,0,0,-2,-2,-1,6,3.22,2.96
300401,-2,-2,50.0701,-1,0,0,-2,-2,-1,6,3.35,3.46
299125,0,0,11.0101,-1,0,0,-2,-2,-1,6,2.75,2.42
302387,-2,-2,13.1202,-1,0,0,-2,-2,-1,6,3.78,3.56
298444,-2,-2,0,-1,0,0,-2,-2,-1,6,2.5,2.91
142803,-2,-2,52.0301,-1,0,0,-2,-2,-1,6,3.68,3.2
305184,-2,-2,52.0201,-1,0,0,-2,-2,-1,6,4,4
295535,-2,-2,13.1209,-1,0,0,-2,-2,-1,6,2.7,3.27
303800,-2,-2,51.3801,-1,0,0,-2,-2,-1,6,4,4
105041,-2,-2,52.0201,-1,0,0,-2,-2,-1,6,0,2.35
302751,-2,-2,43.0399,-1,0,0,-2,-2,-1,6,1.5,2.65
304141,-2,-2,52.0301,-1,0,0,-2,-2,-1,6,3.3,3.82
301477,-2,-2,23.0101,13.1202,0,0,-2,-2,-1,6,2.47,2.77
301107,0,0,0,-1,0,0,-2,-2,-1,6,4,4
261949,-2,-2,13.1209,-1,0,0,-2,-2,-1,6,3.08,3.19
301972,-2,-2,52.1401,-1,0,0,-2,-2,-1,6,3.25,2.91
304938,-2,-2,43.0199,-1,0,0,-2,-2,-1,6,1.33,1.75
303972,-2,-2,13.1209,-1,0,0,-2,-2,-1,6,0.5,2.05
269527,-2,-2,40.0601,-1,0,0,-2,-2,-1,6,0,0
303019,-2,-2,11.0101,-1,0,0,-2,-2,-1,6,0,0.27
260054,-2,-2,52.0301,-1,0,0,-2,-2,-1,6,2.98,2.93
305300,-2,-2,26.0101,-1,0,0,-2,-2,-1,6,3.95,3.96
302064,-2,-2,42.0101,-1,0,0,-2,-2,-1,6,0,2.8
275892,-2,-2,43.0199,-1,0,0,-2,-2,-1,6,2.68,3.15
298656,-2,-2,27.0101,-1,0,0,-2,-2,-1,6,3.26,3.41
302863,0,0,0,-1,0,0,-2,-2,-1,6,2.7,2.46
303185,-2,-2,50.0901,-1,0,0,-2,-2,-1,6,2.93,2.7
300505,-2,-2,45.1101,-1,0,0,-2,-2,-1,6,1.2,1.63
298552,0,-2,52.0301,-1,0,0,-2,-2,-1,6,0,1.2
290916,-2,-2,45.1101,-1,0,0,-2,-2,-1,6,3.68,3.77
303146,1,-2,45.1001,-1,0,0,-2,-2,-1,6,3.3,3.13
75962,-2,-2,45.1101,-1,0,0,-2,-2,-1,6,3.32,3.17
252843,-2,-2,43.0399,-1,0,0,-2,-2,-1,6,3.83,3.75
301177,-2,-2,0,-1,0,0,-2,-2,-1,6,1.64,1.84
300080,1,0,13.1202,-1,0,0,-2,-2,-1,6,3.66,3.56
251689,-2,-2,0,-1,0,0,-2,-2,-1,6,3,3.34
298539,0,0,0,-1,0,0,-2,-2,-1,6,2.65,2.74
298617,0,1,52.0301,-1,0,0,-2,-2,-1,6,3.05,2.8
302848,1,0,0,-1,0,0,-2,-2,-1,6,3.5,3
296530,1,0,0,-1,0,0,-2,-2,-1,6,1.7,1.9
300990,0,1,23.0101,-1,0,0,-2,-2,-1,6,2.25,2.3
298918,1,0,43.0199,-1,0,0,-2,-2,-1,6,2.2,2.85
300763,-2,0,40.0601,-1,0,0,-2,-2,-1,6,4,3.96
297379,0,0,0,-1,0,0,-2,-2,-1,6,0,2.48
299819,0,0,42.0101,-1,0,0,-2,-2,-1,6,2.82,3.08
299220,1,0,0,-1,0,0,-2,-2,-1,6,3.33,3.41
305248,0,1,0,-1,0,0,-2,-2,-1,6,2.93,3.16
297873,0,0,13.1209,-1,0,0,-2,-2,-1,6,3.2,3.54
296863,-2,0,0,-1,0,0,-2,-2,-1,6,2.52,2.85
300248,0,1,0,-1,0,0,-2,-2,-1,6,2.95,2.05
296922,0,1,0,-1,0,0,-2,-2,-1,6,2.42,2.32
303164,0,-2,9.0101,-1,0,0,-2,-2,-1,6,3.3,3.28
304596,-2,-2,52.0801,-1,0,0,-2,-2,-1,6,3.08,3.21
303854,-2,0,0,-1,0,0,-2,-2,-1,6,3.78,3.78
304755,-2,-2,51.3801,-1,0,0,-2,-2,-1,6,0,2.8
303011,0,0,26.0101,-1,0,0,-2,-2,-1,6,1.92,2.69
300539,0,0,50.0701,-1,0,0,-2,-2,-1,6,0,0.2
300656,0,0,0,-1,0,0,-2,-2,-1,6,2.48,2.63
301626,-2,-2,52.0301,-1,0,0,-2,-2,-1,6,2.99,2.83
300330,0,0,0,-1,0,0,-2,-2,-1,6,3.54,3.67
270397,-2,-2,43.0199,-1,0,0,-2,-2,-1,6,3.46,3.46
305245,-2,-2,40.0501,-1,0,0,-2,-2,-1,6,3.93,3.9
305045,1,-2,0,-1,0,0,-2,-2,-1,6,3.78,3.76
303968,-2,-2,0,-1,0,0,-2,-2,-1,6,2.97,3.1
296684,-2,-2,52.0301,-1,0,0,-2,-2,-1,6,2,2.22
303959,-2,-2,52.0201,-1,0,0,-2,-2,-1,6,2.33,2.45
296605,-2,-2,0,-1,0,0,-2,-2,-1,6,3.23,2.68
302594,-2,-2,27.0101,13.1209,0,0,-2,-2,-1,6,2.43,2.61
302380,-2,-2,45.1101,-1,0,0,-2,-2,-1,6,2.33,2.47
26846,-2,-2,52.0301,-1,0,0,-2,-2,-1,6,3.5,3.45
304744,-2,-2,26.0101,-1,0,0,-2,-2,-1,6,3.07,3.24
304818,-2,-2,13.1202,-1,0,0,-2,-2,-1,6,0,0.5
75173,-2,-2,52.0201,-1,0,0,-2,-2,-1,6,3.95,3.97
302462,-2,-2,52.0301,-1,0,0,-2,-2,-1,6,3.83,3.83
301536,-2,-2,52.1401,-1,0,0,-2,-2,-1,6,3.26,3.4
297633,-2,-2,43.0399,-1,0,0,-2,-2,-1,6,3.75,3.87
105566,-2,-2,16.0905,13.1209,0,0,-2,-2,-1,6,3.4,3.5
303432,-2,-2,52.0201,-1,0,0,-2,-2,-1,6,2.65,2.97
305343,-2,-2,40.0501,-1,0,0,-2,-2,-1,6,0.5,0.96
295881,-2,-2,45.1101,-1,0,0,-2,-2,-1,6,0,3.76
302746,1,-2,42.0101,-1,0,0,-2,-2,-1,6,2.93,3
302712,-2,-2,43.0399,-1,0,0,-2,-2,-1,6,3.48,3.71
301181,-2,-2,45.1101,-1,0,0,-2,-2,-1,6,1.75,1.58
301315,0,0,0,-1,0,0,-2,-2,-1,6,1.94,1.31
302129,-2,-2,54.0101,13.1202,0,0,-2,-2,-1,6,3.43,3.55
300762,-2,-2,26.0101,-1,0,0,-2,-2,-1,6,3.65,3.22
298783,1,-2,0,-1,0,0,-2,-2,-1,6,3.43,3.18
287254,-2,-2,43.0199,-1,0,0,-2,-2,-1,6,3.26,3.57
295121,0,1,42.0101,-1,0,0,-2,-2,-1,6,3.42,3.08
299703,0,1,13.1202,-1,0,0,-2,-2,-1,6,2.66,2.67
301335,1,0,43.0399,-1,0,0,-2,-2,-1,6,2.39,2.54
296724,0,0,0,-1,0,0,-2,-2,-1,6,2.7,2.42
303569,1,1,0,-1,0,0,-2,-2,-1,6,3.05,2.84
301645,1,0,52.0301,-1,0,0,-2,-2,-1,6,2.83,2.91
26404,0,0,50.0901,-1,0,0,-2,-2,-1,6,2.1,2.28
296930,-2,-2,0,-1,0,0,-2,-2,-1,6,3.3,3.23
283826,-2,-2,52.0201,-1,0,0,-2,-2,-1,6,3.24,3.13
257481,-2,-2,0,-1,0,0,-2,-2,-1,6,3.25,2.68
201610,-2,-2,16.0905,13.1209,0,0,-2,-2,-1,6,3.14,2.9
289603,1,-2,43.0199,-1,0,0,-2,-2,-1,6,2.77,2.93
298913,-2,0,0,-1,0,0,-2,-2,-1,6,3.74,3.78
300369,-2,-2,51.1699,-1,0,0,-2,-2,-1,6,3.56,3.5
297137,0,0,0,-1,0,0,-2,-2,-1,6,2.81,2.99
304322,-2,-2,51.3801,-1,0,0,-2,-2,-1,6,2.75,3.07
304664,-2,-2,43.0199,-1,0,0,-2,-2,-1,6,3.02,3.19
300254,-2,-2,23.0101,-1,0,0,-2,-2,-1,6,3.43,3.46
304434,-2,-2,40.0801,-1,0,0,-2,-2,-1,6,2.37,2.59
304795,-2,-2,0,-1,0,0,-2,-2,-1,6,3.23,3.27
304650,-2,-2,26.0101,-1,0,0,-2,-2,-1,6,2.7,2.4
303021,-2,-2,52.0301,-1,0,0,-2,-2,-1,6,3.8,3.72
301581,-2,-2,51.1699,-1,8,0,51.3899,-2,-1,6,3.9,3.72
87767,-2,-2,42.0101,-1,0,0,-2,-2,-1,6,4,3.6
304160,-2,-2,43.0399,-1,0,0,-2,-2,-1,6,3.6,3.33
304220,-2,-2,27.0101,-1,0,0,-2,-2,-1,6,3.83,3.55
295159,-2,-2,43.0399,-1,0,0,-2,-2,-1,6,3.8,3.66
267004,-2,-2,45.1101,-1,0,0,-2,-2,-1,6,2.98,3.1
302940,-2,-2,13.1209,-1,0,0,-2,-2,-1,6,2.88,2.93
303810,-2,-2,51.1699,-1,0,0,-2,-2,-1,6,3.74,3.75
302844,-2,-2,9.0101,-1,0,0,-2,-2,-1,6,3.83,3.32
105953,-2,-2,0,-1,0,0,-2,-2,-1,6,2.75,2.75
300754,-2,-2,50.0701,-1,0,0,-2,-2,-1,6,3.54,3.33
305167,-2,-2,52.0201,-1,0,0,-2,-2,-1,6,3.66,3.77
305117,-2,-2,43.0399,-1,0,0,-2,-2,-1,6,3.94,3.93
303073,-2,0,0,-1,0,0,-2,-2,-1,6,3.13,3.14
304846,-2,-2,43.0199,-1,0,0,-2,-2,-1,6,1.43,2.22
301030,1,0,0,-1,0,0,-2,-2,-1,6,3.15,3.1
299887,1,1,13.1202,-1,0,0,-2,-2,-1,6,4,3.81
302475,1,1,0,-1,0,0,-2,-2,-1,6,3.5,3.3
302536,0,1,45.1001,-1,0,0,-2,-2,-1,6,3.02,2.94
299154,0,0,0,-1,0,0,-2,-2,-1,6,3.4,3.43
300676,0,0,43.0199,-1,0,0,-2,-2,-1,6,0,0.42
300403,0,0,43.0199,-1,0,0,-2,-2,-1,6,2.42,2.21
304598,0,1,0,-1,0,0,-2,-2,-1,6,2.3,2.38
295129,-2,0,0,-1,0,0,-2,-2,-1,6,2.68,2.75
297122,-2,0,26.0101,-1,0,0,-2,-2,-1,6,1.35,1.67
296322,0,0,50.0701,-1,0,0,-2,-2,-1,6,3.34,3.46
299380,1,-2,42.0101,-1,0,0,-2,-2,-1,6,2.23,2
300912,0,1,11.0101,-1,0,0,-2,-2,-1,6,2.87,2.9
298447,-2,1,52.0201,-1,0,0,-2,-2,-1,6,0,0.06
300827,0,0,0,-1,0,0,-2,-2,-1,6,3.43,3.35
303316,1,1,13.1202,-1,0,0,-2,-2,-1,6,1.59,2.1
297690,-2,-2,50.0701,-1,0,0,-2,-2,-1,6,3.9,3.8
303222,-2,1,0,-1,0,0,-2,-2,-1,6,1.55,2.09
301720,1,0,45.1101,-1,0,0,-2,-2,-1,6,2.54,2.73
300614,1,0,0,-1,0,0,-2,-2,-1,6,2.53,2.67
299593,-2,-2,27.0101,-1,0,0,-2,-2,-1,6,3.6,3.33
300411,0,0,13.1202,-1,0,0,-2,-2,-1,6,3.01,3.35
298863,0,0,43.0199,-1,0,0,-2,-2,-1,6,0,0.56
301175,0,1,42.0101,-1,0,0,-2,-2,-1,6,2.79,2.55
298481,-2,0,43.0203,-1,0,0,-2,-2,-1,6,3.4,3.36
303874,-2,-2,51.1699,-1,0,0,-2,-2,-1,6,3.6,3.65
297092,0,-2,0,-1,0,0,-2,-2,-1,6,1.34,1.97
298701,1,-2,0,-1,0,0,-2,-2,-1,6,2.65,2.32
303017,-2,-2,42.0101,-1,0,0,-2,-2,-1,6,3.84,3.79
290395,-2,-2,13.1209,-1,0,0,-2,-2,-1,6,3.12,3.12
297312,-2,0,42.0101,-1,0,0,-2,-2,-1,6,3.52,3.46
304128,-2,-2,52.0301,-1,0,0,-2,-2,-1,6,3.33,3.57
303991,-2,-2,26.0101,-1,0,0,-2,-2,-1,6,3.63,3.62
303064,-2,-2,45.1101,-1,0,0,-2,-2,-1,6,4,3.75
305480,-2,-2,51.3801,-1,0,0,-2,-2,-1,6,0,4
301594,-2,-2,51.1699,-1,0,0,-2,-2,-1,6,3.8,3.73
298028,-2,-2,43.0399,-1,0,0,-2,-2,-1,6,4,3.97
32175,0,-2,42.0101,-1,0,0,-2,-2,-1,6,4,3.65
304807,-2,-2,13.1209,-1,0,0,-2,-2,-1,6,0.93,1.59
303069,-2,-2,51.1699,-1,0,0,-2,-2,-1,6,3.74,3.81
237917,-2,-2,43.0199,-1,0,0,-2,-2,-1,6,3.33,3.47
302646,0,0,52.0201,-1,0,0,-2,-2,-1,6,3.94,3.74
298259,-2,-2,42.0101,-1,0,0,-2,-2,-1,6,3.58,3.25
305098,-2,-2,13.1209,-1,0,0,-2,-2,-1,6,3.85,3.78
305100,-2,-2,13.1202,-1,0,0,-2,-2,-1,6,1.93,2.42
266794,0,0,43.0199,-1,0,0,-2,-2,-1,6,1.08,1.9
302466,-2,-2,52.0301,-1,0,0,-2,-2,-1,6,3.58,3.57
271550,-2,-2,50.0701,-1,0,0,-2,-2,-1,6,3.08,3.21
94603,-2,-2,54.0101,-1,0,0,-2,-2,-1,6,3.46,3.4
296025,-2,-2,43.0199,-1,0,0,-2,-2,-1,6,1.15,1.61
303298,-2,-2,43.0199,-1,0,0,-2,-2,-1,6,2.34,2.36
301563,-2,-2,43.0199,-1,0,0,-2,-2,-1,6,2,2.41
276413,0,0,0,-1,0,0,-2,-2,-1,6,3.81,3.85
124396,-2,1,50.0903,-1,0,0,-2,-2,-1,6,3.83,3.85
305093,-2,-2,26.0101,-1,0,0,-2,-2,-1,6,3.58,3.6
300658,-2,0,27.0101,-1,0,0,-2,-2,-1,6,0,1.61
300441,1,0,43.0199,-1,0,0,-2,-2,-1,6,0,0.83
302796,1,0,11.0101,-1,0,0,-2,-2,-1,6,3,2.95
301898,1,0,13.1209,-1,0,0,-2,-2,-1,6,2.77,2.98
303306,1,-2,23.0101,-1,0,0,-2,-2,-1,6,3.28,3.52
298593,1,1,45.1001,-1,0,0,-2,-2,-1,6,0,0.62
297394,1,0,0,-1,0,0,-2,-2,-1,6,2.65,2.84
297468,1,0,0,-1,0,0,-2,-2,-1,6,2.58,2.75
302067,1,0,26.0101,-1,0,0,-2,-2,-1,6,3,3.33
300925,0,0,0,-1,0,0,-2,-2,-1,6,2.91,3.17
301426,1,1,52.1401,-1,0,0,-2,-2,-1,6,2.05,2.22
298927,-2,1,45.1001,-1,0,0,-2,-2,-1,6,0,0
299559,1,0,0,-1,0,0,-2,-2,-1,6,2.83,2.83
302721,-2,-2,13.1209,-1,0,0,-2,-2,-1,6,3,3.31
302802,-2,-2,13.1202,-1,0,0,-2,-2,-1,6,3.37,3.64
302056,-2,-2,52.0801,-1,0,0,-2,-2,-1,6,3.5,3.25
282184,-2,-2,52.0201,-1,0,0,-2,-2,-1,6,3.08,3.06
252768,0,-2,52.0201,-1,0,0,-2,-2,-1,6,3.77,3.52
297270,-2,-2,52.0301,-1,0,0,-2,-2,-1,6,4,4
300920,0,0,0,-1,0,0,-2,-2,-1,6,3.08,3.13
300013,0,0,13.1202,-1,0,0,-2,-2,-1,6,2.9,3.04
300963,-2,-2,52.0301,-1,0,0,-2,-2,-1,6,2.6,3.13
291319,-2,-2,52.0201,-1,0,0,-2,-2,-1,6,3.5,3.46
282953,-2,-2,42.0101,-1,0,0,-2,-2,-1,6,3.12,3.16
55512,-2,-2,0,-1,0,0,-2,-2,-1,6,1.85,1.44
260614,-2,-2,0,-1,0,0,-2,-2,-1,6,2.25,2.12
303699,-2,-2,51.3801,-1,0,0,-2,-2,-1,6,4,3.9
300501,-2,-2,52.0201,-1,0,0,-2,-2,-1,6,0.33,1.4
296619,-2,-2,51,-1,0,0,-2,-2,-1,6,4,4
298583,-2,-2,51.1699,-1,8,0,51.3899,-2,-1,6,4,3.94
303066,-2,-2,43.0199,-1,0,0,-2,-2,-1,6,2.65,3.1
301585,-2,-2,51.1699,-1,0,0,-2,-2,-1,6,3.92,3.93
300873,-2,-2,13.1209,45.1101,0,0,-2,-2,-1,6,1.93,1.89
294836,-2,-2,45.0601,-1,0,0,-2,-2,-1,6,2.83,3.28
301605,-2,-2,51.1699,-1,8,0,51.3899,-2,-1,6,4,3.9
252169,-2,-2,51,-1,0,0,-2,-2,-1,6,3.75,3.71
302463,-2,-2,52.0201,-1,0,0,-2,-2,-1,6,3.2,3.2
304936,-2,-2,52.0201,-1,0,0,-2,-2,-1,6,0,2.43
303427,-2,-2,52.0201,-1,0,0,-2,-2,-1,6,1.5,1.94
269304,-2,-2,42.0101,-1,0,0,-2,-2,-1,6,1.7,1.56
303048,-2,-2,42.0101,-1,0,0,-2,-2,-1,6,3.12,2.82
302820,-2,-2,45.1101,-1,0,0,-2,-2,-1,6,2.5,2.88
303768,0,1,52.0201,-1,0,0,-2,-2,-1,6,2.39,1.9
274646,-2,-2,51,-1,0,0,-2,-2,-1,6,3.05,3.35
300580,-2,-2,13.1209,-1,0,0,-2,-2,-1,6,3.77,3.7
301467,-2,-2,43.0199,-1,0,0,-2,-2,-1,6,3.15,3.5
302787,-2,-2,43.0399,-1,0,0,-2,-2,-1,6,3.8,3.88
304699,0,-2,52.0201,-1,0,0,-2,-2,-1,6,0,0
295144,0,0,43.0199,-1,0,0,-2,-2,-1,6,2.67,2.2
299374,0,0,0,-1,0,0,-2,-2,-1,6,3.53,3.62
301049,0,1,0,-1,0,0,-2,-2,-1,6,1.1,1.92
296829,1,0,42.0101,-1,0,0,-2,-2,-1,6,3.08,3.26
296541,0,0,0,-1,0,0,-2,-2,-1,6,3.03,2.8
298491,0,1,54.0101,-1,0,0,-2,-2,-1,6,2.87,2.88
300688,0,1,43.0199,-1,0,0,-2,-2,-1,6,2.97,3.06
302456,1,1,52.0201,-1,0,0,-2,-2,-1,6,3.15,2.37
298678,1,0,0,-1,0,0,-2,-2,-1,6,2.93,2.93
249729,-2,-2,0,-1,0,0,-2,-2,-1,6,3.68,3.35
300737,0,0,0,-1,0,0,-2,-2,-1,6,2.43,2.1
304584,-2,-2,26.0101,-1,0,0,-2,-2,-1,6,4,4
259201,-2,-2,0,-1,0,0,-2,-2,-1,6,3.25,3.14
296944,0,0,0,-1,0,0,-2,-2,-1,6,3.25,3.01
298551,-2,1,50.0901,-1,0,0,-2,-2,-1,6,3.44,3.36
299857,0,0,0,-1,0,0,-2,-2,-1,6,3.4,3.49
298744,-2,-2,13.1209,-1,0,0,-2,-2,-1,6,2.3,3.4
285433,-2,-2,50.0701,-1,0,0,-2,-2,-1,6,2.77,2.34
300644,1,-2,0,-1,0,0,-2,-2,-1,6,3.5,3.3
301092,1,0,52.0801,-1,0,0,-2,-2,-1,6,3.33,3.31
286398,-2,-2,13.1202,-1,0,0,-2,-2,-1,6,3.47,2.88
302748,-2,-2,42.0101,-1,0,0,-2,-2,-1,6,2.33,2.85
299663,-2,-2,42.0101,-1,0,0,-2,-2,-1,6,2.79,3.09
304538,-2,-2,13.1202,-1,0,0,-2,-2,-1,6,3.08,3.12
301089,0,1,43.0203,-1,0,0,-2,-2,-1,6,2.89,2.87
294860,-2,-2,51.1699,-1,0,0,-2,-2,-1,6,3.42,3.26
271780,-2,-2,52.1401,-1,0,0,-2,-2,-1,6,3,2.87
304579,-2,-2,23.0101,-1,0,0,-2,-2,-1,6,2.58,3.03
259126,-2,-2,40.0601,-1,0,0,-2,-2,-1,6,3.53,3.37
261317,0,1,0,-1,0,0,-2,-2,-1,6,0.33,1.26
287831,-2,-2,43.0199,-1,0,0,-2,-2,-1,6,2.5,2.58
303859,-2,-2,43.0399,-1,0,0,-2,-2,-1,6,3.68,3.71
66715,-2,-2,43.0399,-1,0,0,-2,-2,-1,6,1.43,1.08
203782,-2,-2,45.1001,-1,0,0,-2,-2,-1,6,3.74,3.85
268094,0,0,52.0201,52.1401,0,0,-2,-2,-1,6,3,3.03
303085,-2,-2,50.0901,-1,0,0,-2,-2,-1,6,3.05,3.1
303961,-2,-2,52.0201,-1,0,0,-2,-2,-1,6,3.1,2.41
266863,1,1,0,-1,0,0,-2,-2,-1,6,4,3.85
297737,-2,-2,43.0399,-1,0,0,-2,-2,-1,6,0,3.95
271165,0,0,42.0101,-1,0,0,-2,-2,-1,6,3.12,3.32
302319,-2,-2,52.0301,-1,0,0,-2,-2,-1,6,0,1.24
280646,-2,-2,23.0101,-1,0,0,-2,-2,-1,6,1.65,2.5
296168,-2,-2,54.0101,13.1202,0,0,-2,-2,-1,6,4,3.96
302523,-2,-2,43.0399,-1,0,0,-2,-2,-1,6,3.95,3.97
271943,-2,-2,43.0199,-1,0,0,-2,-2,-1,6,2.58,2.32
299413,-2,-2,42.0101,-1,0,0,-2,-2,-1,6,2,2
299556,1,0,0,-1,0,0,-2,-2,-1,6,3.15,3.28
299023,1,0,43.0199,-1,0,0,-2,-2,-1,6,0,0.23
297002,0,0,0,-1,0,0,-2,-2,-1,6,3.68,3.49
296712,1,0,50.0903,50.0901,0,0,-2,-2,-1,6,3.48,3.53
298287,-2,1,0,-1,0,0,-2,-2,-1,6,1.81,2.5
299587,0,1,51.3801,-1,0,0,-2,-2,-1,6,0,1
299193,0,1,13.1209,-1,0,0,-2,-2,-1,6,3.7,3.1
300288,0,1,50.0701,-1,0,0,-2,-2,-1,6,2,2.32
303139,0,0,0,-1,0,0,-2,-2,-1,6,3.68,3.41
297466,0,1,52.0301,-1,0,0,-2,-2,-1,6,2.92,2.9
301004,0,-2,0,-1,0,0,-2,-2,-1,6,3.53,3.22
292982,-2,-2,43.0203,-1,0,0,-2,-2,-1,6,4,4
296711,0,1,0,-1,0,0,-2,-2,-1,6,2.15,2.65
299472,-2,0,42.0101,-1,0,0,-2,-2,-1,6,1,1.3
299787,1,1,13.1202,-1,0,0,-2,-2,-1,6,3,2.88
298152,0,1,45.1101,-1,0,0,-2,-2,-1,6,3,2.36
63322,0,0,43.0199,-1,0,0,-2,-2,-1,6,2.39,2.49
298695,0,1,0,-1,0,0,-2,-2,-1,6,3.14,3.1
283660,1,-2,52.0201,-1,0,0,-2,-2,-1,6,3.83,2.93
299370,1,0,13.1209,-1,0,0,-2,-2,-1,6,3,2.89
296867,0,0,0,-1,0,0,-2,-2,-1,6,1.9,2.26
297527,1,0,0,-1,0,0,-2,-2,-1,6,3.55,3.47
304935,-2,-2,50.0901,-1,0,0,-2,-2,-1,6,3.34,3.46
305094,-2,1,0,-1,0,0,-2,-2,-1,6,1.1,1.55
302362,1,1,26.0101,-1,0,0,-2,-2,-1,6,2.69,2.52
299736,0,0,11.0101,-1,0,0,-2,-2,-1,6,3.68,3.63
298978,0,-2,9.0101,-1,0,0,-2,-2,-1,6,0.43,1.51
301929,1,0,13.1209,-1,0,0,-2,-2,-1,6,2.93,2.95
304450,1,0,40.0801,-1,0,0,-2,-2,-1,6,1.25,1.63
297566,0,-2,23.0101,-1,0,0,-2,-2,-1,6,3.78,3.67
297213,0,-2,50.0701,-1,0,0,-2,-2,-1,6,4,4
297853,-2,0,52.0201,-1,0,0,-2,-2,-1,6,2.22,2.8
298831,-2,0,9.0101,-1,0,0,-2,-2,-1,6,2,2.27
301873,0,0,43.0199,-1,0,0,-2,-2,-1,6,2.48,2.55
300868,0,-2,42.0101,-1,0,0,-2,-2,-1,6,3.4,3.04
68890,-2,-2,52.0301,52.1401,0,0,-2,-2,-1,6,2.65,3
302735,1,0,0,-1,0,0,-2,-2,-1,6,1,1.81
302800,-2,-2,13.1202,-1,0,0,-2,-2,-1,6,3.5,3.55
304287,-2,-2,52.0201,-1,0,0,-2,-2,-1,6,2.15,2.6
282187,-2,-2,52.0201,-1,0,0,-2,-2,-1,6,3,3.06
303355,-2,-2,42.0101,-1,0,0,-2,-2,-1,6,3.43,3.4
305275,-2,-2,42.0101,-1,0,0,-2,-2,-1,6,3.66,3.56
302851,-2,-2,9.0101,-1,0,0,-2,-2,-1,6,2,2.88
301741,-2,-2,26.0101,-1,0,0,-2,-2,-1,6,3.46,3.25
300932,-2,-2,52.0301,-1,0,0,-2,-2,-1,6,3.93,3.46
283655,0,1,0,-1,0,0,-2,-2,-1,6,3.11,2.98
303037,-2,-2,9.0101,-1,0,0,-2,-2,-1,6,2.75,2.66
301569,-2,-2,40.0801,-1,0,0,-2,-2,-1,6,3.5,3.59
305141,-2,1,52.0801,-1,0,0,-2,-2,-1,6,4,3.89
301375,-2,-2,51.1699,-1,0,0,-2,-2,-1,6,3.84,3.71
304715,-2,-2,23.0101,13.1202,0,0,-2,-2,-1,6,3.5,3.61
305166,-2,-2,13.1202,-1,0,0,-2,-2,-1,6,4,4
298568,-2,-2,13.1202,-1,0,0,-2,-2,-1,6,3.83,3.7
298422,-2,-2,52.0201,-1,0,0,-2,-2,-1,6,3.18,3.55
299841,-2,-2,43.0399,-1,0,0,-2,-2,-1,6,3.95,3.94
239379,-2,-2,43.0399,-1,8,0,43.0399,-2,-1,6,3.93,3.73
300277,0,1,52.0201,-1,0,0,-2,-2,-1,6,3.23,3.09
303065,1,0,51,-1,0,0,-2,-2,-1,6,2.33,2.77
107081,-2,-2,43.0399,-1,0,0,-2,-2,-1,6,4,3.52
298586,-2,-2,51.1699,-1,8,0,51.3899,-2,-1,6,4,3.97
262533,-2,-2,42.0101,13.1209,0,0,-2,-2,-1,6,3.74,3.75
303537,-2,-2,51.1699,-1,0,0,-2,-2,-1,6,3.92,3.86
305114,-2,-2,54.0101,13.1001,0,0,-2,-2,-1,6,2.71,2.69
250829,-2,-2,51,-1,0,0,-2,-2,-1,6,3.47,3.44
302554,-2,-2,50.0701,-1,0,0,-2,-2,-1,6,2.77,2.95
302370,-2,-2,23.0101,13.1202,0,0,-2,-2,-1,6,3.48,3.51
258932,-2,-2,43.0199,-1,0,0,-2,-2,-1,6,2.15,2.16
302402,-2,-2,26.0101,-1,0,0,-2,-2,-1,6,2.72,2.7
302480,-2,-2,50.0701,-1,0,0,-2,-2,-1,6,0,3.4
296973,-2,-2,50.0701,-1,0,0,-2,-2,-1,6,3.46,3.71
303357,-2,-2,43.0199,-1,0,0,-2,-2,-1,6,3.43,3.71
304208,-2,-2,43.0199,-1,0,0,-2,-2,-1,6,3.26,3.06
303348,-2,0,13.1202,-1,0,0,-2,-2,-1,6,1.16,1.67
280416,-2,-2,45.0601,-1,0,0,-2,-2,-1,6,3.87,3.8
301158,-2,-2,52.0301,-1,0,0,-2,-2,-1,6,3.52,3.2
304683,-2,-2,0,-1,0,0,-2,-2,-1,6,2,2.28
275992,-2,-2,42.0101,13.1209,0,0,-2,-2,-1,6,3.65,3.4
303047,0,0,11.0101,-1,0,0,-2,-2,-1,6,3.6,3.48
300322,0,1,0,-1,0,0,-2,-2,-1,6,2.28,2.59
286416,-2,-2,45.1001,-1,0,0,-2,-2,-1,6,3.73,3.7
291866,0,-2,0,-1,0,0,-2,-2,-1,6,2.47,2.67
296917,0,1,26.0101,-1,0,0,-2,-2,-1,6,3.43,3.25
300657,0,0,0,-1,0,0,-2,-2,-1,6,3.63,3.6
297616,-2,-2,50.0701,-1,0,0,-2,-2,-1,6,3.94,3.87
302180,1,1,26.0101,-1,0,0,-2,-2,-1,6,2.85,3.15
298242,-2,0,13.1202,-1,0,0,-2,-2,-1,6,3.43,2.99
302149,0,0,45.1101,-1,0,0,-2,-2,-1,6,1.58,1.47
304934,0,1,50.0701,-1,0,0,-2,-2,-1,6,2.98,3.25
299661,1,0,13.1209,-1,0,0,-2,-2,-1,6,2.43,2.96
297686,-2,1,0,-1,0,0,-2,-2,-1,6,3.91,3.4
297570,0,0,0,-1,0,0,-2,-2,-1,6,2.45,2.95
299226,1,0,0,-1,0,0,-2,-2,-1,6,3,2.55
300175,0,1,42.0101,-1,0,0,-2,-2,-1,6,0,0
297296,-2,0,43.0199,-1,0,0,-2,-2,-1,6,0.85,1.32
299692,1,0,26.0101,-1,0,0,-2,-2,-1,6,1.57,2.07
297413,0,1,43.0199,-1,0,0,-2,-2,-1,6,2.55,2.97
66661,-2,1,0,-1,0,0,-2,-2,-1,6,3.44,3.25
299422,0,1,0,-1,0,0,-2,-2,-1,6,3.89,3.74
301795,0,-2,13.1202,-1,0,0,-2,-2,-1,6,2.8,2.9
299492,1,0,52.0201,-1,0,0,-2,-2,-1,6,1.71,1.45
274644,-2,-2,52.0301,-1,0,0,-2,-2,-1,6,2.25,1.96
300575,-2,-2,0,-1,0,0,-2,-2,-1,6,2.46,2.14
298158,-2,0,0,-1,0,0,-2,-2,-1,6,3.67,3.74
302676,-2,-2,51.3801,-1,0,0,-2,-2,-1,6,3.8,3.48
303199,-2,-2,13.1209,-1,0,0,-2,-2,-1,6,3.74,2.81
299311,0,0,0,-1,0,0,-2,-2,-1,6,2.72,2.84
304150,-2,-2,52.0201,-1,0,0,-2,-2,-1,6,3.15,3.36
304833,-2,-2,26.0101,-1,0,0,-2,-2,-1,6,3.8,2.71
300629,-2,-2,51.1699,-1,8,0,51.3899,-2,-1,6,4,3.76
304244,0,0,0,-1,0,0,-2,-2,-1,6,2.87,2.66
305476,-2,-2,51.3801,-1,0,0,-2,-2,-1,6,4,4
302371,-1,-1,51.3801,-1,0,0,-2,-2,-1,6,4,4
301112,-2,-2,9.0101,-1,0,0,-2,-2,-1,6,4,4
304137,-2,-2,26.0101,-1,0,0,-2,-2,-1,6,3.26,3.2
304313,-2,-2,43.0203,-1,0,0,-2,-2,-1,6,0,0.5
200627,1,-2,23.0101,-1,0,0,-2,-2,-1,6,2.8,1.73
299890,-2,-2,13.1202,-1,0,0,-2,-2,-1,6,1.33,1.5
300424,-2,-2,0,-1,0,0,-2,-2,-1,6,4,3.86
258801,0,0,0,-1,0,0,-2,-2,-1,6,1.65,2.46
305134,-2,-2,52.0201,-1,0,0,-2,-2,-1,6,3.27,3.27
300708,-2,-2,50.0701,-1,0,0,-2,-2,-1,6,3.67,3.46
302522,-2,-2,13.1202,-1,0,0,-2,-2,-1,6,3.83,3.78
302771,-2,-2,26.0101,-1,0,0,-2,-2,-1,6,3.51,3.57
303352,-2,-2,52.0301,-1,0,0,-2,-2,-1,6,3.5,3.46
278425,0,1,0,-1,0,0,-2,-2,-1,6,0,0.4
304268,-2,-2,26.0101,13.1202,0,0,-2,-2,-1,6,2.7,3.02
304840,-2,-2,50.0701,-1,0,0,-2,-2,-1,6,3.46,3.53
302937,-2,0,52.0201,-1,0,0,-2,-2,-1,6,1.79,2.05
298396,0,1,50.0701,-1,0,0,-2,-2,-1,6,3.48,3.14
292392,-2,-2,43.0199,-1,0,0,-2,-2,-1,6,2,2.28
301151,-2,-2,26.0101,-1,0,0,-2,-2,-1,6,3.35,2.85
297479,-2,0,52.0201,-1,0,0,-2,-2,-1,6,3.94,3.86
303234,-2,0,43.0199,-1,0,0,-2,-2,-1,6,3.62,3.59
300538,-2,-2,23.0101,-1,0,0,-2,-2,-1,6,3.46,3.6
301188,-2,-2,52.1401,-1,0,0,-2,-2,-1,6,3.76,3.62
304310,-2,0,0,-1,0,0,-2,-2,-1,6,2.66,2.87
302151,0,1,0,-1,0,0,-2,-2,-1,6,3.49,3.29
297486,1,0,42.0101,-1,0,0,-2,-2,-1,6,3.45,3.4
298734,0,0,43.0199,-1,0,0,-2,-2,-1,6,2.9,3.08
300210,0,0,0,-1,0,0,-2,-2,-1,6,3.6,3.71
299855,-2,1,52.0301,-1,0,0,-2,-2,-1,6,0,1.76
302254,0,1,40.0801,-1,0,0,-2,-2,-1,6,1.7,1.4
304345,-2,1,0,-1,0,0,-2,-2,-1,6,2.6,3.07
305042,0,0,0,-1,0,0,-2,-2,-1,6,2.2,2.45
297236,0,1,26.0101,-1,0,0,-2,-2,-1,6,2.5,2.52
301059,1,0,0,-1,0,0,-2,-2,-1,6,2,2.19
302127,-2,0,26.0101,-1,0,0,-2,-2,-1,6,2.18,2.53
300681,-2,0,43.0199,-1,0,0,-2,-2,-1,6,2.8,3.02
304734,0,1,43.0199,-1,0,0,-2,-2,-1,6,0,0.61
298890,0,-2,43.0199,-1,0,0,-2,-2,-1,6,2.54,0.9
305176,-2,-2,51.3801,-1,0,0,-2,-2,-1,6,2.75,3.13
296431,0,0,50.0701,-1,0,0,-2,-2,-1,6,3.67,3.38
300314,0,0,0,-1,0,0,-2,-2,-1,6,3.55,3.51
292750,-2,-2,51.3801,-1,0,0,-2,-2,-1,6,3.2,2.88
296907,1,1,43.0199,-1,0,0,-2,-2,-1,6,2.68,2.36
43686,0,-2,13.1209,50.0701,0,0,-2,-2,-1,6,1.5,2
299341,1,-2,0,-1,0,0,-2,-2,-1,6,2.73,3.02
302128,0,-2,0,-1,0,0,-2,-2,-1,6,1.74,2
301129,0,1,52.0801,-1,0,0,-2,-2,-1,6,2.19,2.31
301760,-2,-2,42.0101,-1,0,0,-2,-2,-1,6,3.39,3.37
304087,-2,-2,43.0399,-1,0,0,-2,-2,-1,6,3.72,3.84
302687,-2,-2,51.3801,-1,0,0,-2,-2,-1,6,2.65,3.25
299628,-2,-2,54.0101,13.1202,0,0,-2,-2,-1,6,3.4,3.38
305051,-2,-2,52.0201,-1,0,0,-2,-2,-1,6,3.08,3.21
300969,-2,-2,51.3801,-1,0,0,-2,-2,-1,6,0,2.25
298496,-2,0,0,-1,0,0,-2,-2,-1,6,3.3,2.8
290658,-2,-2,26.0101,-1,0,0,-2,-2,-1,6,3.26,2.93
301705,0,-2,51.3801,-1,0,0,-2,-2,-1,6,3.5,2.46
302545,1,0,27.0101,-1,0,0,-2,-2,-1,6,3.4,3.46
302945,-2,-2,42.0101,-1,0,0,-2,-2,-1,6,2.77,3.06
35315,-2,-2,0,-1,0,0,-2,-2,-1,6,2.7,2.76
29164,-2,-2,42.0101,45.1101,0,0,-2,-2,-1,6,3.27,3.23
107749,-2,-2,43.0203,-1,0,0,-2,-2,-1,6,4,4
302063,-2,-2,52.0201,-1,0,0,-2,-2,-1,6,0.74,0.71
289328,1,0,0,-1,0,0,-2,-2,-1,6,3.58,3.26
279313,-2,-2,52.0201,-1,0,0,-2,-2,-1,6,2.54,2.7
296894,-2,-2,52.0301,-1,0,0,-2,-2,-1,6,4,3.94
304725,-2,-2,23.0101,-1,0,0,-2,-2,-1,6,2.72,2.87
304129,-2,-2,43.0203,-1,0,0,-2,-2,-1,6,4,4
301708,-2,-2,43.0399,-1,0,0,-2,-2,-1,6,2.57,3.26
268571,-2,-2,52.0201,-1,0,0,-2,-2,-1,6,1.74,1.71
304276,-2,-2,26.0101,-1,0,0,-2,-2,-1,6,0.57,1.92
301195,-2,-2,50.0901,-1,0,0,-2,-2,-1,6,1.39,2.32
303980,1,-2,52.1401,-1,0,0,-2,-2,-1,6,2.3,2.19
301336,0,1,43.0199,-1,0,0,-2,-2,-1,6,3.08,2.33
298532,-2,0,52.0201,-1,0,0,-2,-2,-1,6,3.2,2.7
301039,0,1,0,-1,0,0,-2,-2,-1,6,2.33,1.9
298689,1,0,0,-1,0,0,-2,-2,-1,6,3.25,3.17
305372,0,-2,0,-1,0,0,-2,-2,-1,6,2.2,2.68
298960,0,1,0,-1,0,0,-2,-2,-1,6,2.17,2.3
304501,1,1,52.0301,-1,0,0,-2,-2,-1,6,1.68,2.89
301844,0,0,52.0201,-1,0,0,-2,-2,-1,6,2.88,2.98
302275,0,0,0,-1,0,0,-2,-2,-1,6,0,0.55
298888,0,0,13.1202,-1,0,0,-2,-2,-1,6,3.26,3.41
304030,-2,0,26.0101,-1,0,0,-2,-2,-1,6,3.31,3.31
298752,0,1,9.0101,-1,0,0,-2,-2,-1,6,0,0
299545,1,-2,52.0201,-1,0,0,-2,-2,-1,6,0,0.57
299494,0,1,42.0101,-1,0,0,-2,-2,-1,6,0,0
300440,1,1,13.1202,-1,0,0,-2,-2,-1,6,3.7,2.41
302777,0,0,0,-1,0,0,-2,-2,-1,6,3.68,3.37
297689,-2,0,54.0101,-1,0,0,-2,-2,-1,6,3.77,3.73
300114,0,1,0,-1,0,0,-2,-2,-1,6,2.53,2.59
301811,-2,-2,51.1699,-1,8,0,51.3899,-2,-1,6,3.9,3.73
267797,-2,-2,43.0199,-1,0,0,-2,-2,-1,6,2.5,2.58
276066,-2,-2,23.0101,-1,0,0,-2,-2,-1,6,3.3,2.46
244757,-2,-2,42.0101,-1,0,0,-2,-2,-1,6,4,4
304782,-2,-2,52.0801,-1,0,0,-2,-2,-1,6,3.5,3.5
302925,1,1,52.1401,-1,0,0,-2,-2,-1,6,1.64,1.72
298333,1,1,43.0199,-1,0,0,-2,-2,-1,6,2.4,2.43
299557,0,-2,43.0199,-1,0,0,-2,-2,-1,6,2.33,2.29
285482,-2,-2,13.1001,-1,0,0,-2,-2,-1,6,3.19,3.52
303942,-2,-2,0,-1,0,0,-2,-2,-1,6,3.1,2.96
300372,-2,-2,51.1699,-1,8,0,51.3899,-2,-1,6,3.96,3.73
305363,-2,-2,52.0201,-1,0,0,-2,-2,-1,6,3.25,3.33
298368,-2,-2,26.0101,-1,0,0,-2,-2,-1,6,3.7,3.28
300918,1,0,0,-1,0,0,-2,-2,-1,6,3.14,2.3
302557,-2,-2,40.0501,-1,0,0,-2,-2,-1,6,3.93,3.68
298500,-1,-1,0,-1,0,0,-2,-2,-1,6,3.65,3.65
305188,-2,-2,52.0201,-1,0,0,-2,-2,-1,6,4,4
302867,-2,-2,13.1209,-1,0,0,-2,-2,-1,6,3.23,3.45
301402,-2,-2,43.0199,-1,0,0,-2,-2,-1,6,3.75,3.83
301703,-2,-2,52.0201,-1,0,0,-2,-2,-1,6,0,0
302529,-2,-2,52.0201,-1,0,0,-2,-2,-1,6,0,0.25
303658,-2,-2,51.1699,-1,0,0,-2,-2,-1,6,3.58,3.72
303374,-2,-2,43.0199,-1,0,0,-2,-2,-1,6,3.5,3.66
245559,-2,-2,52.0201,-1,0,0,-2,-2,-1,6,3.77,3.32
237864,-2,-2,51.1699,-1,0,0,-2,-2,-1,6,4,3.97
305049,-2,-2,51.3801,-1,0,0,-2,-2,-1,6,4,4
304617,-2,-2,45.1101,-1,0,0,-2,-2,-1,6,0,1.4
296816,-2,-2,23.0101,-1,0,0,-2,-2,-1,6,3.2,3.02
304593,-2,-2,11.0101,-1,0,0,-2,-2,-1,6,1.58,2.12
286520,-2,-2,52.0301,-1,0,0,-2,-2,-1,6,0.86,1.25
299899,-2,-2,23.0101,-1,0,0,-2,-2,-1,6,3.94,3.94
295120,0,1,52.0201,-1,0,0,-2,-2,-1,6,1.51,2.29
295118,0,1,0,-1,0,0,-2,-2,-1,6,0.9,1.75
295119,0,0,43.0199,-1,0,0,-2,-2,-1,6,3.49,3.47
286910,-2,-2,43.0199,-1,0,0,-2,-2,-1,6,1.23,2.1
290402,-2,0,0,-1,0,0,-2,-2,-1,6,3.38,3.26
299581,1,0,43.0399,-1,0,0,-2,-2,-1,6,2.77,2.68
302849,1,1,0,-1,0,0,-2,-2,-1,6,3.81,3.84
302737,0,0,54.0101,-1,0,0,-2,-2,-1,6,3.86,3.86
298926,-2,1,0,-1,0,0,-2,-2,-1,6,0,1.04
301325,0,1,0,-1,0,0,-2,-2,-1,6,0,0.47
282023,-2,0,26.0101,-1,0,0,-2,-2,-1,6,3.71,3.85
302339,-2,0,27.0101,-1,0,0,-2,-2,-1,6,3.22,3.31
301737,1,1,52.0301,-1,0,0,-2,-2,-1,6,2.4,2.4
299317,1,0,0,-1,0,0,-2,-2,-1,6,2.67,2.83
295075,0,0,0,-1,0,0,-2,-2,-1,6,2.62,2.55
72612,0,1,50.0701,-1,0,0,-2,-2,-1,6,3.65,3.26
296818,1,0,0,-1,0,0,-2,-2,-1,6,3.33,2.94
297894,-2,-2,42.0101,-1,0,0,-2,-2,-1,6,3.93,3.84
271608,-2,-2,13.1209,-1,0,0,-2,-2,-1,6,4,3.85
302590,-2,-2,16.0905,-1,0,0,-2,-2,-1,6,3.5,3.78
302847,-2,-2,26.0101,-1,0,0,-2,-2,-1,6,3.06,3.09
304792,-2,-2,51.3801,-1,0,0,-2,-2,-1,6,3.53,3.76
300025,-2,-2,0,-1,0,0,-2,-2,-1,6,3.16,3.37
301423,-2,-2,9.0101,-1,0,0,-2,-2,-1,6,3.85,3.94
302481,-2,-2,52.0301,-1,0,0,-2,-2,-1,6,3.2,3.28
304091,0,0,0,-1,0,0,-2,-2,-1,6,1.75,2.11
304417,-2,-2,0,-1,0,0,-2,-2,-1,6,2.94,3.05
303020,-2,-2,42.0101,-1,0,0,-2,-2,-1,6,2.93,3.16
301635,-2,-2,9.0101,-1,0,0,-2,-2,-1,6,3.94,3.25
300647,-2,-2,0,-1,0,0,-2,-2,-1,6,4,3.35
303152,-2,-2,43.0199,-1,0,0,-2,-2,-1,6,3.25,3.28
67148,-2,-2,13.1001,-1,0,0,-2,-2,-1,6,1,1.28
275957,-1,-1,0,-1,0,0,-2,-2,-1,6,4,4
301814,-2,-2,51.1699,-1,8,0,51.3899,-2,-1,6,4,3.93
303682,0,0,0,-1,0,0,-2,-2,-1,6,0,2.04
305254,-2,-2,0,-1,0,0,-2,-2,-1,6,1.65,0.95
289992,-2,-2,51.3801,-1,0,0,-2,-2,-1,6,4,4
297739,-2,-2,51.0999,-1,0,0,-2,-2,-1,6,3.15,3.44
299010,-2,-2,52.0201,-1,0,0,-2,-2,-1,6,1,1.83
292367,-2,-2,54.0101,-1,0,0,-2,-2,-1,6,4,3.93
248565,-2,-2,26.0101,-1,0,0,-2,-2,-1,6,0.86,1.85
304428,-2,-2,13.1202,-1,0,0,-2,-2,-1,6,1.35,1.28
283855,0,0,0,-1,0,0,-2,-2,-1,6,2.5,3.08
302572,-2,-2,42.0101,-1,0,0,-2,-2,-1,6,4,3.77
293695,-2,-2,40.0601,-1,0,0,-2,-2,-1,6,3.33,2.82
289233,-2,-2,23.0101,-1,0,0,-2,-2,-1,6,3.93,3.92
286778,-2,-2,27.0101,-1,0,0,-2,-2,-1,6,2.69,2.94
299260,1,1,0,-1,0,0,-2,-2,-1,6,2.43,2.3
300007,-2,-2,0,-1,0,0,-2,-2,-1,6,3.15,2.9
282521,-2,-2,40.0501,-1,0,0,-2,-2,-1,6,3.84,3.61
302310,1,1,0,-1,0,0,-2,-2,-1,6,4,2.89
300213,1,-2,42.0101,-1,0,0,-2,-2,-1,6,3.7,3.77
300162,0,1,9.0101,-1,0,0,-2,-2,-1,6,2.98,3.41
300524,0,0,43.0199,-1,0,0,-2,-2,-1,6,1.84,2.25
302794,1,0,50.0701,-1,0,0,-2,-2,-1,6,3.03,3.24
299893,0,0,43.0199,-1,0,0,-2,-2,-1,6,1.98,2.52
299394,0,-2,0,-1,0,0,-2,-2,-1,6,3.49,3.42
298596,1,0,13.1202,-1,0,0,-2,-2,-1,6,2.87,3.22
299900,0,0,0,-1,0,0,-2,-2,-1,6,3.31,3.42
299924,1,0,13.1209,-1,0,0,-2,-2,-1,6,3.16,3.29
302352,0,-2,50.0701,-1,0,0,-2,-2,-1,6,3.25,2.71
297282,0,1,26.0101,-1,0,0,-2,-2,-1,6,2.5,3.13
301183,0,-2,0,-1,0,0,-2,-2,-1,6,2.72,3.06
304271,0,1,43.0199,-1,0,0,-2,-2,-1,6,1.1,1.92
304274,0,1,0,-1,0,0,-2,-2,-1,6,1.2,0.66
301333,0,1,23.0101,-1,0,0,-2,-2,-1,6,1.26,1.53
201125,1,0,0,-1,0,0,-2,-2,-1,6,3.43,3.07
298515,0,0,43.0199,-1,0,0,-2,-2,-1,6,0,1.26
300063,0,1,0,-1,0,0,-2,-2,-1,6,2.41,2.56
298419,-2,1,13.1209,-1,0,0,-2,-2,-1,6,2.16,2.42
299555,1,1,0,-1,0,0,-2,-2,-1,6,3.45,3.7
302968,0,0,52.0201,-1,0,0,-2,-2,-1,6,2.8,2.76
298826,0,0,52.0201,-1,0,0,-2,-2,-1,6,3.83,3.88
299543,0,0,42.0101,-1,0,0,-2,-2,-1,6,2.61,2.84
296470,1,1,13.1209,-1,0,0,-2,-2,-1,6,2.02,2.45
301535,-2,1,13.1202,-1,0,0,-2,-2,-1,6,2.29,0.96
299224,1,0,0,-1,0,0,-2,-2,-1,6,2.13,2.36
302685,0,1,0,-1,0,0,-2,-2,-1,6,2.3,1.76
302228,-2,-2,23.0101,13.1202,0,0,-2,-2,-1,6,0,2.6
303588,-2,-2,51.1699,-1,0,0,-2,-2,-1,6,3.74,3.76
301114,-2,-2,27.0101,-1,0,0,-2,-2,-1,6,3.86,3.93
300324,0,0,0,-1,0,0,-2,-2,-1,6,3.76,3.75
277433,-2,-2,43.0199,-1,0,0,-2,-2,-1,6,2.86,2.14
301604,-2,-2,52.0201,-1,0,0,-2,-2,-1,6,3.58,3.78
300692,1,1,0,-1,0,0,-2,-2,-1,6,2.68,2.76
270387,-2,-2,11.0101,-1,0,0,-2,-2,-1,6,2.7,2.61
302059,-2,-2,52.0301,-1,0,0,-2,-2,-1,6,3.53,3.4
304809,-2,-2,16.0905,-1,0,0,-2,-2,-1,6,3.6,3.53
275377,-2,-2,52.0201,-1,0,0,-2,-2,-1,6,3.73,3.82
299424,-2,0,0,-1,0,0,-2,-2,-1,6,3.94,3.96
299589,-2,0,27.0101,-1,0,0,-2,-2,-1,6,3.42,3.36
200664,-2,-2,45.1101,-1,0,0,-2,-2,-1,6,1.75,1.9
304952,-2,-2,13.1202,-1,0,0,-2,-2,-1,6,1,1.66
304441,-2,-2,51.3801,-1,0,0,-2,-2,-1,6,3,3.08
302596,-2,-2,43.0199,-1,0,0,-2,-2,-1,6,2.4,2.82
280064,-2,-2,54.0101,-1,0,0,-2,-2,-1,6,3.85,3.76
200815,-2,-2,0,-1,0,0,-2,-2,-1,6,2.58,2.48
301806,-2,-2,51.1699,-1,8,0,51.3899,-2,-1,6,4,3.91
305193,-2,-2,42.0101,45.1101,0,0,-2,-2,-1,6,1.6,1.13
292892,-2,-2,54.0101,13.1001,0,0,-2,-2,-1,6,3.5,3.43
304950,-2,-2,23.0101,-1,0,0,-2,-2,-1,6,2.5,2.61
300402,-2,-2,13.1209,-1,0,0,-2,-2,-1,6,4,3.91
303587,-2,-2,13.1209,42.0101,0,0,-2,-2,-1,6,4,4
300638,-2,-2,51.1699,-1,8,0,51.3899,-2,-1,6,4,3.83
304521,-2,-2,23.0101,-1,0,0,-2,-2,-1,6,3.1,2.72
289379,-2,-2,27.0101,13.1209,0,0,-2,-2,-1,6,2.9,3.32
305336,-2,-2,50.0901,-1,0,0,-2,-2,-1,6,0.85,1.19
271351,-2,-2,11.0101,-1,0,0,-2,-2,-1,6,3,3
303807,-2,-2,45.1101,-1,0,0,-2,-2,-1,6,1,1.54
302389,-2,-2,43.0199,-1,0,0,-2,-2,-1,6,3.72,3.66
297738,-2,-2,54.0101,-1,0,0,-2,-2,-1,6,4,3.97
304752,-2,-2,52.0201,-1,0,0,-2,-2,-1,6,3.08,3.36
302169,-2,-2,52.1401,-1,0,0,-2,-2,-1,6,2.25,2.85
302164,-2,-2,27.0101,-1,0,0,-2,-2,-1,6,2.93,2.97
304311,0,1,0,-1,0,0,-2,-2,-1,6,0,0
298542,0,0,0,-1,0,0,-2,-2,-1,6,2.85,2.85
301184,0,0,42.0101,-1,0,0,-2,-2,-1,6,2.9,2.82
305170,-2,-2,43.0399,-1,0,0,-2,-2,-1,6,2.25,2.61
301035,0,1,0,-1,0,0,-2,-2,-1,6,1.75,1.62
63303,1,0,0,-1,0,0,-2,-2,-1,6,3.25,3.46
298067,0,1,0,-1,0,0,-2,-2,-1,6,2.94,2.84
84076,-2,-2,0,-1,0,0,-2,-2,-1,6,3.88,3.71
296462,0,0,0,-1,0,0,-2,-2,-1,6,2.75,2.68
280738,-2,-2,51.1699,-1,0,0,-2,-2,-1,6,3.39,3.55
301742,-2,-2,43.0199,-1,0,0,-2,-2,-1,6,2.83,2.92
297860,-2,0,50.0903,-1,0,0,-2,-2,-1,6,3.32,3.36
296554,-2,-2,0,-1,0,0,-2,-2,-1,6,3.68,3.81
299039,1,0,43.0203,-1,0,0,-2,-2,-1,6,1.9,1.7
300018,-2,0,42.0101,-1,0,0,-2,-2,-1,6,3.95,3.97
300355,-2,-2,51.1699,-1,8,0,51.3899,-2,-1,6,4,3.88
300767,1,0,40.0801,-1,0,0,-2,-2,-1,6,2.35,2.54
295094,-2,-2,43.0203,-1,0,0,-2,-2,-1,6,4,3.87
304037,1,1,0,-1,0,0,-2,-2,-1,6,3,2.83
299135,0,0,13.1202,-1,0,0,-2,-2,-1,6,3.23,3.28
304753,-1,-1,0,-1,0,0,-2,-2,-1,6,0,4
302192,-2,-2,45.1101,-1,0,0,-2,-2,-1,6,3.38,3.3
298792,1,-2,52.0201,-1,0,0,-2,-2,-1,6,3.43,3.32
283564,1,1,13.1202,-1,0,0,-2,-2,-1,6,2.19,2.57
304465,-2,-2,50.0901,-1,0,0,-2,-2,-1,6,0,1.2
300630,-2,-2,51.1699,-1,8,0,51.3899,-2,-1,6,3.96,3.79
298359,-2,-2,52.0301,-1,0,0,-2,-2,-1,6,3.68,3.74
304177,1,1,51.3801,-1,0,0,-2,-2,-1,6,2.47,2.4
303207,-2,-2,51.3801,-1,0,0,-2,-2,-1,6,2,2.75
303300,-2,-2,52.0801,-1,0,0,-2,-2,-1,6,3.7,3.48
296352,0,1,0,-1,0,0,-2,-2,-1,6,2.76,2.93
266998,-2,-2,50.0701,-1,0,0,-2,-2,-1,6,1.43,2
298858,0,0,0,-1,0,0,-2,-2,-1,6,0.77,1.57
299192,-2,-2,26.0101,-1,0,0,-2,-2,-1,6,2.66,2.88
89912,-2,-2,54.0101,-1,0,0,-2,-2,-1,6,3.5,3.42
299739,-2,-2,43.0399,-1,0,0,-2,-2,-1,6,2.85,3.08
300922,0,0,0,-1,0,0,-2,-2,-1,6,3,2.6
302703,0,1,0,-1,0,0,-2,-2,-1,6,0.99,1.95
303758,-2,-2,52.0201,-1,0,0,-2,-2,-1,6,3.38,3.61
304034,1,-2,52.0201,-1,0,0,-2,-2,-1,6,0,0.7
302414,-2,-2,51.1699,-1,0,0,-2,-2,-1,6,3.65,3.44
303705,-2,-2,51.3801,-1,0,0,-2,-2,-1,6,3.85,3.92
303823,-2,-2,51.1699,-1,0,0,-2,-2,-1,6,3.78,3.84
302487,-2,-2,52.0201,-1,0,0,-2,-2,-1,6,2.77,3.14
304615,-2,-2,51.3801,-1,0,0,-2,-2,-1,6,4,4
293978,-2,-2,11.0101,-1,0,0,-2,-2,-1,6,3.67,3.81
300173,-2,1,42.0101,-1,0,0,-2,-2,-1,6,3.54,3.14
283663,0,1,40.0601,-1,0,0,-2,-2,-1,6,3.32,3.26
259908,-2,-2,50.0701,-1,0,0,-2,-2,-1,6,3.5,3.61
294759,-2,-2,50.0901,-1,0,0,-2,-2,-1,6,2.69,2.44
302833,-2,-2,45.1101,-1,0,0,-2,-2,-1,6,2.7,2.92
304464,0,0,13.1209,-1,0,0,-2,-2,-1,6,3.23,3.52
293347,-2,-2,42.0101,-1,0,0,-2,-2,-1,6,3.53,3.51
303571,-1,-1,0,-1,0,0,-2,-2,-1,6,4,4
304572,-2,-2,52.0201,-1,0,0,-2,-2,-1,6,2.4,3.01
290682,0,0,43.0199,-1,0,0,-2,-2,-1,6,0,0.5
297444,-2,-2,26.0101,-1,0,0,-2,-2,-1,6,4,3.88
296496,-2,-2,52.1401,-1,0,0,-2,-2,-1,6,4,3.92
294986,-2,-2,51.1699,-1,0,0,-2,-2,-1,6,3.4,3.45
301666,-2,-2,52.0301,-1,0,0,-2,-2,-1,6,3.6,3.82
302605,-2,-2,13.1001,-1,0,0,-2,-2,-1,6,3.66,3.57
301322,-2,-2,13.1202,-1,0,0,-2,-2,-1,6,2.7,2.1
298577,-2,-2,51.1699,-1,8,0,51.3899,-2,-1,6,3.9,3.57
300483,-2,-2,52.0201,-1,0,0,-2,-2,-1,6,3.83,3.87
303829,-2,-2,51.1699,-1,0,0,-2,-2,-1,6,3.47,3.42
304680,-2,-2,23.0101,-1,0,0,-2,-2,-1,6,1,1.66
302322,-2,-2,43.0199,-1,0,0,-2,-2,-1,6,3.88,3.74
273753,-2,-2,50.0901,-1,0,0,-2,-2,-1,6,0,0.3
302062,-2,-2,43.0199,-1,0,0,-2,-2,-1,6,2.2,3.02
297872,-2,1,27.0101,-1,0,0,-2,-2,-1,6,0.31,0.52
305122,-1,-1,51,-1,0,0,-2,-2,-1,6,3.3,3.5
302690,-2,-2,52.1401,-1,0,0,-2,-2,-1,6,3.18,3.58
255009,-2,-2,0,-1,0,0,-2,-2,-1,6,3.08,3.2
272920,-2,-2,52.0301,-1,0,0,-2,-2,-1,6,2.67,2.43
303376,-2,-2,45.1101,-1,0,0,-2,-2,-1,6,0,2.25
301355,-2,-2,42.0101,-1,0,0,-2,-2,-1,6,3.35,3.6
302336,-2,-2,52.0201,-1,0,0,-2,-2,-1,6,3.46,3.47
303828,-2,-2,16.0905,-1,0,0,-2,-2,-1,6,3.57,3.5
22011,1,0,0,-1,0,0,-2,-2,-1,6,3.57,3.7
297964,-2,-2,43.0399,-1,0,0,-2,-2,-1,6,3.9,3.62
300278,0,-2,13.1209,-1,0,0,-2,-2,-1,6,3,2.78
298546,0,0,0,-1,0,0,-2,-2,-1,6,2.7,2.71
303290,-2,-2,50.0901,-1,0,0,-2,-2,-1,6,3.56,3.61
303963,-2,-2,0,-1,0,0,-2,-2,-1,6,2.57,2.8
296912,1,-2,0,-1,0,0,-2,-2,-1,6,3.08,2.87
298941,1,1,43.0399,-1,0,0,-2,-2,-1,6,2.06,1.36
300744,0,1,43.0199,-1,0,0,-2,-2,-1,6,2.82,2.75
302938,-2,-2,13.1209,-1,0,0,-2,-2,-1,6,4,3.92
302873,-2,-2,43.0199,-1,0,0,-2,-2,-1,6,2.5,2.41
297674,1,0,52.0301,-1,0,0,-2,-2,-1,6,3.8,3.75
296229,1,0,43.0199,-1,0,0,-2,-2,-1,6,2.7,2.57
304420,-2,-2,0,-1,0,0,-2,-2,-1,6,2.77,3.18
297991,-1,-1,43.0203,-1,0,0,-2,-2,-1,6,4,4
298881,-2,0,0,-1,0,0,-2,-2,-1,6,3.4,3.63
298710,-1,-1,26.0101,-1,0,0,-2,-2,-1,6,3.54,3.47
302906,-2,-2,43.0399,-1,0,0,-2,-2,-1,6,4,3.8
300639,-2,-2,51.1699,-1,8,0,51.3899,-2,-1,6,4,3.85
304135,-2,-2,50.0701,-1,0,0,-2,-2,-1,6,3.8,3.85
299842,-2,-2,50.0901,-1,0,0,-2,-2,-1,6,3.29,3.21
303478,-2,-2,51.1699,-1,0,0,-2,-2,-1,6,3.74,3.71
298901,0,1,11.0101,-1,0,0,-2,-2,-1,6,2.24,1.75
303364,1,1,42.0101,-1,0,0,-2,-2,-1,6,3.01,2.65
301942,0,0,0,-1,0,0,-2,-2,-1,6,2.9,3
304722,-2,-2,40.0601,-1,0,0,-2,-2,-1,6,2.92,2.88
270873,-2,-2,43.0199,-1,0,0,-2,-2,-1,6,2.7,3.01
303144,-2,-2,13.1202,-1,0,0,-2,-2,-1,6,0,0.86
303932,-2,-2,52.0201,-1,0,0,-2,-2,-1,6,2.28,1.96
303584,-2,-2,40.0501,-1,0,0,-2,-2,-1,6,2.44,2.6
302565,-2,-2,50.0901,-1,0,0,-2,-2,-1,6,4,3.97
299005,1,0,0,-1,0,0,-2,-2,-1,6,2.78,3.38
302405,-2,-2,51.3801,-1,0,0,-2,-2,-1,6,3.56,3.56
302818,-2,-2,0,-1,0,0,-2,-2,-1,6,3.65,3.32
297648,-2,-2,11.0101,-1,0,0,-2,-2,-1,6,3.12,3.04
302566,0,1,52.0301,-1,0,0,-2,-2,-1,6,1.85,2.24
304728,-2,-2,51.3801,-1,0,0,-2,-2,-1,6,1.58,1.33
301405,-2,-2,51.3801,-1,0,0,-2,-2,-1,6,3,3.28
297722,-2,-2,52.0201,-1,0,0,-2,-2,-1,6,4,4
277190,-2,-2,0,-1,0,0,-2,-2,-1,6,1.4,1.87
291471,-2,-2,52.0301,-1,0,0,-2,-2,-1,6,3.43,3.16
302889,-2,-2,42.0101,13.1209,0,0,-2,-2,-1,6,3.7,3.87
296925,-2,-2,13.1209,-1,0,0,-2,-2,-1,6,3.8,3.24
300916,0,0,40.0801,-1,0,0,-2,-2,-1,6,3.31,3.53
292946,-2,-2,26.0101,-1,0,0,-2,-2,-1,6,3.87,3.68
287587,-2,-2,52.0201,-1,0,0,-2,-2,-1,6,3.23,2.67
272905,-2,-2,52.0201,-1,0,0,-2,-2,-1,6,3.6,3.74
302778,-2,-2,13.1209,-1,0,0,-2,-2,-1,6,3.5,3.51
301570,-2,0,26.0101,-1,0,0,-2,-2,-1,6,3.39,3.61
301799,-2,-2,51.1699,-1,0,0,-2,-2,-1,6,4,3.88
304591,-2,-2,11.0101,-1,0,0,-2,-2,-1,6,3.35,2.78
277199,-2,-2,51.1699,-1,0,0,-2,-2,-1,6,3.74,3.74
282640,0,0,9.0101,-1,0,0,-2,-2,-1,6,2.7,2.74
283840,0,0,43.0199,-1,0,0,-2,-2,-1,6,3.75,2.8
291468,-2,-2,52.0301,-1,0,0,-2,-2,-1,6,3.35,3.51
293826,-2,-2,51.3801,-1,0,0,-2,-2,-1,6,3.01,3.05
295729,-2,-2,43.0199,-1,0,0,-2,-2,-1,6,3.3,2.96
297333,-2,-2,26.0101,-1,0,0,-2,-2,-1,6,3.54,3.41
298390,0,1,0,-1,0,0,-2,-2,-1,6,3.33,3.21
298537,-2,-2,43.0199,-1,0,0,-2,-2,-1,6,3.78,3.78
299351,0,0,0,-1,0,0,-2,-2,-1,6,1.9,2.37
299524,-2,0,50.0901,-1,0,0,-2,-2,-1,6,3.43,3.16
299592,0,0,43.0203,-1,0,0,-2,-2,-1,6,2.81,2.84
299734,-2,-2,52.0201,-1,0,0,-2,-2,-1,6,3.34,3.21
299805,0,0,9.0101,-1,0,0,-2,-2,-1,6,0,1.28
300317,0,-2,0,-1,0,0,-2,-2,-1,6,3.38,2.63
300611,0,1,0,-1,0,0,-2,-2,-1,6,3.4,3.04
298873,1,1,0,-1,0,0,-2,-2,-1,6,3.67,3.35
301318,1,0,43.0199,-1,0,0,-2,-2,-1,6,4,3.31
300100,-2,-2,52.0801,-1,0,0,-2,-2,-1,6,3.57,3.48
301591,-2,-2,52.0301,-1,0,0,-2,-2,-1,6,3.78,3.87
301655,-2,-2,51.3801,-1,0,0,-2,-2,-1,6,2.45,3.2
302044,0,0,40.0801,-1,0,0,-2,-2,-1,6,2.65,2.56
302200,-2,-2,52.0201,-1,0,0,-2,-2,-1,6,3,2.5
304086,-2,-2,11.0101,-1,0,0,-2,-2,-1,6,2.35,2.46
304148,-2,-2,43.0199,-1,0,0,-2,-2,-1,6,3.3,3.65
304837,-2,-2,52.0201,-1,0,0,-2,-2,-1,6,3.5,3.75
305133,-2,-2,52.0201,-1,0,0,-2,-2,-1,6,3.78,3.85
305147,-2,-2,52.0301,-1,0,0,-2,-2,-1,6,3.64,3.76
305164,-2,-2,43.0199,-1,0,0,-2,-2,-1,6,3.17,3.38
30174,-2,-2,45.1101,-1,0,0,-2,-2,-1,6,2.58,2.57
30767,-2,-2,52.0201,-1,0,0,-2,-2,-1,6,3.65,2.43
32551,-2,-2,52.0201,-1,0,0,-2,-2,-1,6,2.85,2.85
36438,-2,-2,43.0199,-1,0,0,-2,-2,-1,6,2,2
36945,-1,-1,0,-1,0,0,-2,-2,-1,6,4,4
70093,-2,-2,43.0199,-1,0,0,-2,-2,-1,6,2.86,2.86
70235,-2,-2,13.1202,-1,0,0,-2,-2,-1,6,0.25,0.25
72415,0,1,0,-1,0,0,-2,-2,-1,6,2.71,2.71
74037,-2,-2,45.1101,-1,0,0,-2,-2,-1,6,3.1,3.1
84777,-2,-2,13.1202,-1,0,0,-2,-2,-1,6,2.9,2.9
85185,0,0,50.0701,-1,0,0,-2,-2,-1,6,3.7,3.7
87750,-2,-2,23.0101,-1,0,0,-2,-2,-1,6,3,3
88404,-2,-2,43.0199,-1,0,0,-2,-2,-1,6,3.85,3.85
94180,-2,-2,51.3801,-1,0,0,-2,-2,-1,6,4,4
103022,-2,-2,0,-1,0,0,-2,-2,-1,6,3.48,3.48
104377,-2,-2,0,-1,0,0,-2,-2,-1,6,2.93,2.92
106959,0,1,0,-1,0,0,-2,-2,-1,6,0.68,0.68
124550,-2,-2,26.0101,-1,0,0,-2,-2,-1,6,2.63,2.63
195362,0,0,0,-1,0,0,-2,-2,-1,6,1.85,1.85
202558,-2,-2,43.0199,-1,0,0,-2,-2,-1,6,3.08,3.07
205106,0,1,0,-1,0,0,-2,-2,-1,6,3.46,3.46
205131,-2,-2,51.3801,-1,0,0,-2,-2,-1,6,3,3
206089,-1,-1,51,-1,0,0,-2,-2,-1,6,4,4
206589,-2,-2,43.0399,-1,0,0,-2,-2,-1,6,3.48,3.48
238854,-2,-2,45.1101,-1,0,0,-2,-2,-1,6,3.28,3.27
239016,-2,-2,52.0201,-1,0,0,-2,-2,-1,6,1.43,1.43
239596,-2,-2,0,-1,0,0,-2,-2,-1,6,2.69,2.76
242757,-2,-2,45.1101,-1,0,0,-2,-2,-1,6,1.68,1.67
243497,-2,-2,52.0201,-1,0,0,-2,-2,-1,6,3.43,3.42
243905,0,1,52.0201,-1,0,0,-2,-2,-1,6,2,2
244154,-2,-2,43.0199,-1,0,0,-2,-2,-1,6,2,2
244901,-2,-2,51,-1,0,0,-2,-2,-1,6,3.09,3.09
245623,-2,-2,45.1101,-1,0,0,-2,-2,-1,6,2.06,2.06
245856,-2,-2,43.0399,-1,0,0,-2,-2,-1,6,3.93,3.92
246461,-2,-2,43.0199,-1,0,0,-2,-2,-1,6,2,2
247171,-2,-2,13.1202,-1,0,0,-2,-2,-1,6,2.75,2.75
247307,-2,-2,43.0399,-1,0,0,-2,-2,-1,6,3,3
249153,-2,-2,43.0199,-1,0,0,-2,-2,-1,6,3.58,3.57
249898,-2,-2,45.1101,-1,0,0,-2,-2,-1,6,2.25,2.25
250182,-2,-2,13.1209,-1,0,0,-2,-2,-1,6,2.75,2.75
250439,-2,-2,0,-1,0,0,-2,-2,-1,6,3.68,3.67
251344,-2,-2,52.0201,-1,0,0,-2,-2,-1,6,1.93,1.92
251649,-2,-2,26.0101,-1,0,0,-2,-2,-1,6,3.93,3.92
251652,-2,-2,0,-1,0,0,-2,-2,-1,6,2.53,2.52
251653,-1,-1,51,-1,0,0,-2,-2,-1,6,3,3
253703,0,1,52.0201,-1,0,0,-2,-2,-1,6,0.86,0.86
254812,-2,-2,51.3801,-1,0,0,-2,-2,-1,6,3.3,3.15
257469,-2,-2,52.0201,-1,0,0,-2,-2,-1,6,3,3
257972,-2,-2,43.0199,-1,0,0,-2,-2,-1,6,2.18,2.17
258129,-2,-2,42.0101,13.1209,0,0,-2,-2,-1,6,2.15,2.15
258840,0,1,0,-1,0,0,-2,-2,-1,6,0,0
259784,-2,-2,0,-1,0,0,-2,-2,-1,6,0.5,0.5
259912,-2,-2,9.0101,-1,0,0,-2,-2,-1,6,2.86,2.86
260203,-2,-2,54.0101,-1,0,0,-2,-2,-1,6,2.68,2.67
260240,0,-2,13.1001,-1,0,0,-2,-2,-1,6,1.43,0.72
262067,-2,-2,43.0199,-1,0,0,-2,-2,-1,6,2.68,2.67
262281,-2,-2,11.0101,-1,0,0,-2,-2,-1,6,2,2
263757,-2,-2,51.3801,-1,0,0,-2,-2,-1,6,2.3,2.3
264218,-2,-2,50.0701,-1,0,0,-2,-2,-1,6,1.75,1.75
264491,-2,-2,42.0101,-1,0,0,-2,-2,-1,6,1.85,1.85
265560,-2,-2,52.0201,-1,0,0,-2,-2,-1,6,4,4
265749,-2,-2,51.3801,-1,0,0,-2,-2,-1,6,3.67,3.66
266635,-2,-2,45.1101,-1,0,0,-2,-2,-1,6,2,2
267412,0,0,42.0101,-1,0,0,-2,-2,-1,6,3.57,3.56
269639,-2,-2,13.1209,-1,0,0,-2,-2,-1,6,0,0
269719,-2,-2,42.0101,-1,0,0,-2,-2,-1,6,3.33,3.32
269731,-2,-2,50.0701,-1,0,0,-2,-2,-1,6,3,3
270098,-2,-2,43.0199,-1,0,0,-2,-2,-1,6,2.54,2.54
270494,-2,-2,43.0203,-1,0,0,-2,-2,-1,6,1.93,1.92
270942,-2,-2,52.0201,-1,0,0,-2,-2,-1,6,2.46,2.46
270958,-2,-2,27.0101,-1,0,0,-2,-2,-1,6,3.23,3.23
271297,-2,-2,0,-1,0,0,-2,-2,-1,6,0,0
271830,-2,-2,52.0301,-1,0,0,-2,-2,-1,6,3.68,3.67
271971,-2,-2,51.3801,-1,0,0,-2,-2,-1,6,2.35,2.35
272073,-2,-2,13.1001,-1,0,0,-2,-2,-1,6,1.68,1.67
272379,-2,-2,42.0101,-1,0,0,-2,-2,-1,6,2.57,2.56
273332,-2,-2,0,-1,0,0,-2,-2,-1,6,0,2.49
273394,-2,-2,0,-1,0,0,-2,-2,-1,6,2.87,2.86
274436,-2,-2,52.0201,-1,0,0,-2,-2,-1,6,0,0.25
275132,-2,-2,43.0199,-1,0,0,-2,-2,-1,6,0.75,0.75
275141,-2,-2,42.0101,-1,0,0,-2,-2,-1,6,2.95,2.95
276331,-2,-2,42.0101,-1,0,0,-2,-2,-1,6,4,4
276412,-2,-2,0,-1,0,0,-2,-2,-1,6,2.77,2.76
276473,-2,-2,42.0101,-1,0,0,-2,-2,-1,6,3.94,3.94
276686,-2,-2,45.1101,-1,0,0,-2,-2,-1,6,3.33,3.32
278039,-2,-2,40.0601,13.1202,0,0,-2,-2,-1,6,3.93,3.92
278455,-2,-2,9.0101,-1,0,0,-2,-2,-1,6,3.2,3.2
278705,-2,-2,43.0199,-1,0,0,-2,-2,-1,6,3.2,3.2
278746,-2,-2,43.0199,-1,0,0,-2,-2,-1,6,2.68,2.67
279065,-2,-2,13.1209,-1,0,0,-2,-2,-1,6,3.48,3.48
279111,-2,-2,26.0101,-1,0,0,-2,-2,-1,6,0,0
279443,-2,-2,9.0101,-1,0,0,-2,-2,-1,6,3.93,3.92
279847,-2,-2,40.0501,-1,0,0,-2,-2,-1,6,2.88,2.88
280448,-2,-2,52.0201,-1,0,0,-2,-2,-1,6,3.9,3.9
280616,-2,-2,51.3801,-1,0,0,-2,-2,-1,6,4,4
281544,1,1,26.0101,-1,0,0,-2,-2,-1,6,0,0
281957,-2,-2,0,-1,0,0,-2,-2,-1,6,2.43,2.43
282404,-2,-2,0,-1,0,0,-2,-2,-1,6,2,2
282845,-2,-2,11.0101,-1,0,0,-2,-2,-1,6,4,3.76
283313,-2,-2,13.1209,-1,0,0,-2,-2,-1,6,3.42,3.41
284015,-2,-2,16.0905,-1,0,0,-2,-2,-1,6,1.62,1.61
284920,-2,-2,54.0101,-1,0,0,-2,-2,-1,6,0,0
285147,0,0,45.1101,-1,0,0,-2,-2,-1,6,2,2
286414,0,0,0,-1,0,0,-2,-2,-1,6,2.43,2.43
286713,-2,-2,13.1202,-1,0,0,-2,-2,-1,6,0,0
286733,-2,-2,42.0101,-1,0,0,-2,-2,-1,6,2.67,2.66
286939,-2,-2,13.1209,-1,0,0,-2,-2,-1,6,3.18,3.17
287133,-2,-2,43.0199,-1,0,0,-2,-2,-1,6,3.93,3.92
287320,-2,-2,13.1209,-1,0,0,-2,-2,-1,6,2.77,2.76
288139,-2,-2,13.1202,-1,0,0,-2,-2,-1,6,2.9,2.9
290778,0,0,43.0199,-1,0,0,-2,-2,-1,6,1.18,1.17
290804,-2,-2,43.0199,-1,0,0,-2,-2,-1,6,3.67,2.75
291621,0,0,0,-1,0,0,-2,-2,-1,6,0,0
292175,-2,-2,43.0199,-1,0,0,-2,-2,-1,6,2.14,2.14
292827,-2,-2,42.0101,-1,0,0,-2,-2,-1,6,0,0
293195,0,-2,43.0199,-1,0,0,-2,-2,-1,6,1.58,1.57
293224,1,1,50.0901,-1,0,0,-2,-2,-1,6,2.9,2.9
293336,-2,-2,9.0101,-1,0,0,-2,-2,-1,6,3.18,3.18
293353,-2,-2,13.1202,-1,0,0,-2,-2,-1,6,3.35,3.35
294044,-2,-2,13.1202,-1,0,0,-2,-2,-1,6,0.93,0.92
294186,0,-2,52.0201,-1,0,0,-2,-2,-1,6,2.3,2.3
294202,-2,-2,51.1005,-1,0,0,-2,-2,-1,6,0,0
294549,-2,-2,13.1209,-1,0,0,-2,-2,-1,6,2.93,2.92
294554,0,-2,13.1209,-1,0,0,-2,-2,-1,6,3,3
294703,-2,-2,0,-1,0,0,-2,-2,-1,6,4,4
294977,1,-2,0,-1,0,0,-2,-2,-1,6,3.2,3.2
295100,1,0,0,-1,0,0,-2,-2,-1,6,3.3,3.3
295336,-2,-2,52.0201,-1,0,0,-2,-2,-1,6,0,0
295351,-2,-2,51.3801,-1,0,0,-2,-2,-1,6,3.23,3.23
295701,-2,-2,13.1209,-1,0,0,-2,-2,-1,6,0,0
296364,0,0,0,-1,0,0,-2,-2,-1,6,2,2
296410,-2,-2,50.0901,-1,0,0,-2,-2,-1,6,2.78,2.77
296508,-2,-2,51.3801,-1,0,0,-2,-2,-1,6,3.5,3.5
296523,-2,-2,13.1202,-1,0,0,-2,-2,-1,6,3.35,3.35
296550,-2,-2,51.3801,-1,0,0,-2,-2,-1,6,4,4
296623,-2,-2,13.1202,-1,0,0,-2,-2,-1,6,2.67,2.67
297318,-1,-1,0,-1,0,0,-2,-2,-1,6,0,0
297362,0,-2,11.0101,-1,0,0,-2,-2,-1,6,0,0
297436,-1,-1,51,-1,0,0,-2,-2,-1,6,3.7,3.7
297637,-2,-2,26.0101,-1,0,0,-2,-2,-1,6,2.34,2.34
297711,-2,-2,9.0101,-1,0,0,-2,-2,-1,6,3.1,3.1
298342,0,1,0,-1,0,0,-2,-2,-1,6,1.03,1.02
298523,-2,-2,52.0201,-1,0,0,-2,-2,-1,6,2.33,2.33
298558,-2,-2,52.0301,-1,0,0,-2,-2,-1,6,3.8,3.8
298990,0,1,0,-1,0,0,-2,-2,-1,6,3.23,3.23
299065,-2,-2,52.0801,-1,0,0,-2,-2,-1,6,2,2
299077,-2,-2,0,-1,0,0,-2,-2,-1,6,0,0
299365,-1,-1,0,-1,0,0,-2,-2,-1,6,2.5,2.5
299367,0,1,0,-1,0,0,-2,-2,-1,6,1.7,1.7
299834,-2,-2,50.0701,-1,0,0,-2,-2,-1,6,3.42,3.42
299873,0,1,0,-1,0,0,-2,-2,-1,6,2.77,2.76
300165,-2,-2,52.0201,-1,0,0,-2,-2,-1,6,3.68,3.67
300178,0,0,0,-1,0,0,-2,-2,-1,6,1.9,1.9
300459,0,-2,0,-1,0,0,-2,-2,-1,6,3.3,3.3
300555,-2,-2,45.0601,-1,0,0,-2,-2,-1,6,3.85,3.85
300578,-2,-2,42.0101,-1,0,0,-2,-2,-1,6,3.77,3.76
300862,-2,-2,11.0101,-1,0,0,-2,-2,-1,6,3.15,3.15
301379,-2,-2,45.1101,-1,0,0,-2,-2,-1,6,1.77,1.76
301407,-2,-2,27.0101,-1,0,0,-2,-2,-1,6,3.6,3.6
301408,-2,-2,26.0101,-1,0,0,-2,-2,-1,6,0,0
301418,-2,-2,52.0301,-1,0,0,-2,-2,-1,6,3.33,3.33
301441,0,1,43.0203,-1,0,0,-2,-2,-1,6,0,0
301510,0,0,0,-1,0,0,-2,-2,-1,6,0,0
301538,-2,-2,52.0201,-1,0,0,-2,-2,-1,6,2.7,2.7
301546,0,-2,11.0101,-1,0,0,-2,-2,-1,6,2,2
301680,-2,-2,26.0101,-1,0,0,-2,-2,-1,6,2,2
301690,0,-2,11.0101,-1,0,0,-2,-2,-1,6,3.23,3.23
301738,-2,-2,52.0301,-1,0,0,-2,-2,-1,6,2.54,2.54
301918,-2,-2,52.0301,-1,0,0,-2,-2,-1,6,2.77,2.75
301982,-2,-2,52.0801,-1,0,0,-2,-2,-1,6,2.48,2.47
302136,-2,-2,52.0301,-1,0,0,-2,-2,-1,6,3.67,3.66
302160,0,1,50.0701,-1,0,0,-2,-2,-1,6,3.55,3.55
302251,-2,-2,26.0101,-1,0,0,-2,-2,-1,6,2.86,2.85
302332,-2,-2,52.0301,-1,0,0,-2,-2,-1,6,2.8,2.8
302348,-2,-2,52.0201,-1,0,0,-2,-2,-1,6,0,0
302416,-2,1,0,-1,0,0,-2,-2,-1,6,1.89,1.88
302465,-2,-2,13.1209,-1,0,0,-2,-2,-1,6,3,3
302505,0,1,50.0701,-1,0,0,-2,-2,-1,6,2.65,2.65
302714,-2,-2,43.0399,-1,0,0,-2,-2,-1,6,3.83,3.82
302755,-2,-2,13.1202,-1,0,0,-2,-2,-1,6,3.1,3.1
302776,-2,-2,50.0901,-1,0,0,-2,-2,-1,6,3,3
302781,-2,-2,52.0201,-1,0,0,-2,-2,-1,6,2.43,2.42
302797,0,0,0,-1,0,0,-2,-2,-1,6,2.15,2.15
302845,-2,-2,42.0101,-1,0,0,-2,-2,-1,6,3.8,3.8
302846,-2,-2,50.0701,-1,0,0,-2,-2,-1,6,3.85,3.85
302868,-2,-2,51.3801,-1,0,0,-2,-2,-1,6,3.25,3.25
303153,-2,-2,23.0101,-1,0,0,-2,-2,-1,6,0,0
303186,-2,-2,52.0801,-1,0,0,-2,-2,-1,6,3.94,3.94
303359,-2,-2,0,-1,0,0,-2,-2,-1,6,4,4
303632,1,1,50.0901,-1,0,0,-2,-2,-1,6,0,0
303697,-2,-2,51.3801,-1,0,0,-2,-2,-1,6,2.85,2.85
303707,-2,-2,51.3801,-1,0,0,-2,-2,-1,6,3.9,3.9
303717,-2,-2,51.3801,-1,0,0,-2,-2,-1,6,3.3,3.3
303740,-2,-2,51.3801,-1,0,0,-2,-2,-1,6,4,4
303741,-2,-2,51.3801,-1,0,0,-2,-2,-1,6,3.65,3.65
303742,-2,-2,51.3801,-1,0,0,-2,-2,-1,6,3.3,3.3
303789,-2,-2,51.3801,-1,0,0,-2,-2,-1,6,3.3,3.3
303796,-2,-2,26.0101,-1,0,0,-2,-2,-1,6,2.8,2.8
303849,-2,-2,0,-1,0,0,-2,-2,-1,6,0,0
303853,-2,-2,52.0301,-1,0,0,-2,-2,-1,6,0,0
303924,-2,-2,26.0101,-1,0,0,-2,-2,-1,6,2.86,2.85
304172,-2,-2,51.3801,-1,0,0,-2,-2,-1,6,3.7,3.7
304259,-2,-2,43.0199,-1,0,0,-2,-2,-1,6,1.67,1.66
304280,0,1,52.0301,-1,0,0,-2,-2,-1,6,2,2
304317,-2,-2,16.0905,-1,0,0,-2,-2,-1,6,3,3
304321,-2,-2,51.3899,-1,0,0,-2,-2,-1,6,3.57,3.56
304344,0,-2,0,-1,0,0,-2,-2,-1,6,0,0
304419,-2,-2,51.3801,-1,0,0,-2,-2,-1,6,3.43,3.43
304423,-2,-2,51.3801,-1,0,0,-2,-2,-1,6,4,4
304426,-2,-2,51.3801,-1,0,0,-2,-2,-1,6,3.15,3.15
304435,-2,-2,13.1202,-1,0,0,-2,-2,-1,6,1.9,1.9
304487,-2,0,0,-1,0,0,-2,-2,-1,6,3.75,3.75
304520,-2,-2,52.0201,-1,0,0,-2,-2,-1,6,3.15,3.15
304565,-2,0,0,-1,0,0,-2,-2,-1,6,2.18,2.17
304583,-2,-2,43.0199,-1,0,0,-2,-2,-1,6,0.5,0.5
304601,-2,-2,52.0201,-1,0,0,-2,-2,-1,6,3.7,3.7
304613,-2,-2,43.0203,-1,0,0,-2,-2,-1,6,4,4
304630,-2,-2,26.0101,-1,0,0,-2,-2,-1,6,3,3
304711,-2,-2,52.0201,-1,0,0,-2,-2,-1,6,3.33,3.32
304736,-2,-2,50.0701,-1,0,0,-2,-2,-1,6,4,4
304740,-2,-2,50.0901,-1,0,0,-2,-2,-1,6,3.7,3.69
304742,1,-2,50.0701,-1,0,0,-2,-2,-1,6,0,0
304743,-2,-2,45.0601,-1,0,0,-2,-2,-1,6,3,3
304796,-2,-2,50.0701,-1,0,0,-2,-2,-1,6,3.68,3.67
304804,0,0,50.0701,-1,0,0,-2,-2,-1,6,0.86,0.85
304816,0,-2,52.0301,-1,0,0,-2,-2,-1,6,2.68,2.67
304903,-2,-2,51.3801,-1,0,0,-2,-2,-1,6,0,0
304946,-2,-2,0,-1,0,0,-2,-2,-1,6,3.9,3.9
305107,-2,-2,51.3801,-1,0,0,-2,-2,-1,6,3.5,3.5
305120,-2,-2,52.0201,-1,0,0,-2,-2,-1,6,3.93,3.92
305121,-2,-2,23.0101,-1,0,0,-2,-2,-1,6,3.18,3.17
305124,-2,-2,42.0101,-1,0,0,-2,-2,-1,6,2.9,2.9
305131,-2,-2,43.0199,-1,0,0,-2,-2,-1,6,3.9,3.9
305135,-2,-2,13.1202,-1,0,0,-2,-2,-1,6,3.46,3.46
305155,-2,-2,13.1202,-1,0,0,-2,-2,-1,6,2.85,2.85
305162,1,1,42.0101,-1,0,0,-2,-2,-1,6,0,0
305173,1,-2,43.0399,-1,0,0,-2,-2,-1,6,3.9,3.9
305185,-2,-2,51.3801,-1,0,0,-2,-2,-1,6,3.08,3.07
305201,-2,-2,16.0905,-1,0,0,-2,-2,-1,6,3,3
305203,-2,-2,51.3801,-1,0,0,-2,-2,-1,6,3.58,3.46
305240,-2,-2,43.0399,-1,0,0,-2,-2,-1,6,4,4
305243,-2,-2,52.0201,-1,0,0,-2,-2,-1,6,3,3
305244,-2,-2,51.3899,-1,0,0,-2,-2,-1,6,2.8,2.8
305252,-2,-2,13.1202,-1,0,0,-2,-2,-1,6,1.47,1.46
305259,-2,-2,42.0101,-1,0,0,-2,-2,-1,6,1,1
305289,-2,-2,43.0199,-1,0,0,-2,-2,-1,6,3.48,3.48
305306,-2,-2,43.0199,-1,0,0,-2,-2,-1,6,3.83,3.82
305317,-2,-2,52.0201,-1,0,0,-2,-2,-1,6,3.15,3.15
305326,1,1,54.0101,-1,0,0,-2,-2,-1,6,3.64,3.63
305423,-2,-2,45.1101,-1,0,0,-2,-2,-1,6,0,0
305424,0,0,50.0701,-1,0,0,-2,-2,-1,6,2.74,2.74
305425,-2,-2,52.0301,-1,0,0,-2,-2,-1,6,3.26,3.26
305431,-2,-2,52.0301,-1,0,0,-2,-2,-1,6,3.55,3.55
305433,-2,-2,52.0201,-1,0,0,-2,-2,-1,6,2.9,2.9
305436,-2,-2,13.1209,-1,0,0,-2,-2,-1,6,3.35,3.35
305437,1,0,23.0101,-1,0,0,-2,-2,-1,6,3.54,3.54
305439,0,1,43.0199,-1,0,0,-2,-2,-1,6,2,2
305444,-2,-2,43.0399,-1,0,0,-2,-2,-1,6,3.7,3.7
305468,-1,-1,51,-1,0,0,-2,-2,-1,6,0,0
305536,0,1,0,-1,0,0,-2,-2,-1,6,3.38,3.37
305540,-2,-2,52.0301,-1,0,0,-2,-2,-1,6,4,4
305553,-2,-2,45.1101,-1,0,0,-2,-2,-1,6,3.3,3.3
305556,0,1,52.0201,-1,0,0,-2,-2,-1,6,3.45,3.45
305557,-2,-2,50.0701,-1,0,0,-2,-2,-1,6,3.86,3.86
305567,-2,-2,43.0199,-1,0,0,-2,-2,-1,6,3.1,3.1
305672,-2,-2,50.0701,-1,0,0,-2,-2,-1,6,3.15,3.15
305675,-2,-2,51.3801,-1,0,0,-2,-2,-1,6,4,4
305677,1,1,0,-1,0,0,-2,-2,-1,6,3.89,3.88
305683,-2,-2,13.1209,-1,0,0,-2,-2,-1,6,3.37,3.37
305688,-2,-2,13.1202,-1,0,0,-2,-2,-1,6,2.85,2.85
305693,-2,-2,43.0203,-1,0,0,-2,-2,-1,6,3.81,3.81
305699,-2,-2,26.0101,-1,0,0,-2,-2,-1,6,3.7,3.7
305703,-1,-1,51,-1,0,0,-2,-2,-1,6,3,3
305707,-2,-2,52.0301,-1,0,0,-2,-2,-1,6,4,4
305712,-2,-2,52.1401,-1,0,0,-2,-2,-1,6,3.33,3.33
305722,-2,-2,51.3801,-1,0,0,-2,-2,-1,6,2,2
305723,-2,-2,51.3801,-1,0,0,-2,-2,-1,6,3.7,3.7
305724,-2,-2,42.0101,-1,0,0,-2,-2,-1,6,3.1,3.1
305732,-2,-2,51.3801,-1,0,0,-2,-2,-1,6,3.5,3.5
305758,-2,-2,51.3801,-1,0,0,-2,-2,-1,6,3.5,3.5
305763,0,1,52.0201,-1,0,0,-2,-2,-1,6,2.43,2.42
305774,-2,-2,0,-1,0,0,-2,-2,-1,6,3.93,3.92
305775,-2,-2,52.1401,-1,0,0,-2,-2,-1,6,2.58,2.57
305783,0,-2,26.0101,-1,0,0,-2,-2,-1,6,3.61,3.61
305784,0,0,50.0901,-1,0,0,-2,-2,-1,6,3.18,3.17
305795,-2,-2,13.1202,-1,0,0,-2,-2,-1,6,2.9,2.9
305796,-2,-2,52.0801,-1,0,0,-2,-2,-1,6,3.8,3.8
305801,0,-2,50.0701,-1,0,0,-2,-2,-1,6,2.83,2.82
305806,-2,-2,45.1101,-1,0,0,-2,-2,-1,6,3.08,3.08
305816,-2,-2,43.0399,-1,0,0,-2,-2,-1,6,3.95,3.95
305819,-2,-2,43.0399,-1,0,0,-2,-2,-1,6,3.74,3.74
305821,-2,-2,51.3801,-1,0,0,-2,-2,-1,6,2.94,2.94
305824,-2,-2,51.3801,-1,0,0,-2,-2,-1,6,4,4
305830,-2,-2,13.1202,-1,0,0,-2,-2,-1,6,3.6,3.6
305841,-2,-2,40.0801,-1,0,0,-2,-2,-1,6,3.51,3.51
305856,0,1,9.0101,-1,0,0,-2,-2,-1,6,2.7,2.7
305891,-2,-2,51.3801,-1,0,0,-2,-2,-1,6,4,4
305893,-2,-2,50.0701,-1,0,0,-2,-2,-1,6,3.7,3.7
305894,-2,-2,13.1202,-1,0,0,-2,-2,-1,6,3.54,3.54
305925,-2,-2,43.0199,-1,0,0,-2,-2,-1,6,4,4
305938,-1,-1,0,-1,0,0,-2,-2,-1,6,2.83,2.82
305939,-1,-1,0,-1,0,0,-2,-2,-1,6,3.58,3.57
305941,-1,-1,0,-1,0,0,-2,-2,-1,6,3.25,3.25
305964,-2,-2,43.0199,-1,0,0,-2,-2,-1,6,3,3
305965,-2,-2,43.0399,-1,0,0,-2,-2,-1,6,4,4
305966,-2,-2,42.0101,-1,0,0,-2,-2,-1,6,4,4
305967,-2,-2,-1,43.0199,0,0,-2,-2,-1,6,3.25,3.25
305970,-2,-2,50.0701,-1,0,0,-2,-2,-1,6,0.62,0.61
305977,-2,-2,52.0801,-1,0,0,-2,-2,-1,6,3.57,3.56
305978,-2,-2,43.0199,-1,0,0,-2,-2,-1,6,3.33,3.32
306000,-2,-2,52.0801,-1,0,0,-2,-2,-1,6,2.57,2.56
306025,-2,-2,51.3801,-1,0,0,-2,-2,-1,6,4,4
306028,-2,-2,13.1209,-1,0,0,-2,-2,-1,6,3.7,3.7
306129,-2,-2,51.3801,-1,0,0,-2,-2,-1,6,4,4
306154,-2,-2,43.0199,-1,0,0,-2,-2,-1,6,3.1,3.1
306202,-2,-2,52.0301,-1,0,0,-2,-2,-1,6,3,3
306236,-2,-2,13.1209,-1,0,0,-2,-2,-1,6,4,4
306237,-2,-2,51,-1,0,0,-2,-2,-1,6,4,4
306310,-2,-2,52.0201,-1,0,0,-2,-2,-1,6,3,3
306361,-2,-2,52.0801,-1,0,0,-2,-2,-1,6,4,4
306362,-2,-2,52.0801,-1,0,0,-2,-2,-1,6,3.1,3.1
306366,-1,-1,51.3801,-1,0,0,-2,-2,-1,6,4,4
306368,-2,-2,52.0301,-1,0,0,-2,-2,-1,6,3.8,3.8
306369,-2,-2,52.0301,-1,0,0,-2,-2,-1,6,2.83,2.82
306374,-2,-2,43.0199,-1,0,0,-2,-2,-1,6,3.55,3.55
306375,-2,-2,26.0101,-1,0,0,-2,-2,-1,6,3.56,3.56
306378,0,-2,9.0101,-1,0,0,-2,-2,-1,6,1,1
306379,-2,-2,0,-1,0,0,-2,-2,-1,6,0,0
306384,-2,-2,45.1101,-1,0,0,-2,-2,-1,6,3.7,3.7
306445,-2,-2,50.0901,-1,0,0,-2,-2,-1,6,3.64,3.63
306448,-2,-2,13.1209,-1,0,0,-2,-2,-1,6,3.1,3.1
306449,0,0,52.0201,-1,0,0,-2,-2,-1,6,3.01,3.01
306450,-1,-1,51,-1,0,0,-2,-2,-1,6,3.7,3.7
306468,-2,-2,9.0101,-1,0,0,-2,-2,-1,6,3.03,3.03
306471,-2,-2,42.0101,-1,0,0,-2,-2,-1,6,0,0
306472,-2,-2,0,-1,0,0,-2,-2,-1,6,3.85,3.85
306478,1,1,0,-1,0,0,-2,-2,-1,6,2.75,2.75
306481,-1,-1,42.0101,-1,0,0,-2,-2,-1,6,0,0
306485,0,-2,52.0201,-1,0,0,-2,-2,-1,6,3.65,3.65
306490,0,1,0,-1,0,0,-2,-2,-1,6,0,0
306497,-2,-2,26.0101,-1,0,0,-2,-2,-1,6,3.9,3.9
306503,-2,-2,0,-1,0,0,-2,-2,-1,6,3.7,3.7
306610,-2,-2,13.1209,42.0101,0,0,-2,-2,-1,6,3.1,3.1
306611,-2,-2,50.0701,-1,0,0,-2,-2,-1,6,3.82,3.82
306616,-2,-2,26.0101,-1,0,0,-2,-2,-1,6,3.77,3.76
306623,-2,-2,51.3801,-1,0,0,-2,-2,-1,6,4,4
306624,-2,-2,0,-1,0,0,-2,-2,-1,6,0,0
306629,-2,-2,42.0101,-1,0,0,-2,-2,-1,6,3.5,3.5
306645,-2,-2,0,-1,0,0,-2,-2,-1,6,3.37,3.36
306665,-2,-2,52.0301,-1,0,0,-2,-2,-1,6,3.67,3.66
306670,0,0,43.0199,-1,0,0,-2,-2,-1,6,3.58,3.57
306672,-2,-2,0,-1,0,0,-2,-2,-1,6,3,3
306675,-2,-2,43.0399,-1,0,0,-2,-2,-1,6,4,4
306682,-2,-2,42.0101,-1,0,0,-2,-2,-1,6,3.7,3.7
306738,-2,-2,42.0101,-1,0,0,-2,-2,-1,6,2.35,2.35
306745,-2,-2,0,-1,0,0,-2,-2,-1,6,2.57,2.56
306751,-2,-2,23.0101,-1,0,0,-2,-2,-1,6,2.85,2.85
306757,-2,-2,43.0399,-1,0,0,-2,-2,-1,6,0,0
306760,-2,-2,52.0201,-1,0,0,-2,-2,-1,6,1,1
306761,-2,-2,16.0905,-1,0,0,-2,-2,-1,6,2.43,2.42
306762,-2,-2,43.0399,-1,0,0,-2,-2,-1,6,3.93,3.92
306763,-2,-2,52.0801,-1,0,0,-2,-2,-1,6,4,4
306771,-2,-2,52.0301,-1,0,0,-2,-2,-1,6,3.4,3.4
306780,-2,-2,52.0301,-1,0,0,-2,-2,-1,6,2.85,2.85
306782,-2,-2,42.0101,13.1001,0,0,-2,-2,-1,6,0,0
306785,-2,-2,42.0101,-1,0,0,-2,-2,-1,6,3.67,3.66
306789,-2,-2,50.0701,-1,0,0,-2,-2,-1,6,4,4
306797,-2,-2,52.0301,-1,0,0,-2,-2,-1,6,3.43,3.42
306816,-2,-2,42.0101,-1,0,0,-2,-2,-1,6,4,4
306846,-2,-2,43.0399,-1,0,0,-2,-2,-1,6,4,4
306855,0,-2,26.0101,-1,0,0,-2,-2,-1,6,3.3,3.3
306898,-2,-2,51,-1,0,0,-2,-2,-1,6,3.76,3.75
306905,-2,-2,27.0101,-1,0,0,-2,-2,-1,6,2.8,2.8
306936,-2,-2,52.0201,-1,0,0,-2,-2,-1,6,3.85,3.85
307023,-2,-2,51.3801,-1,0,0,-2,-2,-1,6,3.3,3.3
307045,-2,-2,13.1209,-1,0,0,-2,-2,-1,6,2.35,2.35
307081,0,0,0,-1,0,0,-2,-2,-1,6,3.3,3.3
307084,-2,-2,43.0199,-1,0,0,-2,-2,-1,6,3.5,3.5
307086,-2,-2,43.0199,-1,0,0,-2,-2,-1,6,3.6,3.6
307087,1,1,11.0101,-1,0,0,-2,-2,-1,6,3.45,3.45
307100,-2,-2,43.0199,-1,0,0,-2,-2,-1,6,3,3
307102,-2,-2,52.0201,-1,0,0,-2,-2,-1,6,0,0
307106,-2,-2,13.1209,-1,0,0,-2,-2,-1,6,2.33,2.32
307116,-2,-2,0,-1,0,0,-2,-2,-1,6,3.57,3.56
307155,0,-2,52.0301,-1,0,0,-2,-2,-1,6,3.23,3.23
307157,-2,-2,52.0301,-1,0,0,-2,-2,-1,6,2.57,2.56
307159,-1,-1,0,-1,0,0,-2,-2,-1,6,3.2,3.2
307160,-2,-2,40.0501,-1,0,0,-2,-2,-1,6,3.14,3.13
307164,-2,-2,13.1202,-1,0,0,-2,-2,-1,6,3.33,3.33
307171,-2,-2,50.0701,-1,0,0,-2,-2,-1,6,2.67,2.66
307181,-2,-2,43.0203,-1,0,0,-2,-2,-1,6,3.75,3.75
307210,-2,-2,45.0601,-1,0,0,-2,-2,-1,6,3.34,3.34
307215,-2,-2,42.0101,-1,0,0,-2,-2,-1,6,3.18,3.17
307216,-2,-2,42.0101,-1,0,0,-2,-2,-1,6,2.7,2.7
307217,-2,-2,45.1101,-1,0,0,-2,-2,-1,6,3.75,3.75
307225,-1,-1,0,-1,0,0,-2,-2,-1,6,3.3,3.3
307232,-1,-1,0,-1,0,0,-2,-2,-1,6,1.65,1.65
307239,-2,-2,45.1101,-1,0,0,-2,-2,-1,6,2.33,2.32
307243,-2,-2,51.3801,-1,0,0,-2,-2,-1,6,3.18,3.17
307290,-2,-2,52.0301,-1,0,0,-2,-2,-1,6,3.15,3.15
307294,-2,-2,43.0199,-1,0,0,-2,-2,-1,6,2.83,2.82
307508,-2,-2,23.0101,-1,0,0,-2,-2,-1,6,2.93,2.92
307509,-2,-2,9.0101,-1,0,0,-2,-2,-1,6,3.1,3.1
307510,1,1,0,-1,0,0,-2,-2,-1,6,2.94,2.93
307512,-2,-2,52.0801,-1,0,0,-2,-2,-1,6,3.85,3.85
307514,-2,-2,51.3801,-1,0,0,-2,-2,-1,6,3.7,3.7
307516,-2,-2,51.3801,-1,0,0,-2,-2,-1,6,4,4
307527,-2,-2,43.0199,-1,0,0,-2,-2,-1,6,0.69,0.69
307532,-2,-2,0,-1,0,0,-2,-2,-1,6,2.3,2.3
307545,-2,-2,42.0101,-1,0,0,-2,-2,-1,6,0,0
307553,0,0,13.1202,-1,0,0,-2,-2,-1,6,3,3
307569,-2,-2,43.0399,-1,0,0,-2,-2,-1,6,3.7,3.7
307579,-1,-1,51,-1,0,0,-2,-2,-1,6,2,2
307582,-2,-2,9.0101,-1,0,0,-2,-2,-1,6,2.7,2.7
307589,-2,-2,42.0101,-1,0,0,-2,-2,-1,6,2.67,2.66
307725,-2,-2,51,-1,0,0,-2,-2,-1,6,2.73,2.72
307726,-2,-2,52.0301,-1,0,0,-2,-2,-1,6,2.65,2.65
307729,-2,-2,42.0101,-1,0,0,-2,-2,-1,6,3.08,3.07
307732,-2,-2,50.0901,-1,0,0,-2,-2,-1,6,3.56,3.56
307735,-2,-2,52.0301,-1,0,0,-2,-2,-1,6,2.65,2.65
307736,-2,-2,52.0201,-1,0,0,-2,-2,-1,6,3.43,3.43
307752,-1,-1,51,-1,0,0,-2,-2,-1,6,4,4
307807,0,1,0,-1,0,0,-2,-2,-1,6,3.14,3.14
307819,-2,-2,45.1001,-1,0,0,-2,-2,-1,6,2.75,2.75
307820,-2,-2,45.0601,-1,0,0,-2,-2,-1,6,3.88,3.88
307833,0,1,0,-1,0,0,-2,-2,-1,6,2.5,2.5
307847,-2,1,0,-1,0,0,-2,-2,-1,6,3.68,3.68
307858,-2,-2,51.3801,-1,0,0,-2,-2,-1,6,3.9,3.9
307876,-1,-1,0,-1,0,0,-2,-2,-1,6,2.7,2.7
307931,-1,-1,40.0801,-1,0,0,-2,-2,-1,6,0,0
307953,-2,-2,52.0301,-1,0,0,-2,-2,-1,6,3.18,3.17
307969,-2,-2,43.0199,-1,0,0,-2,-2,-1,6,3.43,3.42
307971,0,0,43.0203,-1,0,0,-2,-2,-1,6,3.25,3.25
307981,-2,-2,42.0101,-1,0,0,-2,-2,-1,6,3.08,3.07
307982,-2,-2,42.0101,13.1209,0,0,-2,-2,-1,6,3.18,3.18
308006,-2,-2,51.3801,-1,0,0,-2,-2,-1,6,2.83,2.82
308012,-2,-2,43.0199,-1,0,0,-2,-2,-1,6,1.85,1.85
308014,-2,-2,43.0199,-1,0,0,-2,-2,-1,6,2.23,1.67
308059,-2,-2,45.1001,-1,0,0,-2,-2,-1,6,2.57,2.56
308072,-2,-2,0,-1,0,0,-2,-2,-1,6,4,4
308075,-2,-2,51.3801,-1,0,0,-2,-2,-1,6,3.47,3.46
308105,-2,-2,54.0101,-1,0,0,-2,-2,-1,6,3.35,3.35
308119,-2,-2,52.0301,-1,0,0,-2,-2,-1,6,4,4
308153,-2,-2,0,-1,0,0,-2,-2,-1,6,3.43,3.42
308156,-2,-2,51,-1,0,0,-2,-2,-1,6,3.63,3.63
308159,-2,-2,43.0199,-1,0,0,-2,-2,-1,6,2.93,2.92
308222,-2,-2,43.0399,-1,0,0,-2,-2,-1,6,3.5,3.5
308236,1,1,42.0101,-1,0,0,-2,-2,-1,6,2.19,2.18
308239,-2,-2,43.0399,-1,0,0,-2,-2,-1,6,3.68,3.67
308256,-2,-2,52.0201,-1,0,0,-2,-2,-1,6,2.35,2.35
308274,-1,-1,51,-1,0,0,-2,-2,-1,6,4,4
308278,0,0,50.0701,-1,0,0,-2,-2,-1,6,0,0
308285,-2,-2,43.0199,-1,0,0,-2,-2,-1,6,3.68,3.67
308290,-2,-2,43.0399,-1,0,0,-2,-2,-1,6,3.43,3.43
308293,-2,-2,51.3801,-1,0,0,-2,-2,-1,6,2.93,2.92
308296,-2,-2,51.3801,-1,0,0,-2,-2,-1,6,3.9,3.9
308303,-2,-2,13.1202,-1,0,0,-2,-2,-1,6,2.43,2.43
308306,-2,-2,43.0199,-1,0,0,-2,-2,-1,6,3.93,3.92
308308,-2,-2,13.1209,-1,0,0,-2,-2,-1,6,3.5,3.5
308315,-2,-2,52.0301,-1,0,0,-2,-2,-1,6,3.58,3.57
308321,-2,-2,9.0101,-1,0,0,-2,-2,-1,6,2.43,2.42
308328,0,1,45.1101,-1,0,0,-2,-2,-1,6,0.8,0.8
308341,0,-2,11.0101,-1,0,0,-2,-2,-1,6,0,0
308366,-1,-1,0,-1,0,0,-2,-2,-1,6,0,0
308372,-2,-2,26.0101,-1,0,0,-2,-2,-1,6,1.43,1.42
308375,-1,-1,51,-1,0,0,-2,-2,-1,6,2.7,2.7
308385,-1,-1,0,-1,0,0,-2,-2,-1,6,3.3,3.3
308400,-1,-1,51,-1,0,0,-2,-2,-1,6,0,0
308413,-2,-2,52.0201,-1,0,0,-2,-2,-1,6,3.2,3.2
308425,-2,-2,13.1001,-1,0,0,-2,-2,-1,6,3,3
308547,-2,-2,54.0101,-1,0,0,-2,-2,-1,6,2.98,2.98
308573,-2,-2,43.0203,-1,0,0,-2,-2,-1,6,3.54,3.54
308581,-1,-1,51,-1,0,0,-2,-2,-1,6,4,4
308591,-2,-2,51.3801,-1,0,0,-2,-2,-1,6,3.5,3.5
308679,-2,-2,52.0801,-1,0,0,-2,-2,-1,6,4,4
308685,-1,-1,0,-1,0,0,-2,-2,-1,6,3.7,3.7
308694,-2,-2,23.0101,13.1209,0,0,-2,-2,-1,6,3.25,3.25
308697,-2,-2,13.1209,-1,0,0,-2,-2,-1,6,3.7,3.7
308699,-2,-2,51.3801,-1,0,0,-2,-2,-1,6,3.7,3.7
308700,-2,-2,51.3801,-1,0,0,-2,-2,-1,6,4,4
308701,-2,-2,51.3801,-1,0,0,-2,-2,-1,6,3.9,3.9
308728,-2,-2,42.0101,-1,0,0,-2,-2,-1,6,3.85,3.85
308739,-2,-2,51.3801,-1,0,0,-2,-2,-1,6,3.15,3.15
308740,-2,-2,52.0301,-1,0,0,-2,-2,-1,6,3.65,3.65
308743,0,1,0,-1,0,0,-2,-2,-1,6,2.83,2.82
308801,-2,-2,51.3801,-1,0,0,-2,-2,-1,6,3.1,3.1
308809,-2,-2,43.0203,-1,0,0,-2,-2,-1,6,4,4
308813,-2,-2,52.0301,-1,0,0,-2,-2,-1,6,1.68,1.67
308844,-2,-2,52.0201,-1,0,0,-2,-2,-1,6,2.23,2.23
308846,-2,-2,51,-1,0,0,-2,-2,-1,6,2.66,2.66
308868,-2,-2,52.0201,-1,0,0,-2,-2,-1,6,0,0
308871,-2,-2,23.0101,13.1202,0,0,-2,-2,-1,6,2.66,2.66
308912,-2,-2,0,-1,0,0,-2,-2,-1,6,0,0
308918,-1,-1,51,-1,0,0,-2,-2,-1,6,3.3,3.3
308940,1,1,0,-1,0,0,-2,-2,-1,6,0,0
308943,0,-2,52.0201,-1,0,0,-2,-2,-1,6,0,0
308949,-2,-2,51.3801,-1,0,0,-2,-2,-1,6,2.9,2.9
308950,-2,-2,51.3801,-1,0,0,-2,-2,-1,6,2,2
308952,-2,-2,51.3801,-1,0,0,-2,-2,-1,6,3.43,3.43
308956,-2,-2,51.3801,-1,0,0,-2,-2,-1,6,4,4
308971,-2,-2,13.1209,-1,0,0,-2,-2,-1,6,3.4,3.4
308972,-2,-2,51.3801,-1,0,0,-2,-2,-1,6,3.67,3.66
308973,-2,-2,51.3801,-1,0,0,-2,-2,-1,6,3.65,2.43
308974,-2,-2,51.3801,-1,0,0,-2,-2,-1,6,3.7,3.7
308975,-2,-2,51.3801,-1,0,0,-2,-2,-1,6,3.9,3.9
308977,-2,-2,45.1101,-1,0,0,-2,-2,-1,6,3.3,3.3
308978,-2,-2,43.0203,-1,0,0,-2,-2,-1,6,3.5,3.5
308986,-2,-2,23.0101,13.1202,0,0,-2,-2,-1,6,3.08,3.07
308988,-2,-2,43.0203,-1,0,0,-2,-2,-1,6,4,4
309124,-2,-2,43.0199,-1,0,0,-2,-2,-1,6,0,0
309140,-2,-2,13.1209,-1,0,0,-2,-2,-1,6,1.65,1.65
309143,-1,-1,0,-1,0,0,-2,-2,-1,6,4,4
309159,-1,-1,23.0101,-1,0,0,-2,-2,-1,6,2.85,2.85
309184,-2,-2,13.1001,-1,0,0,-2,-2,-1,6,3.1,3.1
309368,-2,-2,40.0801,-1,0,0,-2,-2,-1,6,2.5,2.5
309376,-1,-1,0,-1,0,0,-2,-2,-1,6,3.7,3.7
309389,-2,-2,52.0201,-1,0,0,-2,-2,-1,6,3.85,3.85
309532,-2,-2,52.0301,-1,0,0,-2,-2,-1,6,3,3
309549,-2,-2,0,-1,0,0,-2,-2,-1,6,0.07,0.07
309579,-2,-2,51.3801,-1,0,0,-2,-2,-1,6,3.5,3.5
309580,-2,-2,52.0201,-1,0,0,-2,-2,-1,6,0,0
309582,0,-2,43.0203,-1,0,0,-2,-2,-1,6,3,3
309585,-1,-1,43.0199,-1,0,0,-2,-2,-1,6,0,0
309604,-2,-2,51,-1,0,0,-2,-2,-1,6,3.23,3.23
309616,-2,-2,52.0301,-1,0,0,-2,-2,-1,6,4,4
309617,-2,-2,52.0801,-1,0,0,-2,-2,-1,6,3.33,3.33
309620,-2,-2,42.0101,-1,0,0,-2,-2,-1,6,0,0
309623,-2,-2,23.0101,-1,0,0,-2,-2,-1,6,3.35,3.35
309642,-1,-1,0,-1,0,0,-2,-2,-1,6,4,4
309649,-1,-1,0,-1,0,0,-2,-2,-1,6,4,4
309666,-2,-2,40.0601,-1,0,0,-2,-2,-1,6,0.5,0.5
309763,-2,-2,13.1209,-1,0,0,-2,-2,-1,6,3.08,3.07
309776,-2,-2,0,-1,0,0,-2,-2,-1,6,3.5,3.5
309815,-1,-1,51,-1,0,0,-2,-2,-1,6,2.7,2.7
309917,-2,-2,43.0399,-1,0,0,-2,-2,-1,6,0,0
309918,-1,-1,51,-1,0,0,-2,-2,-1,6,3,3
309923,-2,-2,26.0101,-1,0,0,-2,-2,-1,6,3.03,3.03
309929,-2,-2,51,-1,0,0,-2,-2,-1,6,3.43,3.42
309943,-2,-2,52.0201,-1,0,0,-2,-2,-1,6,2.1,2.1
309983,-2,-2,13.1209,-1,0,0,-2,-2,-1,6,2.85,2.85
310039,-2,-2,45.1001,-1,0,0,-2,-2,-1,6,3.08,3.07
310068,-1,-1,0,-1,0,0,-2,-2,-1,6,4,4
310186,-2,-2,13.1001,-1,0,0,-2,-2,-1,6,3.68,3.67
