StudentID,CompleteDevMath_14Term6,CompleteDevEnglish_14Term6,Major1_14Term6,Major2_14Term6,Complete1_14Term6,Complete2_14Term6,CompleteCIP1_14Term6,CompleteCIP2_14Term6,TransferIntent_14Term6,DegreeTypeSought_14Term6,TermGPA_14Term6,CumGPA_14Term6
299788,0,0,52.0301,-1,0,0,-2,-2,-1,6,3.5,2.4
283028,-2,-2,11.0101,-1,8,0,11.0101,-2,-1,6,4,2.88
299668,-2,-2,51,-1,0,0,-2,-2,-1,6,0,2.63
299020,0,0,43.0199,-1,0,0,-2,-2,-1,6,3,2.61
268879,-2,-2,51.3899,-1,0,0,-2,-2,-1,6,4,4
299243,0,0,52.1401,-1,0,0,-2,-2,-1,6,3,2.38
304905,0,0,52.0201,-1,0,0,-2,-2,-1,6,3.65,3.23
302116,-2,-2,51,-1,8,0,51,-2,-1,6,4,3.06
305226,-2,-2,43.0399,-1,8,0,43.0399,-2,-1,6,4,3.53
301493,-2,-2,26.0101,-1,0,0,-2,-2,-1,6,2.7,2.09
301764,0,0,52.0301,-1,0,0,-2,-2,-1,6,3.7,3.58
302827,1,-2,50.0901,-1,0,0,-2,-2,-1,6,2.7,2.69
301130,-2,0,26.0101,-1,0,0,-2,-2,-1,6,2.3,3.26
277702,-2,-2,45.1101,-1,7,0,45.1101,-2,-1,6,2.85,2.96
297513,0,0,52.0801,-1,8,0,52.0801,-2,-1,6,3.85,3.15
300416,0,0,52.0201,-1,0,0,-2,-2,-1,6,4,3.42
304610,-2,-2,11.0101,-1,8,0,11.0101,-2,-1,6,4,4
304223,-2,-2,52.0201,-1,0,0,-2,-2,-1,6,0,2.59
303486,-2,-2,27.0101,-1,0,0,-2,-2,-1,6,1.7,3.17
303060,0,0,52.0301,-1,0,0,-2,-2,-1,6,4,2.97
302547,0,-2,23.0101,-1,0,0,-2,-2,-1,6,3.7,3.2
296689,0,0,43.0199,-1,8,0,43.0199,-2,-1,6,3,3.66
297388,-2,0,26.0101,-1,0,0,-2,-2,-1,6,4,3.53
301787,0,0,43.0199,-1,0,0,-2,-2,-1,6,3.7,3.34
297161,0,-2,26.0101,-1,0,0,-2,-2,-1,6,3,3.64
300561,-2,-2,43.0199,-1,0,0,-2,-2,-1,6,3.35,3.11
281128,0,-2,52.0301,-1,0,0,-2,-2,-1,6,0,2.71
296824,0,0,26.0101,-1,0,0,-2,-2,-1,6,2.3,2.66
283839,0,0,23.0101,-1,0,0,-2,-2,-1,6,3.3,3.19
304862,-2,-2,43.0199,-1,0,0,-2,-2,-1,6,1.35,2.18
298740,0,0,43.0399,-1,0,0,-2,-2,-1,6,4,2.93
280240,0,0,0,-1,0,0,-2,-2,-1,6,0,1.67
301345,0,0,43.0203,-1,0,0,-2,-2,-1,6,4,3
298838,0,0,52.0201,-1,8,0,52.0201,-2,-1,6,3,2.75
300305,-2,0,26.0101,-1,0,0,-2,-2,-1,6,3,2.55
45090,-2,-2,9.0101,-1,7,0,9.0101,-2,-1,6,4,3.37
302497,-2,-2,52.0201,-1,8,0,52.0201,-2,-1,6,3.3,3.15
302716,0,0,43.0203,-1,8,0,43.0203,-2,-1,6,4,3.95
303937,0,-2,27.0101,-1,7,0,27.0101,-2,-1,6,3.3,3.58
304909,-2,0,27.0101,-1,0,0,-2,-2,-1,6,3.7,3.38
305271,-2,-2,51.3801,-1,8,0,51.3801,-2,-1,6,2.3,2.97
299944,0,-2,54.0101,-1,0,0,-2,-2,-1,6,0,3.44
303171,-2,-2,50.0901,-1,0,0,-2,-2,-1,6,3.7,2.84
298215,0,-2,26.0101,-1,0,0,-2,-2,-1,6,2.57,2.82
301298,0,-2,42.0101,-1,7,0,42.0101,-2,-1,6,4,3.27
300835,0,0,26.0101,-1,0,0,-2,-2,-1,6,2.74,2.78
303351,-2,-2,52.0301,-1,0,0,-2,-2,-1,6,3,3.17
297816,0,-2,50.0701,-1,0,0,-2,-2,-1,6,3.7,3.55
298495,-2,0,42.0101,-1,0,0,-2,-2,-1,6,1,3.69
301481,0,0,26.0101,-1,0,0,-2,-2,-1,6,1,2.71
300271,0,0,42.0101,-1,0,0,-2,-2,-1,6,2.7,2.16
295078,0,0,26.0101,-1,0,0,-2,-2,-1,6,0,1.73
300099,-2,0,26.0101,13.1209,0,0,-2,-2,-1,6,2.65,3.28
303640,-2,-2,51.3801,-1,8,0,51.3801,-2,-1,6,3.3,3.24
304702,0,0,42.0101,-1,0,0,-2,-2,-1,6,3.7,2.53
268798,-2,0,52.0301,-1,0,0,-2,-2,-1,6,4,3.63
302574,-2,-2,26.0101,-1,0,0,-2,-2,-1,6,3,2.68
305145,-2,0,26.0101,-1,0,0,-2,-2,-1,6,3.7,3.66
296821,-2,-2,52.0301,52.0801,0,0,-2,-2,-1,6,2.7,3.38
298939,0,0,26.0101,-1,0,0,-2,-2,-1,6,0,2.23
298502,-2,0,40.0501,40.0601,0,0,-2,-2,-1,6,3.3,3.43
298617,0,0,52.1401,-1,0,0,-2,-2,-1,6,3.35,2.43
300763,-2,0,50.0701,50.0701,0,0,-2,-2,-1,6,4,3.96
297873,0,0,42.0101,13.1209,7,0,42.0101,-2,-1,6,4,3.69
296922,0,0,51,-1,0,0,-2,-2,-1,6,4,2.88
244494,-2,-2,52.1401,-1,0,0,-2,-2,-1,6,3.7,3
303011,0,0,26.0101,-1,0,0,-2,-2,-1,6,3,2.31
305045,0,-2,52.0301,-1,8,0,52.0301,-2,-1,6,4,3.85
301645,0,0,52.0201,-1,8,0,52.0201,-2,-1,6,4,3.43
304322,-2,-2,51.3801,-1,8,0,51.3801,-2,-1,6,2.3,2.48
299154,0,0,43.0199,-1,8,0,43.0199,-2,-1,6,4,3.49
300827,0,0,45.1101,-1,7,0,45.1101,-2,-1,6,4,3.3
299593,-2,-2,11.0101,27.0101,0,0,-2,-2,-1,6,2.3,3.17
303991,-2,-2,-1,-1,0,0,-2,-2,-1,6,3.3,3.65
300920,0,0,26.0101,-1,0,0,-2,-2,-1,6,3.7,2.42
55512,-2,-2,43.0199,-1,0,0,-2,-2,-1,6,3.7,2.4
299374,0,0,52.0201,52.0201,0,0,-2,-2,-1,6,3,3.06
296944,0,0,0,-1,0,0,-2,-2,-1,6,0,2.83
298744,-2,-2,26.0101,13.1209,0,0,-2,-2,-1,6,2,3
268718,-2,-2,42.0101,-1,7,0,42.0101,-2,-1,6,4,2.52
297737,-2,-2,43.0399,-1,0,0,-2,-2,-1,6,4,3.38
302362,0,0,42.0101,-1,0,0,-2,-2,-1,6,2.7,2.8
297213,0,-2,50.0701,-1,0,0,-2,-2,-1,6,4,3.96
301873,0,0,43.0199,-1,8,0,43.0199,-2,-1,6,2.3,3.04
302735,0,0,52.0301,-1,0,0,-2,-2,-1,6,4,3.66
304287,-2,-2,52.0201,-1,0,0,-2,-2,-1,6,3,2.78
300277,0,0,52.0201,-1,0,0,-2,-2,-1,6,3,2.91
250829,-2,-2,51,-1,8,0,51,-2,-1,6,3.3,3.05
300322,0,0,43.0199,-1,0,0,-2,-2,-1,6,4,2.78
297616,-2,-2,50.0701,-1,0,0,-2,-2,-1,6,4,3.93
66661,-2,0,43.0199,-1,8,0,43.0199,-2,-1,6,4,3.15
304833,-2,-2,26.0101,-1,0,0,-2,-2,-1,6,2.7,2.93
304244,0,0,52.0201,-1,0,0,-2,-2,-1,6,4,3.17
298396,0,0,50.0701,-1,0,0,-2,-2,-1,6,3.3,2.8
301151,-2,-2,42.0101,-1,0,0,-2,-2,-1,6,3,2.76
302151,0,0,43.0399,-1,0,0,-2,-2,-1,6,0,2.59
298734,0,0,43.0199,-1,0,0,-2,-2,-1,6,3.5,3.26
43686,0,-2,27.0101,-1,0,0,-2,-2,-1,6,2.3,2.75
301336,0,0,43.0199,-1,0,0,-2,-2,-1,6,3,2.08
298960,0,0,0,-1,0,0,-2,-2,-1,6,3,2.04
301844,0,0,52.1401,-1,0,0,-2,-2,-1,6,4,2.78
297134,0,0,52.1401,-1,0,0,-2,-2,-1,6,0,2.8
300114,0,0,26.0101,-1,0,0,-2,-2,-1,6,2.6,2.41
298333,0,0,43.0199,-1,0,0,-2,-2,-1,6,2.3,2.47
300918,0,0,51.0999,-1,0,0,-2,-2,-1,6,2.65,2.4
302849,0,0,26.0101,-1,0,0,-2,-2,-1,6,3.7,3.37
299317,0,0,43.0199,-1,0,0,-2,-2,-1,6,4,3.12
301423,-2,-2,9.0101,-1,7,0,9.0101,-2,-1,6,3,3.77
304091,0,0,26.0101,-1,0,0,-2,-2,-1,6,2.43,2.28
300524,0,0,45.1101,-1,7,0,45.1101,-2,-1,6,4,2.55
298596,0,0,42.0101,13.1209,0,0,-2,-2,-1,6,0,2.85
300063,0,0,52.0801,-1,0,0,-2,-2,-1,6,4,2.67
302968,0,0,42.0101,-1,0,0,-2,-2,-1,6,0,2.49
299543,0,0,42.0101,-1,0,0,-2,-2,-1,6,2.65,2.53
296470,0,0,0,-1,0,0,-2,-2,-1,6,3.3,1.91
300324,0,0,40.0601,-1,0,0,-2,-2,-1,6,0,2.93
277433,-2,-2,43.0399,-1,8,0,43.0399,-2,-1,6,0,2.77
300692,0,0,26.0101,-1,0,0,-2,-2,-1,6,4,2.71
298792,0,-2,52.0301,-1,0,0,-2,-2,-1,6,3.5,3.4
303300,-2,-2,52.0201,-1,0,0,-2,-2,-1,6,0.5,2.64
300922,0,0,45.1101,-1,0,0,-2,-2,-1,6,2.5,2.93
304615,-2,-2,51.3801,-1,0,0,-2,-2,-1,6,3.7,3.68
301355,-2,-2,42.0101,-1,0,0,-2,-2,-1,6,3.3,2.43
300278,0,-2,50.0701,-1,0,0,-2,-2,-1,6,3,2.57
298546,0,0,43.0199,-1,8,0,43.0199,-2,-1,6,4,3.18
304722,-2,-2,40.0601,50.0701,0,0,-2,-2,-1,6,3,2.61
292946,-2,-2,26.0101,-1,0,0,-2,-2,-1,6,4,3.67
302778,-2,-2,-1,-1,0,0,-2,-2,-1,6,0,0
299592,0,0,43.0203,-1,0,0,-2,-2,-1,6,2.73,2.85
300611,0,0,52.0201,-1,0,0,-2,-2,-1,6,3.85,3.21
74037,-2,-2,45.1101,-1,0,0,-2,-2,-1,6,2,2.69
250182,-2,-2,45.1101,13.1209,7,0,45.1101,-2,-1,6,4,3.1
262281,-2,-2,52.0301,-1,8,0,52.0301,-2,-1,6,2.7,2.56
263757,-2,-2,51.3801,-1,8,0,51.3801,-2,-1,6,2.65,3.2
267412,0,0,42.0101,-1,0,0,-2,-2,-1,6,3.85,2.58
276412,-2,-2,42.0101,-1,0,0,-2,-2,-1,6,4,3.43
280616,-2,-2,51.3801,-1,8,0,51.3801,-2,-1,6,4,3.93
292175,-2,-2,43.0199,-1,0,0,-2,-2,-1,6,1,2.37
297318,-1,-1,13.1209,-1,0,0,-2,-2,-1,6,3.65,3.51
301680,-2,-2,26.0101,-1,0,0,-2,-2,-1,6,3.7,3.31
301738,-2,-2,52.0301,-1,0,0,-2,-2,-1,6,3.85,3.1
302332,-2,-2,52.0301,-1,0,0,-2,-2,-1,6,2.8,2.53
303740,-2,-2,51.3801,-1,0,0,-2,-2,-1,6,4,3.94
303742,-2,-2,51.3801,-1,0,0,-2,-2,-1,6,4,3.53
303796,-2,-2,26.0101,-1,0,0,-2,-2,-1,6,3.65,3.05
304711,-2,-2,52.0201,-1,0,0,-2,-2,-1,6,3.15,3.25
305201,-2,-2,16.0905,-1,0,0,-2,-2,-1,6,3.7,3.68
305326,0,0,54.0101,-1,0,0,-2,-2,-1,6,4,3.31
305439,0,0,43.0199,-1,0,0,-2,-2,-1,6,3.7,2.31
306025,-2,-2,51.3801,-1,8,0,51.3801,-2,-1,6,3.7,3.71
306375,-2,-2,26.0101,-1,0,0,-2,-2,-1,6,3.7,3.21
306611,-2,-2,50.0701,-1,7,0,50.0701,-2,-1,6,3.7,3.6
306629,-2,-2,42.0101,-1,7,0,42.0101,-2,-1,6,1.7,3.01
306645,-2,-2,27.0101,-1,0,0,-2,-2,-1,6,3.35,3.19
306745,-2,-2,5.0207,-1,7,0,5.0207,-2,-1,6,3.3,2.92
307210,-2,-2,52.0801,-1,0,0,-2,-2,-1,6,2.7,3.49
307847,-2,0,26.0101,-1,0,0,-2,-2,-1,6,3.7,2.82
307971,0,0,43.0203,-1,0,0,-2,-2,-1,6,4,3.21
308871,-2,-2,23.0101,-1,0,0,-2,-2,-1,6,0,2.67
308986,-2,-2,23.0101,-1,0,0,-2,-2,-1,6,4,2.57
309623,-2,-2,23.0101,-1,7,0,23.0101,-2,-1,6,2,3.04
309763,-2,-2,45.1101,-1,0,0,-2,-2,-1,6,4,2.9
310186,-2,-2,42.0101,13.1209,0,0,-2,-2,-1,6,4,3.62
77779,0,0,26.0101,-1,0,0,-2,-2,-1,6,4,3.22
90757,-2,-2,54.0101,-1,0,0,-2,-2,-1,6,3.35,2.71
107853,-2,-2,52.0301,-1,8,0,52.0301,-2,-1,6,3,3.41
124404,-2,-2,52.0801,-1,0,0,-2,-2,-1,6,3.15,2.69
243867,-2,-2,54.0101,-1,7,0,54.0101,-2,-1,6,4,3.31
244290,0,0,0,-1,0,0,-2,-2,-1,6,0.5,2.03
251394,0,0,11.0101,-1,0,0,-2,-2,-1,6,3.7,3.07
253387,-2,-2,42.0101,-1,0,0,-2,-2,-1,6,3,2.84
258935,-2,-2,43.0199,-1,8,0,43.0199,-2,-1,6,4,3.62
268937,-2,-2,42.0101,-1,0,0,-2,-2,-1,6,3.85,3.43
269509,-2,-2,26.0101,-1,0,0,-2,-2,-1,6,3,2.59
270259,-2,-2,51.3801,-1,0,0,-2,-2,-1,6,3,2.97
282619,-2,-2,52.0301,-1,0,0,-2,-2,-1,6,0,3.73
294204,-2,-2,52.0301,-1,0,0,-2,-2,-1,6,2.65,3.35
298733,-2,-2,42.0101,-1,0,0,-2,-2,-1,6,3.15,2.65
299675,-2,-2,51,-1,0,0,-2,-2,-1,6,0,3.03
300484,-2,-2,52.0301,-1,0,0,-2,-2,-1,6,4,3.64
300736,0,0,9.0101,-1,0,0,-2,-2,-1,6,4,2.55
300950,-2,-2,26.0101,13.1209,0,0,-2,-2,-1,6,3.35,3.71
301157,0,0,52.1401,-1,0,0,-2,-2,-1,6,3.7,2.55
302125,-2,-2,26.0101,-1,0,0,-2,-2,-1,6,3.65,3.21
302730,-2,-2,45.1101,-1,0,0,-2,-2,-1,6,4,2.68
302853,0,0,0,-1,0,0,-2,-2,-1,6,2.7,2.52
303058,0,-2,52.0801,43.0399,0,0,-2,-2,-1,6,3,3.73
304101,-2,-2,51.3801,-1,0,0,-2,-2,-1,6,2.7,3.04
304170,-2,-2,43.0199,-1,0,0,-2,-2,-1,6,4,2.77
304354,0,0,13.1209,-1,0,0,-2,-2,-1,6,3.85,3.26
304381,0,0,0,-1,0,0,-2,-2,-1,6,3.5,3.29
305777,0,0,23.0101,13.1209,0,0,-2,-2,-1,6,2,3.23
305989,-2,0,52.0301,-1,0,0,-2,-2,-1,6,3.35,3.47
306178,0,0,52.0301,-1,0,0,-2,-2,-1,6,2,3.15
306252,0,0,-1,-1,0,0,-2,-2,-1,6,3,2.45
306271,0,0,27.0101,-1,0,0,-2,-2,-1,6,3.3,3.36
306297,0,0,26.0101,-1,0,0,-2,-2,-1,6,3.85,3.71
306306,-2,0,52.0301,-1,0,0,-2,-2,-1,6,4,3.81
306416,-2,0,43.0203,-1,0,0,-2,-2,-1,6,4,3.9
306499,-2,-2,43.0203,-1,0,0,-2,-2,-1,6,4,4
306518,0,0,40.0601,-1,0,0,-2,-2,-1,6,2.5,2.31
306552,0,0,50.0701,-1,0,0,-2,-2,-1,6,4,3
306588,0,0,52.0801,-1,0,0,-2,-2,-1,6,3.5,3.15
306622,0,-2,42.0101,-1,0,0,-2,-2,-1,6,4,3.21
306893,-2,0,50.0901,-1,0,0,-2,-2,-1,6,0,3.82
306990,0,0,11.0101,-1,0,0,-2,-2,-1,6,2.7,3.26
307082,0,0,26.0101,-1,0,0,-2,-2,-1,6,3,3.38
307089,0,0,45.1101,-1,0,0,-2,-2,-1,6,2.7,2.58
307318,0,-2,43.0203,-1,0,0,-2,-2,-1,6,0,2.86
307429,0,0,26.0101,-1,0,0,-2,-2,-1,6,3.7,2.71
307458,0,0,43.0399,-1,0,0,-2,-2,-1,6,3,2.85
307678,0,0,43.0199,-1,0,0,-2,-2,-1,6,3.7,3.05
307734,0,0,45.1101,-1,0,0,-2,-2,-1,6,3,2.5
307779,0,0,43.0199,-1,0,0,-2,-2,-1,6,3,2.97
307826,-2,0,27.0101,-1,0,0,-2,-2,-1,6,3,3.5
307895,0,0,52.0301,-1,0,0,-2,-2,-1,6,4,3.69
307904,-2,-2,43.0199,-1,0,0,-2,-2,-1,6,3.7,2.79
307913,0,0,26.0101,-1,0,0,-2,-2,-1,6,3.15,2.42
307918,0,0,52.0301,-1,0,0,-2,-2,-1,6,3.3,2.86
307989,-2,-2,42.0101,13.1209,0,0,-2,-2,-1,6,4,3.85
308154,0,0,45.1101,-1,0,0,-2,-2,-1,6,1,2.81
308162,0,0,42.0101,-1,0,0,-2,-2,-1,6,2.7,2.53
308164,0,0,52.0301,52.0201,0,0,-2,-2,-1,6,2.7,2.4
308165,0,0,43.0399,27.0101,0,0,-2,-2,-1,6,4,3.51
308245,0,0,9.0101,-1,0,0,-2,-2,-1,6,3.3,3.3
308310,-2,-2,51.3801,-1,8,0,51.3801,-2,-1,6,4,3.8
308326,0,0,43.0199,-1,0,0,-2,-2,-1,6,2,2.63
308361,-2,0,50.0903,-1,0,0,-2,-2,-1,6,3.7,3.29
308362,0,0,42.0101,-1,0,0,-2,-2,-1,6,3,2.79
308363,-2,0,52.0301,-1,0,0,-2,-2,-1,6,3.65,2.8
308536,0,0,0,-1,0,0,-2,-2,-1,6,3.7,2.64
308544,0,0,43.0399,-1,0,0,-2,-2,-1,6,4,3.31
308572,-2,0,52.0301,-1,0,0,-2,-2,-1,6,4,3.7
308583,0,-2,23.0101,-1,0,0,-2,-2,-1,6,0,2.97
308586,0,-2,27.0101,-1,0,0,-2,-2,-1,6,2,3.01
308606,-2,0,42.0101,-1,0,0,-2,-2,-1,6,4,3.51
308662,0,0,0,-1,0,0,-2,-2,-1,6,1,2.25
308781,0,0,52.0201,-1,0,0,-2,-2,-1,6,2.35,2.52
308812,-2,0,40.0501,-1,0,0,-2,-2,-1,6,3.7,3.51
308814,0,0,45.1001,-1,0,0,-2,-2,-1,6,4,3.88
308858,-2,0,26.0101,-1,0,0,-2,-2,-1,6,2.7,3.16
308878,0,0,54.0101,13.1001,0,0,-2,-2,-1,6,4,3.61
308957,0,0,52.0201,-1,0,0,-2,-2,-1,6,3.7,2.88
308982,-2,-2,51.3801,-1,8,0,51.3801,-2,-1,6,3.3,3.6
309025,0,0,52.1401,-1,0,0,-2,-2,-1,6,4,3.24
309075,-2,0,52.0301,-1,0,0,-2,-2,-1,6,4,3.46
309078,-2,-2,27.0101,-1,0,0,-2,-2,-1,6,3.7,3.94
309109,-2,-2,42.0101,-1,0,0,-2,-2,-1,6,3.7,1.58
309181,-2,-2,51.3801,-1,8,0,51.3801,-2,-1,6,4,3.96
309206,0,0,54.0101,40.0601,0,0,-2,-2,-1,6,4,3.04
309277,-2,0,52.0801,-1,0,0,-2,-2,-1,6,3.3,3.36
309590,0,0,40.0501,-1,0,0,-2,-2,-1,6,2.3,2.84
309732,0,0,42.0101,-1,0,0,-2,-2,-1,6,4,3.29
309798,0,0,23.0101,-1,0,0,-2,-2,-1,6,4,2.88
309799,0,0,50.0701,-1,0,0,-2,-2,-1,6,3.3,3.24
309878,0,0,43.0199,-1,0,0,-2,-2,-1,6,4,3.4
309921,0,-2,52.0301,-1,0,0,-2,-2,-1,6,3.2,2.92
309935,-2,-2,26.0101,-1,0,0,-2,-2,-1,6,2,2.54
310023,0,-2,43.0203,-1,0,0,-2,-2,-1,6,3.35,3.12
310204,0,0,27.0101,-1,0,0,-2,-2,-1,6,3,2.9
310252,0,0,54.0101,-1,0,0,-2,-2,-1,6,4,3.36
310342,-2,-2,26.0101,-1,0,0,-2,-2,-1,6,4,3.81
310358,0,0,43.0199,-1,0,0,-2,-2,-1,6,0,0
310375,-2,-2,52.0201,-1,0,0,-2,-2,-1,6,2.3,2.21
310388,0,-2,27.0101,-1,0,0,-2,-2,-1,6,2.7,3.86
310782,0,-2,43.0199,-1,0,0,-2,-2,-1,6,2.15,2.69
310783,0,0,51,-1,0,0,-2,-2,-1,6,4,3.71
310815,-2,-2,52.0801,-1,0,0,-2,-2,-1,6,2,2.23
310927,-2,-2,27.0101,-1,0,0,-2,-2,-1,6,3.35,3.69
311099,-2,-2,40.0501,-1,0,0,-2,-2,-1,6,4,3.65
311107,0,0,42.0101,-1,0,0,-2,-2,-1,6,1.65,2.06
311113,0,0,43.0399,-1,0,0,-2,-2,-1,6,3,2.86
311123,0,0,52.0201,-1,0,0,-2,-2,-1,6,2.3,2.44
311319,-2,-2,43.0199,-1,0,0,-2,-2,-1,6,3.7,3.46
311429,0,0,43.0199,-1,0,0,-2,-2,-1,6,3.15,2.95
311548,-2,-2,40.0601,-1,0,0,-2,-2,-1,6,4,3.32
311587,0,0,52.0201,-1,0,0,-2,-2,-1,6,4,3.73
311601,0,0,43.0199,-1,0,0,-2,-2,-1,6,3.65,3.08
311634,-2,-2,45.0601,13.1209,0,0,-2,-2,-1,6,4,3.79
311726,0,-2,51,-1,0,0,-2,-2,-1,6,1,3.31
311752,-2,-2,51.3801,-1,0,0,-2,-2,-1,6,3.7,3.89
311858,-2,-2,51.3801,-1,8,0,51.3801,-2,-1,6,3.7,3.84
311983,-2,0,11.0101,-1,0,0,-2,-2,-1,6,0,2.38
311987,-2,0,27.0101,13.1202,0,0,-2,-2,-1,6,2,3.26
312111,0,0,42.0101,-1,0,0,-2,-2,-1,6,3.7,2.7
312119,-2,-2,42.0101,-1,0,0,-2,-2,-1,6,4,2.43
312224,0,-2,40.0601,-1,0,0,-2,-2,-1,6,2,2.19
312263,-2,-2,9.0101,-1,0,0,-2,-2,-1,6,0,3.86
312309,0,0,45.1101,-1,0,0,-2,-2,-1,6,3,2.71
312343,-2,-2,51.3801,-1,8,0,51.3801,-2,-1,6,3.7,3.53
312374,-2,0,50.0701,-1,0,0,-2,-2,-1,6,2,2.88
312405,0,0,52.0301,-1,0,0,-2,-2,-1,6,3.3,3.25
312458,-2,-2,52.0301,-1,8,0,52.0301,-2,-1,6,4,3.74
312543,-2,-2,51.3801,-1,8,0,51.3801,-2,-1,6,4,3.97
312568,-2,-2,40.0501,26.0101,0,0,-2,-2,-1,6,4,3.54
312601,-2,-2,51.3801,-1,8,0,51.3801,-2,-1,6,3.3,3.35
312608,0,0,54.0101,-1,0,0,-2,-2,-1,6,4,3.97
312647,-2,-2,50.0901,-1,0,0,-2,-2,-1,6,4,3.91
312766,-2,0,27.0101,-1,0,0,-2,-2,-1,6,3,3.79
312793,0,-2,42.0101,50.0701,0,0,-2,-2,-1,6,4,3.85
312797,0,0,0,-1,0,0,-2,-2,-1,6,0,2.76
312843,-2,-2,43.0199,-1,0,0,-2,-2,-1,6,3.7,3.8
312852,-2,-2,51.3801,-1,0,0,-2,-2,-1,6,1.7,3.8
312916,0,0,0,-1,0,0,-2,-2,-1,6,1.65,2.59
312919,0,0,23.0101,-1,0,0,-2,-2,-1,6,2,2.57
312988,-2,-2,52.1401,-1,0,0,-2,-2,-1,6,3,3.26
313021,-2,-2,51.3801,-1,8,0,51.3801,-2,-1,6,4,3.96
313097,-2,-2,51.3801,-1,0,0,-2,-2,-1,6,4,4
313158,-2,-2,-1,-1,0,0,-2,-2,-1,6,3,3.67
313199,-2,-2,50.0901,-1,0,0,-2,-2,-1,6,4,3.52
313239,-2,-2,52.0201,-1,8,0,52.0201,-2,-1,6,4,3.33
313286,0,0,43.0199,-1,0,0,-2,-2,-1,6,2.85,3.15
313345,0,0,0,-1,0,0,-2,-2,-1,6,1.7,2.34
313349,0,0,43.0199,-1,0,0,-2,-2,-1,6,3.3,2.68
313353,-2,0,52.0301,-1,0,0,-2,-2,-1,6,3.7,3.02
313391,0,-2,23.0101,-1,0,0,-2,-2,-1,6,3.7,3.43
313398,0,0,52.1401,-1,0,0,-2,-2,-1,6,2.7,3.32
313408,-2,-2,42.0101,13.1209,0,0,-2,-2,-1,6,2.7,3.07
313412,-2,-2,52.0801,-1,8,0,52.0801,-2,-1,6,4,3.27
313501,-2,-2,40.0601,-1,0,0,-2,-2,-1,6,4,3.39
313575,0,0,42.0101,-1,0,0,-2,-2,-1,6,2.85,2.66
313580,0,0,26.0101,-1,0,0,-2,-2,-1,6,1,1.87
313681,-2,-2,42.0101,13.1202,0,0,-2,-2,-1,6,2.7,3.07
313765,-2,-2,51.3801,-1,0,0,-2,-2,-1,6,3.3,2.78
313809,-2,-2,42.0101,-1,0,0,-2,-2,-1,6,4,2.89
313876,-2,-2,45.1101,-1,7,0,45.1101,-2,-1,6,4,3.02
313901,-2,-2,52.0301,-1,0,0,-2,-2,-1,6,2.5,3.25
313904,-2,-2,45.1101,-1,7,0,45.1101,-2,-1,6,4,3.81
313936,-2,-2,43.0399,-1,8,0,43.0399,-2,-1,6,4,3.88
314058,-2,-2,51.3801,-1,8,0,51.3801,-2,-1,6,3.7,3.57
314079,-2,-2,51,-1,0,0,-2,-2,-1,6,2.86,2.57
314103,-2,-2,42.0101,-1,0,0,-2,-2,-1,6,4,1.93
314146,0,0,54.0101,-1,0,0,-2,-2,-1,6,3.5,3.14
314242,0,0,52.0201,-1,0,0,-2,-2,-1,6,4,2.88
314341,-2,-2,50.0701,-1,0,0,-2,-2,-1,6,4,3.57
314373,-2,-2,54.0101,-1,0,0,-2,-2,-1,6,4,3.17
314390,-2,-2,52.0201,-1,0,0,-2,-2,-1,6,4,3.66
314403,-2,-2,52.0301,-1,0,0,-2,-2,-1,6,3.3,3.18
314425,-2,-2,0,-1,0,0,-2,-2,-1,6,1,2.12
314498,-2,-2,27.0101,13.1202,0,0,-2,-2,-1,6,2.7,3
314550,-2,-2,52.0201,-1,0,0,-2,-2,-1,6,2.3,3.05
314615,-2,-2,51.3801,-1,0,0,-2,-2,-1,6,4,3.85
314808,-2,0,40.0801,-1,0,0,-2,-2,-1,6,2.7,2.45
314833,-2,-2,52.1401,-1,0,0,-2,-2,-1,6,0,2.14
315076,-2,-2,26.0101,-1,0,0,-2,-2,-1,6,3.7,3.16
315083,0,0,52.0201,-1,0,0,-2,-2,-1,6,2.65,2.59
315156,-2,-2,52.0301,-1,8,0,52.0301,-2,-1,6,3.3,3.33
315157,-2,-2,26.0101,-1,0,0,-2,-2,-1,6,3,3.4
315320,-2,-2,51.3801,-1,0,0,-2,-2,-1,6,3.3,3.27
315416,-2,-2,52.0301,-1,8,0,52.0301,-2,-1,6,4,3.69
315537,-2,-2,45.1101,13.1209,0,0,-2,-2,-1,6,2.8,2.56
315615,-2,-2,54.0101,-1,0,0,-2,-2,-1,6,0,1.59
74206,-2,-2,51.3801,-1,0,0,-2,-2,-1,6,2.3,2.86
76749,0,0,52.0201,-1,0,0,-2,-2,-1,6,3,2.86
83813,-2,-2,52.0801,-1,8,0,52.0801,-2,-1,6,4,3.28
124858,-2,-2,26.0101,-1,7,0,26.0101,-2,-1,6,2,2.66
234162,-2,-2,45.1101,13.1202,0,0,-2,-2,-1,6,3.85,3.21
277764,0,0,27.0101,-1,0,0,-2,-2,-1,6,3,2.35
279139,-2,-2,40.0601,-1,0,0,-2,-2,-1,6,2,2.14
280013,-2,-2,54.0101,13.1209,0,0,-2,-2,-1,6,4,3.46
280410,-2,-2,0,-1,0,0,-2,-2,-1,6,0,1.23
285290,-2,-2,16.0905,-1,0,0,-2,-2,-1,6,3.85,3.24
288062,-2,-2,42.0101,-1,7,0,42.0101,-2,-1,6,1,2.45
294374,-2,-2,52.0301,-1,0,0,-2,-2,-1,6,3.85,3.13
298508,-2,-2,26.0101,-1,0,0,-2,-2,-1,6,2,2.61
303062,-2,-2,43.0199,43.0399,8,0,43.0199,-2,-1,6,3.7,3.46
304103,-2,-2,26.0101,-1,0,0,-2,-2,-1,6,2.3,2.79
304338,0,0,40.0601,-1,0,0,-2,-2,-1,6,0,2.12
307647,0,-2,43.0199,-1,0,0,-2,-2,-1,6,3.5,2.01
308300,-2,-2,52.0201,-1,8,0,52.0201,-2,-1,6,4,3.58
309879,0,0,42.0101,-1,0,0,-2,-2,-1,6,4,3.63
310860,-2,-2,51.3801,-1,0,0,-2,-2,-1,6,2.7,3.3
313013,-2,-2,51.3801,-1,0,0,-2,-2,-1,6,2.6,3.29
313921,-2,-2,40.0601,-1,0,0,-2,-2,-1,6,3,3.24
314178,-2,-2,52.0201,-1,0,0,-2,-2,-1,6,2.7,3.37
314447,-2,-2,52.1401,-1,8,0,52.1401,-2,-1,6,3,3.59
314646,-2,-2,51.3801,-1,8,0,51.3801,-2,-1,6,2.3,3.54
314649,-2,-2,51.3801,-1,8,0,51.3801,-2,-1,6,3.3,3.45
315078,-2,-2,52.0201,-1,0,0,-2,-2,-1,6,3.5,3.22
315569,-2,-2,51.3801,-1,0,0,-2,-2,-1,6,4,3.53
315832,-1,-1,52.0201,-1,0,0,-2,-2,-1,6,0,2.08
315835,-2,-2,51.3801,-1,8,0,51.3801,-2,-1,6,1,3.25
315877,-2,-2,9.0101,-1,0,0,-2,-2,-1,6,4,3.11
316017,0,0,43.0399,-1,0,0,-2,-2,-1,6,3.7,3
316222,-2,-2,52.0301,-1,0,0,-2,-2,-1,6,3,3.86
316225,-2,-2,51.3801,-1,0,0,-2,-2,-1,6,2.7,3.6
316362,-2,-2,27.0101,-1,7,0,27.0101,-2,-1,6,3.3,3.03
316368,-2,-2,43.0199,-1,0,0,-2,-2,-1,6,1,3.12
316471,-2,-2,26.0101,-1,0,0,-2,-2,-1,6,3,2.75
316482,-2,-2,51.3801,-1,8,0,51.3801,-2,-1,6,3.7,3.55
316507,-2,-2,43.0399,-1,0,0,-2,-2,-1,6,1.35,3.26
316645,-2,-2,52.0201,-1,8,0,52.0201,-2,-1,6,3.85,3.68
316830,-2,-2,51.3801,-1,0,0,-2,-2,-1,6,0,2.87
316835,-2,-2,23.0101,-1,7,0,23.0101,-2,-1,6,3.3,3.21
316908,-2,-2,52.0301,52.0801,0,0,-2,-2,-1,6,3,3.02
316932,-2,-2,52.0301,-1,0,0,-2,-2,-1,6,0,2.97
316947,-2,-2,45.1101,-1,0,0,-2,-2,-1,6,2,3.13
317425,0,-2,26.0101,-1,0,0,-2,-2,-1,6,2.35,2.34
317594,-2,-2,51.3801,-1,8,0,51.3801,-2,-1,6,3,3.06
317604,-2,-2,43.0199,-1,8,0,43.0199,-2,-1,6,3.7,2.85
317824,-2,-2,51.3801,-1,0,0,-2,-2,-1,6,3.7,3.65
317830,-2,-2,45.1101,-1,7,0,45.1101,-2,-1,6,4,2.55
317831,-2,-2,51.3801,-1,0,0,-2,-2,-1,6,4,3.97
317832,-2,-2,51.3801,-1,0,0,-2,-2,-1,6,3,3.7
317835,-2,-2,51.3801,-1,0,0,-2,-2,-1,6,3.7,3.85
317837,-2,-2,51.3801,-1,0,0,-2,-2,-1,6,3.7,3.8
318025,-2,-2,23.0101,-1,0,0,-2,-2,-1,6,3.35,1.79
318060,-2,-2,52.0301,-1,0,0,-2,-2,-1,6,2,2.76
318349,-2,-2,52.0301,-1,0,0,-2,-2,-1,6,3,2.91
318379,-2,-2,52.0801,-1,0,0,-2,-2,-1,6,3,2.64
318537,-2,-2,43.0399,-1,0,0,-2,-2,-1,6,1,3
318539,-2,-2,52.0201,-1,0,0,-2,-2,-1,6,3,2.81
318811,-2,-2,52.0301,-1,0,0,-2,-2,-1,6,4,3.32
318955,-2,-2,52.1401,-1,8,0,52.1401,-2,-1,6,2,2.69
319051,-2,-2,51.3801,-1,0,0,-2,-2,-1,6,0,2.68
319078,-2,-2,43.0199,-1,0,0,-2,-2,-1,6,2.35,1.87
319236,-2,-2,52.0301,-1,0,0,-2,-2,-1,6,2.7,2.42
319281,-2,-2,42.0101,-1,0,0,-2,-2,-1,6,3.15,2.53
319635,-2,-2,26.0101,-1,0,0,-2,-2,-1,6,3,2.29
316664,0,0,26.0101,-1,0,0,-2,-2,-1,6,3.7,2.97
324720,-2,-2,0,-1,0,0,-2,-2,-1,6,2.85,2.94
313659,-2,-2,27.0101,13.1209,0,0,-2,-2,-1,6,0,3.37
318620,-2,-2,51.3801,-1,0,0,-2,-2,-1,6,4,3.94
318021,0,-2,26.0101,-1,0,0,-2,-2,-1,6,4,3.89
319977,0,0,52.1401,-1,0,0,-2,-2,-1,6,2.5,2.37
319758,0,0,43.0199,-1,0,0,-2,-2,-1,6,4,2.86
323549,0,0,0,-1,0,0,-2,-2,-1,6,3.3,2.35
321179,0,0,11.0101,-1,0,0,-2,-2,-1,6,3.3,2.24
288890,-2,-2,42.0101,-1,0,0,-2,-2,-1,6,2.5,2.79
316972,0,0,42.0101,-1,0,0,-2,-2,-1,6,4,3.06
319714,-2,0,52.0201,-1,0,0,-2,-2,-1,6,2.65,2.41
321716,-2,-2,54.0101,-1,0,0,-2,-2,-1,6,1.15,3.5
318743,0,0,54.0101,-1,0,0,-2,-2,-1,6,4,3.84
322076,-2,-2,51.3899,-1,8,0,51.3899,-2,-1,6,3.86,3.65
319725,0,0,11.0101,-1,0,0,-2,-2,-1,6,2,2.98
323401,-2,0,26.0101,-1,0,0,-2,-2,-1,6,3.35,3.85
317383,0,-2,9.0101,-1,0,0,-2,-2,-1,6,4,3.85
317726,-2,0,40.0801,-1,0,0,-2,-2,-1,6,3.7,3.03
44496,0,0,27.0101,-1,0,0,-2,-2,-1,6,3,3.08
322991,0,-2,54.0101,13.1202,0,0,-2,-2,-1,6,4,3.26
318248,0,0,0,-1,0,0,-2,-2,-1,6,2.7,3.5
318817,0,0,43.0199,-1,0,0,-2,-2,-1,6,1.7,2.6
315909,-2,-2,26.0101,-1,0,0,-2,-2,-1,6,0,3.3
323424,-2,-2,50.0901,-1,0,0,-2,-2,-1,6,4,3.83
314658,-2,-2,52.0801,-1,8,0,52.0801,-2,-1,6,3.7,2.92
249150,-2,-2,43.0199,-1,0,0,-2,-2,-1,6,2.5,2
321382,-2,-2,51.3899,-1,8,0,51.3899,-2,-1,6,3.72,3.58
318082,0,-2,43.0199,-1,0,0,-2,-2,-1,6,4,3.43
319800,0,0,0,-1,0,0,-2,-2,-1,6,2,2.26
320088,-2,0,0,-1,0,0,-2,-2,-1,6,0,1.7
324021,-2,-2,45.1101,-1,0,0,-2,-2,-1,6,2.7,2.97
314006,-2,-2,52.1401,-1,0,0,-2,-2,-1,6,3.5,2.71
319972,0,0,9.0101,-1,0,0,-2,-2,-1,6,4,2.38
319146,0,0,26.0101,-1,0,0,-2,-2,-1,6,4,3.7
323283,1,0,0,-1,0,0,-2,-2,-1,6,0,1.88
324625,0,0,26.0101,-1,0,0,-2,-2,-1,6,3.85,3.49
322596,0,0,23.0101,-1,0,0,-2,-2,-1,6,3.2,3.01
320224,0,0,27.0101,-1,0,0,-2,-2,-1,6,4,3.39
31216,0,-2,52.0801,-1,0,0,-2,-2,-1,6,4,3.45
320001,0,0,43.0199,-1,0,0,-2,-2,-1,6,3.7,3.39
322229,-2,-2,45.1101,-1,0,0,-2,-2,-1,6,4,3.12
317767,0,0,0,-1,0,0,-2,-2,-1,6,2,2.98
319616,0,0,42.0101,-1,0,0,-2,-2,-1,6,3.65,3.5
317027,-2,0,16.0905,-1,0,0,-2,-2,-1,6,3.7,3.47
309834,-2,-2,42.0101,-1,0,0,-2,-2,-1,6,2.15,2.69
316351,0,0,51.0999,-1,0,0,-2,-2,-1,6,0,2.09
314773,0,0,43.0203,-1,0,0,-2,-2,-1,6,4,3.45
318788,0,-2,51,-1,0,0,-2,-2,-1,6,4,1.61
323615,-2,-2,26.0101,-1,0,0,-2,-2,-1,6,2,2.45
322804,-2,0,50.0903,-1,0,0,-2,-2,-1,6,4,3.21
312190,0,-2,51.3801,-1,0,0,-2,-2,-1,6,2.7,2.43
317044,0,0,43.0199,-1,0,0,-2,-2,-1,6,3.7,2.76
320236,0,-2,43.0199,-1,0,0,-2,-2,-1,6,3,3.34
322555,-2,-2,42.0101,-1,0,0,-2,-2,-1,6,4,3.88
318894,0,0,26.0101,-1,0,0,-2,-2,-1,6,3.3,2.07
320399,0,0,52.1401,-1,0,0,-2,-2,-1,6,2.15,2.94
318691,-2,-2,50.0901,-1,0,0,-2,-2,-1,6,3,3.74
297186,-2,-2,23.0101,-1,0,0,-2,-2,-1,6,2.3,3
318949,-2,-2,0,-1,0,0,-2,-2,-1,6,3.7,3.24
317344,-2,0,26.0101,-1,0,0,-2,-2,-1,6,2.7,3.65
322123,-2,-2,43.0199,-1,0,0,-2,-2,-1,6,4,1.56
320142,0,-2,52.0201,-1,0,0,-2,-2,-1,6,4,2.87
322260,0,-2,43.0199,-1,0,0,-2,-2,-1,6,4,2.06
308555,0,0,45.1101,-1,0,0,-2,-2,-1,6,3.65,2.68
317167,-2,0,0,-1,0,0,-2,-2,-1,6,4,2.68
316666,-2,-2,27.0101,13.1202,0,0,-2,-2,-1,6,4,3.64
289863,-2,-2,52.1401,52.0201,0,0,-2,-2,-1,6,2,2.72
317877,-2,0,27.0101,13.1001,0,0,-2,-2,-1,6,4,3.56
320429,0,0,50.0903,50.0901,0,0,-2,-2,-1,6,4,3
317956,0,0,0,-1,0,0,-2,-2,-1,6,3.7,3.64
319507,0,0,52.0201,-1,0,0,-2,-2,-1,6,2,2.55
320878,0,0,54.0101,-1,0,0,-2,-2,-1,6,4,3.36
317175,0,0,0,-1,0,0,-2,-2,-1,6,2.7,2.4
317634,-2,-2,50.0901,-1,0,0,-2,-2,-1,6,3.7,3.69
316997,-2,-2,51.3899,-1,0,0,-2,-2,-1,6,2.7,3.52
318364,-2,0,43.0199,-1,0,0,-2,-2,-1,6,3,1.55
314859,-2,-2,16.0905,-1,0,0,-2,-2,-1,6,3.5,3.37
320524,-2,0,0,-1,0,0,-2,-2,-1,6,0,2.58
320921,-2,0,52.0301,-1,0,0,-2,-2,-1,6,4,3.07
316794,0,0,0,-1,0,0,-2,-2,-1,6,3.3,2.87
317452,0,-2,43.0199,-1,0,0,-2,-2,-1,6,3,3.01
316724,0,0,43.0199,-1,0,0,-2,-2,-1,6,2.3,3.14
317060,0,0,50.0901,-1,0,0,-2,-2,-1,6,3.29,3.11
319426,-2,-2,51.3801,-1,0,0,-2,-2,-1,6,1.85,2.25
311770,-2,-2,51.3801,-1,0,0,-2,-2,-1,6,0,3.13
320673,0,0,9.0101,-1,0,0,-2,-2,-1,6,4,3.28
288842,0,0,13.1202,-1,0,0,-2,-2,-1,6,1,1.88
320899,-2,0,23.0101,13.1202,0,0,-2,-2,-1,6,3.5,3.08
324033,-2,-2,26.0101,-1,0,0,-2,-2,-1,6,3.3,3.5
317972,0,0,52.0801,-1,0,0,-2,-2,-1,6,4,3.01
320714,-2,-2,52.0801,-1,8,0,52.0801,-2,-1,6,3,3.25
321844,0,-2,52.0801,-1,0,0,-2,-2,-1,6,4,3.89
318100,-2,-2,26.0101,-1,0,0,-2,-2,-1,6,4,3.64
318683,-2,0,52.0801,-1,0,0,-2,-2,-1,6,4,3.8
322512,0,0,52.0201,-1,0,0,-2,-2,-1,6,4,3.52
322421,-2,-2,43.0399,-1,8,0,43.0399,-2,-1,6,4,3.56
323254,-2,-2,52.0201,-1,0,0,-2,-2,-1,6,2,2.95
280841,-2,-2,51,-1,0,0,-2,-2,-1,6,0,3.77
281387,-2,-2,52.0201,-1,8,0,52.0201,-2,-1,6,2.8,2.75
322111,-2,-2,45.1001,-1,7,0,45.1001,-2,-1,6,2.15,2.7
322170,-2,-2,11.0101,-1,0,0,-2,-2,-1,6,3,3.22
320331,-2,-2,52.0201,-1,0,0,-2,-2,-1,6,3.85,3.09
268518,-2,-2,54.0101,-1,0,0,-2,-2,-1,6,3,2.52
284246,-2,-2,43.0199,-1,0,0,-2,-2,-1,6,4,2.28
249296,-2,-2,52.0201,-1,0,0,-2,-2,-1,6,2.8,3.17
322682,-2,-2,52.0301,-1,8,0,52.0301,-2,-1,6,3,3.09
91417,-2,-2,51,-1,0,0,-2,-2,-1,6,4,3.86
86327,-2,-2,42.0101,-1,0,0,-2,-2,-1,6,3,2.34
323145,-2,-2,42.0101,-1,0,0,-2,-2,-1,6,2.7,2.95
323595,-2,-2,51,-1,0,0,-2,-2,-1,6,2.5,2.4
203209,-2,0,51.3801,-1,0,0,-2,-2,-1,6,3.7,3.46
259564,-2,-2,52.0301,-1,8,0,52.0301,-2,-1,6,4,3.26
289664,-2,-2,43.0199,-1,0,0,-2,-2,-1,6,2.7,2.65
276681,-2,-2,52.0201,-1,0,0,-2,-2,-1,6,0,0.73
320990,-2,-2,43.0199,-1,0,0,-2,-2,-1,6,0,3.53
318639,-2,-2,51.3801,-1,0,0,-2,-2,-1,6,4,4
34272,-2,-2,51,-1,0,0,-2,-2,-1,6,4,3.46
288388,0,-2,-1,-1,0,0,-2,-2,-1,6,3.3,3.3
311017,-2,-2,26.0101,-1,0,0,-2,-2,-1,6,3.6,3.1
323093,-2,-2,42.0101,13.1209,0,0,-2,-2,-1,6,3.7,3.52
312551,-2,-2,45.1101,-1,7,0,45.1101,-2,-1,6,3.65,2.48
321832,-2,-2,42.0101,-1,7,0,42.0101,-2,-1,6,4,4
322192,-2,-2,54.0101,13.1202,0,0,-2,-2,-1,6,3.5,2.98
323574,-2,-2,16.0905,13.1209,0,0,-2,-2,-1,6,0,2.47
313813,-2,-2,43.0199,-1,8,0,43.0199,-2,-1,6,2.7,3.26
324775,-2,-2,51,-1,0,0,-2,-2,-1,6,1.7,2.62
319247,-2,-2,51.3801,-1,0,0,-2,-2,-1,6,3.7,3.85
301589,-2,-2,45.1101,13.1209,0,0,-2,-2,-1,6,3.7,3.58
322767,-2,-2,51.3801,-1,0,0,-2,-2,-1,6,3.7,3.67
322854,-2,-2,42.0101,-1,7,0,42.0101,-2,-1,6,4,3.52
324318,-2,-2,52.0301,-1,0,0,-2,-2,-1,6,3,3.61
303018,-2,-2,50.0701,-1,0,0,-2,-2,-1,6,3.3,2.4
324213,-2,-2,42.0101,-1,0,0,-2,-2,-1,6,1.7,2.24
321478,-2,-2,26.0101,13.1209,0,0,-2,-2,-1,6,3.7,3
324521,-2,-2,52.0201,-1,0,0,-2,-2,-1,6,4,3.77
321996,-2,-2,52.0301,-1,8,0,52.0301,-2,-1,6,4,3.39
322531,-2,-2,52.1401,-1,0,0,-2,-2,-1,6,2.3,2.48
322090,-2,-2,16.0905,13.1209,0,0,-2,-2,-1,6,3.7,3.34
322631,-2,-2,43.0399,-1,8,0,43.0399,-2,-1,6,4,3.49
323903,-2,-2,52.0201,-1,0,0,-2,-2,-1,6,3.65,3.17
324511,-2,-2,51.3801,-1,0,0,-2,-2,-1,6,3.7,3.95
243286,-2,-2,42.0101,-1,0,0,-2,-2,-1,6,3.65,2.53
323077,-2,-2,51.0999,-1,0,0,-2,-2,-1,6,3.83,3.46
318101,-2,-2,51.3801,-1,0,0,-2,-2,-1,6,4,3.95
93706,-2,-2,43.0399,-1,0,0,-2,-2,-1,6,4,4
261286,-2,-2,52.0301,-1,8,0,52.0301,-2,-1,6,2.7,3.16
235843,-2,-2,51.3801,-1,0,0,-2,-2,-1,6,3.7,3.83
324506,-2,-2,52.1401,52.0201,0,0,-2,-2,-1,6,4,3.57
323578,-2,-2,52.0301,-1,0,0,-2,-2,-1,6,4,3.51
272891,-2,-2,54.0101,-1,0,0,-2,-2,-1,6,3.7,3.21
318496,-2,-2,42.0101,-1,7,0,42.0101,-2,-1,6,3.65,3.57
323370,-2,-2,52.0201,-1,0,0,-2,-2,-1,6,4,3.34
319526,-2,-2,23.0101,-1,7,0,23.0101,-2,-1,6,3.7,3.21
316353,-2,-2,52.0301,-1,0,0,-2,-2,-1,6,3.43,2.42
310128,-2,-2,23.0101,-1,0,0,-2,-2,-1,6,3,3.35
318823,-2,-2,52.0801,-1,0,0,-2,-2,-1,6,3.2,3.13
318688,-2,-2,13.1202,-1,0,0,-2,-2,-1,6,4,3.07
324682,-2,-2,5.0207,13.1209,0,0,-2,-2,-1,6,4,3.76
322026,-2,-2,42.0101,13.1209,7,0,42.0101,-2,-1,6,4,3.4
304218,-2,-2,16.0905,-1,0,0,-2,-2,-1,6,3.3,2.93
323630,-2,-2,26.0101,-1,0,0,-2,-2,-1,6,3.3,2.77
322633,-2,-2,51.3801,-1,0,0,-2,-2,-1,6,3.5,3.81
323194,-2,-2,52.0201,-1,8,0,52.0201,-2,-1,6,3.35,3.32
313616,-2,-2,54.0101,-1,0,0,-2,-2,-1,6,0,2.17
71631,-2,-2,51.3801,-1,0,0,-2,-2,-1,6,4,3.62
322289,-2,-2,43.0199,-1,0,0,-2,-2,-1,6,2,2.58
322537,-2,-2,40.0601,-1,0,0,-2,-2,-1,6,4,2.85
88234,-2,-2,52.0801,-1,0,0,-2,-2,-1,6,4,2.53
323327,-2,-2,43.0199,-1,0,0,-2,-2,-1,6,4,2.58
323901,-2,-2,45.1101,-1,7,0,45.1101,-2,-1,6,4,2.58
268844,-2,-2,26.0101,-1,7,0,26.0101,-2,-1,6,2.73,2.47
323212,-2,-2,5.0207,-1,0,0,-2,-2,-1,6,3.65,2.81
315970,-2,-2,51.3801,-1,0,0,-2,-2,-1,6,3.3,3.76
322629,-2,-2,43.0399,-1,8,0,43.0399,-2,-1,6,3.85,3.9
323399,-2,-2,52.1401,-1,8,0,52.1401,-2,-1,6,4,3.73
273285,-2,-2,52.0201,-1,0,0,-2,-2,-1,6,3.3,3.51
316445,-2,-2,45.1101,16.0905,0,0,-2,-2,-1,6,2,1.86
324343,-2,-2,52.0201,52.1401,0,0,-2,-2,-1,6,3.7,4
314947,-2,-2,51.3801,-1,8,0,51.3801,-2,-1,6,3.7,3.79
323633,-2,-2,52.0201,-1,0,0,-2,-2,-1,6,2.7,2.36
320893,-2,-2,54.0101,13.1001,0,0,-2,-2,-1,6,3,3.12
321931,-2,-2,52.0301,-1,0,0,-2,-2,-1,6,3,2.78
266718,-2,-2,52.0301,-1,0,0,-2,-2,-1,6,2,2.3
289805,-2,-2,43.0199,-1,8,0,43.0199,-2,-1,6,3.5,3.27
323530,-2,-2,52.0801,52.1401,0,0,-2,-2,-1,6,4,3.02
322766,-2,-2,43.0399,-1,0,0,-2,-2,-1,6,4,3.54
320039,-2,-2,52.0201,-1,8,0,52.0201,-2,-1,6,2,2.85
322281,-2,-2,43.0199,-1,0,0,-2,-2,-1,6,4,2.72
290783,-2,-2,52.1401,-1,0,0,-2,-2,-1,6,4,3.85
105055,-2,-2,52.0801,-1,0,0,-2,-2,-1,6,2.85,3.34
269165,-2,-2,0,-1,0,0,-2,-2,-1,6,2.15,2.4
322454,-2,-2,51,-1,8,0,51,-2,-1,6,0,3.67
324960,-2,-2,52.0301,-1,0,0,-2,-2,-1,6,4,3.07
321513,-2,-2,51.3801,-1,8,0,51.3801,-2,-1,6,3.7,3.74
316470,-2,-2,52.0201,52.1401,8,0,52.0201,-2,-1,6,2,3.05
72528,-2,-2,45.1101,13.1209,0,0,-2,-2,-1,6,2.7,2.87
319181,-2,-2,51.3801,-1,0,0,-2,-2,-1,6,4,3.8
315738,-2,-2,54.0101,13.1202,0,0,-2,-2,-1,6,3.3,3.4
276628,-2,-2,43.0199,-1,8,0,43.0199,-2,-1,6,2.65,2.39
322559,-2,-2,51,-1,0,0,-2,-2,-1,6,3.9,3.09
323500,-2,-2,43.0203,-1,0,0,-2,-2,-1,6,4,3.8
311372,-2,-2,43.0199,42.0101,0,0,-2,-2,-1,6,3.85,3.6
322398,-2,-2,51.3801,-1,8,0,51.3801,-2,-1,6,4,3.56
305828,-2,-2,0,-1,0,0,-2,-2,-1,6,4,3.09
324676,-2,-2,52.0201,-1,0,0,-2,-2,-1,6,4,3.22
322458,-2,-2,52.0301,-1,0,0,-2,-2,-1,6,0,3.45
322777,-2,-2,42.0101,13.1209,7,0,42.0101,-2,-1,6,3,3.62
300486,-2,-2,43.0399,-1,0,0,-2,-2,-1,6,4,3.48
322199,-2,-2,43.0399,-1,0,0,-2,-2,-1,6,3.85,2.75
308879,-2,-2,52.0201,-1,8,0,52.0201,-2,-1,6,4,3.28
305818,-2,-2,51.3801,-1,0,0,-2,-2,-1,6,0,3.34
322389,-2,-2,51.3801,-1,0,0,-2,-2,-1,6,0,3.83
314934,-2,-2,51.3801,-1,8,0,51.3801,-2,-1,6,3.7,3.6
310852,-2,-2,26.0101,-1,7,0,26.0101,-2,-1,6,2,2.69
321607,-2,-2,50.0901,-1,7,0,50.0901,-2,-1,6,4,3.89
316473,-2,-2,52.0301,-1,0,0,-2,-2,-1,6,4,3.53
323208,-2,-2,11.0101,-1,0,0,-2,-2,-1,6,4,3.74
324800,-2,-2,52.0801,-1,0,0,-2,-2,-1,6,2,2.35
294079,-2,-2,26.0101,-1,0,0,-2,-2,-1,6,3.3,2.67
323951,-2,-2,45.1101,-1,7,0,45.1101,-2,-1,6,2.65,2.33
318383,-2,-2,52.0201,-1,0,0,-2,-2,-1,6,0,2.63
258454,-2,-2,51,-1,0,0,-2,-2,-1,6,3,3.06
323153,-2,-2,52.0201,-1,0,0,-2,-2,-1,6,3,2.91
314601,-2,-2,43.0199,-1,8,0,43.0199,-2,-1,6,3.15,3.07
314183,-2,-2,0,-1,0,0,-2,-2,-1,6,4,3.89
322433,-2,-2,52.0201,-1,8,0,52.0201,-2,-1,6,4,3.42
323739,-2,-2,51.3801,-1,0,0,-2,-2,-1,6,4,3.85
321540,-2,-2,43.0399,-1,8,0,43.0399,-2,-1,6,4,3.57
321836,-2,-2,51.3801,-1,8,0,51.3801,-2,-1,6,2.7,3.84
318660,-2,-2,26.0101,-1,0,0,-2,-2,-1,6,3.3,3.17
319989,-2,-2,52.0801,-1,8,0,52.0801,-2,-1,6,4,3.23
316158,-2,-2,51.3801,-1,8,0,51.3801,-2,-1,6,4,3.88
324724,-2,-2,54.0101,13.1202,0,0,-2,-2,-1,6,4,3.38
324731,-2,-2,27.0101,-1,7,0,27.0101,-2,-1,6,3.3,2.7
321471,-2,-2,51,-1,0,0,-2,-2,-1,6,1,3.53
320070,-2,-2,52.0301,-1,0,0,-2,-2,-1,6,3.85,3.73
296906,-2,-2,52.0201,-1,8,0,52.0201,-2,-1,6,4,3.87
318334,-2,-2,52.1401,-1,8,0,52.1401,-2,-1,6,3.7,3.19
324522,-2,-2,0,-1,0,0,-2,-2,-1,6,4,4
324660,-2,-2,43.0203,-1,0,0,-2,-2,-1,6,4,4
22672,-2,-2,52.0801,52.0301,0,0,-2,-2,-1,6,0,3.52
324698,-2,-2,52.0301,-1,0,0,-2,-2,-1,6,1,2.03
23538,-2,-2,51.3801,-1,8,0,51.3801,-2,-1,6,3.7,3.73
36082,-2,-2,42.0101,-1,0,0,-2,-2,-1,6,1.7,1.94
86606,-2,-2,26.0101,-1,0,0,-2,-2,-1,6,2,2.53
240516,-2,-2,27.0101,13.1202,0,0,-2,-2,-1,6,3.3,3.29
243950,-2,-2,43.0399,-1,8,0,43.0399,-2,-1,6,3.4,3.95
258885,-2,-2,45.1101,13.1209,0,0,-2,-2,-1,6,4,3.22
261953,-2,-2,45.1101,13.1202,0,0,-2,-2,-1,6,3.3,3.62
273320,-2,-2,51,-1,0,0,-2,-2,-1,6,3.7,3.43
275680,-2,-2,51.3801,-1,0,0,-2,-2,-1,6,3.3,3.3
283581,-2,-2,27.0101,-1,7,0,27.0101,-2,-1,6,3,3.53
284356,-2,-2,52.0801,-1,0,0,-2,-2,-1,6,1,1.48
286145,-2,-2,16.0905,-1,0,0,-2,-2,-1,6,3.3,1.66
287658,-2,-2,27.0101,-1,0,0,-2,-2,-1,6,2,3.18
287941,-2,-2,45.1101,-1,7,0,45.1101,-2,-1,6,3,3.14
289318,-2,-2,40.0601,-1,0,0,-2,-2,-1,6,3.7,3.05
297838,-2,-2,54.0101,13.1001,0,0,-2,-2,-1,6,0,3.7
299093,-2,-2,23.0101,-1,0,0,-2,-2,-1,6,3.85,3.71
299291,-2,-2,26.0101,-1,0,0,-2,-2,-1,6,4,3.73
300453,-2,-2,51.3801,-1,0,0,-2,-2,-1,6,0,2.99
300581,-2,-2,51.3801,-1,8,0,51.3801,-2,-1,6,4,3.6
302152,-2,-2,54.0101,-1,0,0,-2,-2,-1,6,3.85,2.81
302718,0,0,52.0201,-1,0,0,-2,-2,-1,6,2.15,2.17
304431,-2,-2,42.0101,-1,7,0,42.0101,-2,-1,6,3.3,3.23
306978,-2,-2,43.0399,-1,0,0,-2,-2,-1,6,3.7,2.42
309634,-2,-2,51,-1,8,0,51,-2,-1,6,4,3.62
310689,-2,-2,52.0301,-1,0,0,-2,-2,-1,6,3.3,3.83
311293,-2,-2,43.0199,-1,0,0,-2,-2,-1,6,1.7,2.41
312641,-2,-2,45.1101,-1,0,0,-2,-2,-1,6,2.3,3.23
312770,-2,-2,51.3801,-1,8,0,51.3801,-2,-1,6,4,3.97
312947,-2,-2,43.0199,-1,0,0,-2,-2,-1,6,3.7,3.82
313623,-2,-2,51.3801,-1,0,0,-2,-2,-1,6,4,3.97
317809,-2,-2,51.3801,-1,0,0,-2,-2,-1,6,3.7,3.28
318981,-2,-2,45.0601,-1,0,0,-2,-2,-1,6,3.65,3.51
318995,-2,-2,42.0101,-1,7,0,42.0101,-2,-1,6,4,2.82
319580,0,0,0,-1,0,0,-2,-2,-1,6,2,2.73
320716,-2,-2,51.3801,-1,8,0,51.3801,-2,-1,6,4,4
321025,-2,-2,42.0101,-1,0,0,-2,-2,-1,6,3.7,3.41
321274,-2,-2,27.0101,-1,0,0,-2,-2,-1,6,4,3.95
321529,-2,-2,45.1101,-1,0,0,-2,-2,-1,6,2.35,2.64
321768,-2,-2,43.0203,43.0399,0,0,-2,-2,-1,6,4,3.94
322130,-2,-2,52.1401,-1,0,0,-2,-2,-1,6,4,3.71
322376,-2,-2,52.0201,-1,0,0,-2,-2,-1,6,1,1.78
322529,-2,-2,52.0801,-1,0,0,-2,-2,-1,6,3,1.91
322612,-2,-2,38.0101,13.1209,0,0,-2,-2,-1,6,3,3.34
322807,-2,-2,51.3801,-1,0,0,-2,-2,-1,6,3.3,3.44
322905,-2,-2,52.0301,52.0201,0,0,-2,-2,-1,6,3,2.67
322934,-2,-2,42.0101,-1,0,0,-2,-2,-1,6,3.3,2.45
322960,-2,-2,51.3801,-1,0,0,-2,-2,-1,6,3,3.31
323602,-2,-2,43.0199,-1,0,0,-2,-2,-1,6,3,2.47
323612,-2,-2,42.0101,-1,0,0,-2,-2,-1,6,4,3.38
323747,-2,-2,51.3801,-1,0,0,-2,-2,-1,6,4,3.32
324064,-2,-2,42.0101,13.1202,0,0,-2,-2,-1,6,0,3.8
324219,-2,-2,43.0399,-1,8,0,43.0399,-2,-1,6,4,3.29
324472,-2,-2,38.0101,-1,0,0,-2,-2,-1,6,4,2.98
324757,-2,-2,52.0301,-1,0,0,-2,-2,-1,6,2.3,3.4
324790,-2,-2,51.3801,-1,0,0,-2,-2,-1,6,3,3.37
324826,-2,-2,43.0399,-1,8,0,43.0399,-2,-1,6,3,3.08
324858,-2,-2,52.0201,-1,0,0,-2,-2,-1,6,4,3.13
324883,-2,-2,51,-1,8,0,51,-2,-1,6,4,3.52
325034,-2,-2,51.3801,-1,8,0,51.3801,-2,-1,6,3.3,3.84
325097,-2,-2,50.0701,-1,0,0,-2,-2,-1,6,0,3
325100,-2,-2,52.1401,-1,0,0,-2,-2,-1,6,3.15,3.2
325334,-2,-2,50.0701,-1,0,0,-2,-2,-1,6,1.5,3.03
325379,-2,-2,43.0199,-1,0,0,-2,-2,-1,6,0.5,2.64
325395,-2,-2,23.0101,-1,0,0,-2,-2,-1,6,4,4
325406,-2,-2,50.0701,-1,0,0,-2,-2,-1,6,4,3.51
325408,-2,-2,52.0301,-1,0,0,-2,-2,-1,6,2.3,3.18
325425,-2,-2,51.3801,-1,8,0,51.3801,-2,-1,6,3.7,3.43
325551,-2,-2,51.3801,-1,0,0,-2,-2,-1,6,3.6,3.67
325596,-2,-2,52.0801,-1,0,0,-2,-2,-1,6,4,3.72
325597,-2,-2,51,-1,8,0,51,-2,-1,6,4,3.56
325652,-2,-2,52.0801,-1,8,0,52.0801,-2,-1,6,4,3.52
325658,0,0,43.0203,-1,0,0,-2,-2,-1,6,3.5,3.4
325729,-2,-2,52.0201,-1,0,0,-2,-2,-1,6,2,3.02
325738,-2,-2,54.0101,13.1001,0,0,-2,-2,-1,6,3,3.49
325808,-2,-2,51,-1,0,0,-2,-2,-1,6,3.5,3.22
325843,-2,-2,43.0399,-1,0,0,-2,-2,-1,6,2.15,3.29
325873,-2,-2,43.0199,-1,0,0,-2,-2,-1,6,1.7,2.28
325914,-2,-2,13.1209,-1,0,0,-2,-2,-1,6,3.85,3.34
325932,-2,-2,45.1101,-1,0,0,-2,-2,-1,6,3.15,2.84
325995,-2,-2,52.0201,-1,0,0,-2,-2,-1,6,3,2.68
326086,-2,-2,52.0301,-1,0,0,-2,-2,-1,6,3.5,3.73
326112,-2,-2,43.0399,-1,0,0,-2,-2,-1,6,3.7,3.62
326171,-2,-2,42.0101,-1,0,0,-2,-2,-1,6,3.5,3.11
326260,-2,-2,52.0201,-1,0,0,-2,-2,-1,6,4,2.66
326263,-2,-2,26.0101,-1,0,0,-2,-2,-1,6,4,3.4
326273,-2,-2,52.0801,-1,8,0,52.0801,-2,-1,6,2.7,3.68
326296,-2,-2,43.0399,-1,0,0,-2,-2,-1,6,4,4
326383,-2,-2,0,-1,0,0,-2,-2,-1,6,1.7,2.51
326429,-2,-2,52.0301,-1,0,0,-2,-2,-1,6,4,3.69
326490,-2,-2,0,-1,0,0,-2,-2,-1,6,2.3,3.4
326508,-2,-2,52.1401,52.0201,0,0,-2,-2,-1,6,4,3.8
326512,-2,-2,43.0199,-1,0,0,-2,-2,-1,6,3.7,3.05
326611,-2,-2,51.3801,-1,8,0,51.3801,-2,-1,6,4,3.96
326619,-2,-2,42.0101,13.1202,0,0,-2,-2,-1,6,2.7,3.64
326658,-2,-2,51.3801,-1,0,0,-2,-2,-1,6,3.85,3.8
326727,-2,-2,51.3801,-1,8,0,51.3801,-2,-1,6,4,3.74
326728,0,0,23.0101,-1,0,0,-2,-2,-1,6,2,3.38
326735,-2,-2,26.0101,-1,0,0,-2,-2,-1,6,4,3.03
326743,-2,-2,51.3801,-1,0,0,-2,-2,-1,6,3.7,3.68
326908,-2,-2,52.0201,-1,0,0,-2,-2,-1,6,3.85,3.55
327095,-2,-2,51,-1,8,0,51,-2,-1,6,3.3,3.1
327102,-2,-2,42.0101,-1,0,0,-2,-2,-1,6,4,3.35
327104,-2,-2,52.0301,-1,0,0,-2,-2,-1,6,4,3.69
327527,-2,-2,43.0399,-1,0,0,-2,-2,-1,6,3.5,3.61
327539,-2,-2,51.3801,-1,8,0,51.3801,-2,-1,6,3,3.4
327628,-2,-2,26.0101,-1,0,0,-2,-2,-1,6,2.7,2.67
327680,-2,-2,40.0601,-1,0,0,-2,-2,-1,6,4,3.93
327808,-2,-2,51.3801,-1,0,0,-2,-2,-1,6,4,3.42
327814,-2,-2,51.3801,-1,0,0,-2,-2,-1,6,4,3.7
327993,0,-2,26.0101,-1,0,0,-2,-2,-1,6,3.3,2.77
328068,-2,-2,0,-1,0,0,-2,-2,-1,6,0,1.22
328304,-2,-2,43.0399,-1,0,0,-2,-2,-1,6,1.15,2.55
328474,-2,-2,43.0399,-1,0,0,-2,-2,-1,6,1,2.82
328512,-2,-2,52.0201,-1,0,0,-2,-2,-1,6,4,2.66
328538,-2,-2,51,-1,0,0,-2,-2,-1,6,4,3.89
328888,-2,-2,43.0199,-1,0,0,-2,-2,-1,6,3,3.55
328909,-2,-2,0,-1,0,0,-2,-2,-1,6,3,3.07
329048,-2,-2,51.3801,-1,8,0,51.3801,-2,-1,6,3.7,3.57
329052,-2,-2,51.3801,-1,0,0,-2,-2,-1,6,2,3.19
39588,-2,-2,0,-1,0,0,-2,-2,-1,6,2,3.15
43071,-2,-2,51.3801,-1,0,0,-2,-2,-1,6,4,3.38
80454,-2,-2,51.3801,-1,8,0,51.3801,-2,-1,6,4,3.92
88237,-2,0,0,-1,0,0,-2,-2,-1,6,3.3,3.7
101541,-2,-2,43.0199,-1,0,0,-2,-2,-1,6,4,3.3
242871,-2,-2,43.0199,-1,0,0,-2,-2,-1,6,4,3.68
246137,-2,-2,52.0301,-1,0,0,-2,-2,-1,6,4,4
254341,0,-2,42.0101,-1,0,0,-2,-2,-1,6,3.7,3.28
257761,-2,-2,52.0201,-1,0,0,-2,-2,-1,6,4,3.57
260135,-2,-2,51.3801,-1,8,0,51.3801,-2,-1,6,3.65,3.55
267718,-2,-2,43.0399,-1,8,0,43.0399,-2,-1,6,3.35,3.69
269450,-2,-2,51.3801,-1,8,0,51.3801,-2,-1,6,3.7,3.57
271304,-2,-2,51.3801,-1,0,0,-2,-2,-1,6,3.72,3.73
274273,-2,-2,43.0199,-1,0,0,-2,-2,-1,6,3.7,3.08
274759,-2,-2,45.1101,13.1209,0,0,-2,-2,-1,6,3.3,2.96
275076,-2,-2,52.0301,-1,0,0,-2,-2,-1,6,4,3.36
276212,-2,-2,43.0399,-1,0,0,-2,-2,-1,6,3.3,3.27
276292,-2,-2,45.1101,-1,0,0,-2,-2,-1,6,4,3.61
279217,-2,-2,51.3899,-1,8,0,51.3899,-2,-1,6,3.8,3.71
279697,-2,-2,42.0101,-1,0,0,-2,-2,-1,6,3.85,2.94
281130,-2,-2,26.0101,-1,0,0,-2,-2,-1,6,1,1.08
282492,-2,-2,51.3801,-1,8,0,51.3801,-2,-1,6,4,3.92
282707,-2,-2,13.1209,-1,0,0,-2,-2,-1,6,1,2.37
283344,-2,-2,51.3801,-1,8,0,51.3801,-2,-1,6,3.48,3.18
284329,-2,-2,52.0201,-1,0,0,-2,-2,-1,6,4,3.91
286443,0,0,43.0199,-1,0,0,-2,-2,-1,6,3.15,3.28
286529,-2,-2,52.0301,-1,0,0,-2,-2,-1,6,3.7,3.54
286680,-2,-2,43.0199,-1,0,0,-2,-2,-1,6,3,1.98
286863,-2,-2,51.3801,-1,0,0,-2,-2,-1,6,4,3.95
287230,-2,-2,51,-1,0,0,-2,-2,-1,6,3,3.56
288691,-2,-2,52.0301,-1,0,0,-2,-2,-1,6,4,4
289161,-2,-2,51.3899,-1,8,0,51.3899,-2,-1,6,3.8,3.65
289768,0,0,51,-1,0,0,-2,-2,-1,6,0,3.14
290842,-2,-2,27.0101,-1,0,0,-2,-2,-1,6,2,2.17
291400,-2,-2,51.3801,-1,0,0,-2,-2,-1,6,2.7,2.86
292094,-2,-2,26.0101,-1,0,0,-2,-2,-1,6,4,2.62
292156,-2,-2,51.3801,-1,0,0,-2,-2,-1,6,4,3.85
292201,-2,-2,51.3801,-1,0,0,-2,-2,-1,6,4,3.46
293513,-2,-2,0,-1,0,0,-2,-2,-1,6,3.7,3.38
293536,-2,-2,45.1101,-1,0,0,-2,-2,-1,6,4,3.85
295099,-2,-2,50.0701,-1,0,0,-2,-2,-1,6,3.85,3.5
295225,-2,-2,51.3801,-1,8,0,51.3801,-2,-1,6,2.7,3.52
296693,-2,-2,52.0301,-1,0,0,-2,-2,-1,6,3.85,1.95
296847,-2,-2,43.0199,-1,0,0,-2,-2,-1,6,3.5,2.83
296933,-2,-2,13.1209,-1,0,0,-2,-2,-1,6,4,3.47
297193,-2,-2,43.0199,-1,0,0,-2,-2,-1,6,3.85,3.97
297222,0,0,26.0101,-1,0,0,-2,-2,-1,6,2,2.81
297779,-2,-2,51.3801,-1,8,0,51.3801,-2,-1,6,3.82,3.41
298224,0,-2,43.0199,-1,0,0,-2,-2,-1,6,4,3.36
298911,-2,-2,0,-1,0,0,-2,-2,-1,6,1.7,3.2
299159,-2,-2,51.3801,-1,0,0,-2,-2,-1,6,2.55,3.02
299388,-2,-2,26.0101,-1,0,0,-2,-2,-1,6,3.85,2.56
299729,-2,-2,51,-1,0,0,-2,-2,-1,6,0,3.24
300491,-2,-2,45.1101,-1,0,0,-2,-2,-1,6,3.7,3.8
301870,-2,-2,52.0301,-1,0,0,-2,-2,-1,6,2.7,3.17
303102,-2,-2,51.3801,-1,0,0,-2,-2,-1,6,2,3.63
304834,-2,-2,51.3801,-1,0,0,-2,-2,-1,6,3.3,3.64
305139,-2,-2,26.0101,-1,0,0,-2,-2,-1,6,1.15,1.7
306928,-2,-2,42.0101,-1,0,0,-2,-2,-1,6,0,3.5
307519,-2,-2,45.1101,13.1209,0,0,-2,-2,-1,6,4,3.31
309662,-2,-2,51.3801,-1,0,0,-2,-2,-1,6,4,3.95
310842,-2,-2,51.3801,-1,0,0,-2,-2,-1,6,4,3.91
310853,-2,-2,51.3801,-1,0,0,-2,-2,-1,6,4,3.7
310873,-2,-2,51.3801,-1,0,0,-2,-2,-1,6,4,3.61
311128,-2,-2,51,-1,0,0,-2,-2,-1,6,4,3.7
311221,-2,-2,51.3801,-1,8,0,51.3801,-2,-1,6,2.7,3.61
312042,-2,-2,51.3899,-1,8,0,51.3899,-2,-1,6,3.8,3.56
312146,-2,-2,51.3801,-1,8,0,51.3801,-2,-1,6,2.7,3.2
313652,-2,-2,52.0201,-1,0,0,-2,-2,-1,6,4,3.72
314935,-2,-2,51.3801,-1,0,0,-2,-2,-1,6,4,4
315226,-2,-2,42.0101,-1,0,0,-2,-2,-1,6,4,3.53
315532,-2,-2,51,-1,0,0,-2,-2,-1,6,3.65,3.52
316098,-2,-2,51.3801,-1,8,0,51.3801,-2,-1,6,4,3.7
316105,-2,-2,51.3801,-1,0,0,-2,-2,-1,6,4,3.89
316303,-2,-2,51.3801,-1,0,0,-2,-2,-1,6,4,3.95
317222,-2,-2,42.0101,-1,0,0,-2,-2,-1,6,2,2.67
317224,-2,-2,45.1001,-1,0,0,-2,-2,-1,6,3.2,2.61
317359,-2,-2,52.0801,-1,0,0,-2,-2,-1,6,3.35,3.06
317569,-2,-2,51.3801,-1,0,0,-2,-2,-1,6,3.46,3.45
317910,-2,-2,0,-1,0,0,-2,-2,-1,6,3,2.25
318657,-2,-2,51.3801,-1,8,0,51.3801,-2,-1,6,4,3.8
319454,-2,-2,52.0301,-1,0,0,-2,-2,-1,6,0,0.81
321450,-2,-2,51.3801,-1,0,0,-2,-2,-1,6,4,3.92
321498,-2,-2,51,-1,0,0,-2,-2,-1,6,3.85,3.85
321656,-2,-2,51.3899,-1,8,0,51.3899,-2,-1,6,3.8,3.53
322135,-2,-2,51.3899,-1,8,0,51.3899,-2,-1,6,3.9,3.87
322320,0,-2,43.0199,-1,0,0,-2,-2,-1,6,1.15,2.36
322780,-2,-2,52.1401,-1,0,0,-2,-2,-1,6,1.5,2.75
323302,-2,-2,42.0101,-1,0,0,-2,-2,-1,6,2,2
323782,-2,-2,42.0101,-1,0,0,-2,-2,-1,6,4,3.67
324120,-2,-2,52.0801,-1,0,0,-2,-2,-1,6,3.85,3.82
324166,-2,-2,51,-1,0,0,-2,-2,-1,6,3.85,3.8
324185,-2,0,27.0101,-1,0,0,-2,-2,-1,6,3,3.5
324753,-2,-2,43.0399,-1,0,0,-2,-2,-1,6,3.3,3.94
325219,-2,-2,0,-1,0,0,-2,-2,-1,6,4,3.65
325234,0,0,50.0901,-1,0,0,-2,-2,-1,6,3.3,1.82
325247,-2,-2,51.3801,-1,0,0,-2,-2,-1,6,4,3.95
325249,-2,-2,51.3801,-1,0,0,-2,-2,-1,6,4,4
325324,0,0,45.1001,-1,0,0,-2,-2,-1,6,2.85,3.13
325400,-2,-2,51,-1,0,0,-2,-2,-1,6,4,3.51
325436,-2,-2,51.3801,-1,0,0,-2,-2,-1,6,3,2.85
325439,-2,-2,51.3801,-1,0,0,-2,-2,-1,6,3.3,3.27
325540,0,0,51.0999,-1,0,0,-2,-2,-1,6,4,3.61
325588,-2,-2,52.0201,52.1401,0,0,-2,-2,-1,6,4,3.95
325670,-2,-2,42.0101,-1,0,0,-2,-2,-1,6,3,2.75
325838,0,-2,43.0203,-1,0,0,-2,-2,-1,6,2.7,2.6
325849,-2,-2,51.3801,-1,0,0,-2,-2,-1,6,4,4
325992,0,0,27.0101,-1,0,0,-2,-2,-1,6,3,3.11
326036,0,-2,43.0199,-1,0,0,-2,-2,-1,6,3.7,3.23
326037,-2,-2,23.0101,-1,0,0,-2,-2,-1,6,2.3,2.87
326071,-2,-2,52.0801,-1,0,0,-2,-2,-1,6,4,3.95
326278,0,0,13.1202,-1,0,0,-2,-2,-1,6,4,3.45
326350,0,0,52.0301,-1,0,0,-2,-2,-1,6,0,1.74
326361,0,0,54.0101,-1,0,0,-2,-2,-1,6,3.85,3.34
326422,0,0,51.3801,-1,0,0,-2,-2,-1,6,3,3.02
326471,-2,0,50.0901,27.0101,0,0,-2,-2,-1,6,2,3.56
326650,0,0,42.0101,-1,0,0,-2,-2,-1,6,3,3.36
326782,0,0,9.0101,-1,0,0,-2,-2,-1,6,3.7,3.47
327030,-2,-2,26.0101,-1,0,0,-2,-2,-1,6,3.7,3.91
327079,0,-2,13.1209,-1,0,0,-2,-2,-1,6,4,3.81
327082,0,-2,43.0199,-1,0,0,-2,-2,-1,6,1.7,1.92
327101,-2,-2,52.0801,-1,0,0,-2,-2,-1,6,3.3,3.14
327209,0,0,52.0201,-1,0,0,-2,-2,-1,6,3.7,2.36
327254,0,0,0,-1,0,0,-2,-2,-1,6,0.5,1.09
327262,-2,-2,50.0901,-1,0,0,-2,-2,-1,6,3.58,3.69
327264,-2,0,26.0101,-1,0,0,-2,-2,-1,6,4,3.82
327276,-2,-2,50.0901,-1,0,0,-2,-2,-1,6,4,3.79
327384,-2,0,43.0199,-1,0,0,-2,-2,-1,6,2.85,2.94
327459,-2,-2,42.0101,-1,0,0,-2,-2,-1,6,4,3.91
327486,-2,-2,50.0701,-1,0,0,-2,-2,-1,6,0,3.82
327526,0,0,0,-1,0,0,-2,-2,-1,6,3,2.12
327545,0,0,43.0199,-1,0,0,-2,-2,-1,6,1,2.85
327588,-2,-2,42.0101,-1,0,0,-2,-2,-1,6,4,3.35
327605,-2,0,50.0901,-1,0,0,-2,-2,-1,6,3.7,3.61
327638,-2,-2,11.0101,-1,0,0,-2,-2,-1,6,2.7,3.56
327641,-2,-2,13.1209,-1,0,0,-2,-2,-1,6,4,3.94
327647,0,-2,50.0901,-1,0,0,-2,-2,-1,6,2.7,3.23
327674,-2,-2,42.0101,-1,0,0,-2,-2,-1,6,4,3.83
327709,0,0,52.0201,-1,0,0,-2,-2,-1,6,3.3,2.85
327764,0,0,43.0199,-1,0,0,-2,-2,-1,6,2,1.75
327894,0,0,26.0101,-1,0,0,-2,-2,-1,6,2,2.26
327902,0,0,40.0801,-1,0,0,-2,-2,-1,6,2.7,3.22
327909,0,0,50.0701,-1,0,0,-2,-2,-1,6,0,3.11
327936,-2,-2,54.0101,-1,0,0,-2,-2,-1,6,4,3.79
327955,-2,-2,26.0101,-1,0,0,-2,-2,-1,6,2,3.54
328001,0,0,0,-1,0,0,-2,-2,-1,6,3.7,3.33
328012,0,0,52.0201,-1,0,0,-2,-2,-1,6,4,3.87
328042,0,0,42.0101,-1,0,0,-2,-2,-1,6,4,3.6
328127,-2,-2,52.0201,-1,0,0,-2,-2,-1,6,3.5,3.77
328132,-2,-2,52.1401,-1,0,0,-2,-2,-1,6,4,3.78
328139,-2,-2,43.0199,-1,0,0,-2,-2,-1,6,4,3.86
328144,-2,-2,51.3801,-1,8,0,51.3801,-2,-1,6,4,3.66
328145,-2,-2,51.3801,-1,8,0,51.3801,-2,-1,6,3.7,3.63
328172,-1,-1,50.0901,-1,0,0,-2,-2,-1,6,4,3.14
328174,-2,0,50.0901,-1,0,0,-2,-2,-1,6,4,3.41
328204,0,0,43.0399,-1,0,0,-2,-2,-1,6,3.85,2.9
328227,-2,-2,51.3801,-1,8,0,51.3801,-2,-1,6,3.88,3.05
328231,-2,-2,51.3801,-1,8,0,51.3801,-2,-1,6,4,3.78
328233,-2,-2,51.3801,-1,8,0,51.3801,-2,-1,6,4,3.88
328238,-2,-2,51.3801,-1,0,0,-2,-2,-1,6,3.7,3.55
328268,-2,-2,51.3801,-1,0,0,-2,-2,-1,6,4,3.67
328596,0,0,0,-1,0,0,-2,-2,-1,6,4,3.12
328632,-2,0,0,-1,0,0,-2,-2,-1,6,3.7,3.12
328648,-2,-2,51.3801,-1,8,0,51.3801,-2,-1,6,3.7,3.61
328695,0,0,50.0701,-1,0,0,-2,-2,-1,6,2.7,2.7
328787,-2,-2,50.0701,50.0701,0,0,-2,-2,-1,6,0,2.24
328788,-2,-2,43.0199,-1,0,0,-2,-2,-1,6,3,2.95
328819,-2,-2,43.0199,-1,8,0,43.0199,-2,-1,6,3.15,3.5
328833,-2,-2,43.0199,-1,0,0,-2,-2,-1,6,1.85,2.13
328992,-2,-2,51.3801,-1,0,0,-2,-2,-1,6,4,4
329000,-2,-2,51.3801,-1,0,0,-2,-2,-1,6,2.7,3.94
329002,-2,-2,43.0199,-1,0,0,-2,-2,-1,6,3.15,3.16
329081,-2,-2,13.1202,-1,0,0,-2,-2,-1,6,1.7,2
329086,0,0,50.0701,-1,0,0,-2,-2,-1,6,3.3,3.44
329214,0,0,50.0701,-1,0,0,-2,-2,-1,6,3,3.43
329236,-2,-2,52.0201,-1,0,0,-2,-2,-1,6,4,3.9
329309,-2,-2,51.3801,-1,0,0,-2,-2,-1,6,3.6,3.44
329311,-2,-2,51.3801,-1,0,0,-2,-2,-1,6,3.7,3.69
329342,0,0,52.0301,-1,0,0,-2,-2,-1,6,2.85,2.92
329361,-2,-2,5.0207,-1,0,0,-2,-2,-1,6,3.65,3.16
329455,0,0,0,-1,0,0,-2,-2,-1,6,0,0.28
329510,-2,0,13.1202,-1,0,0,-2,-2,-1,6,4,3.41
329552,0,0,45.1101,-1,0,0,-2,-2,-1,6,2.7,3.21
329595,-2,-2,13.1202,-1,0,0,-2,-2,-1,6,3.3,2.71
329602,-2,-2,51.3801,-1,0,0,-2,-2,-1,6,4,3.67
329637,-2,-2,51.3801,-1,8,0,51.3801,-2,-1,6,3.7,3.48
329638,-2,-2,51.3801,-1,8,0,51.3801,-2,-1,6,3.7,3.5
329678,0,0,0,-1,0,0,-2,-2,-1,6,3,3.15
329720,-2,-2,51.3801,-1,0,0,-2,-2,-1,6,3,3.76
329789,-1,-1,0,-1,0,0,-2,-2,-1,6,4,4
329799,-2,-2,51.3801,-1,8,0,51.3801,-2,-1,6,4,3.96
329842,-2,-2,51.3801,-1,8,0,51.3801,-2,-1,6,4,3.52
329967,-2,-2,26.0101,-1,0,0,-2,-2,-1,6,2.4,2.5
330036,-2,-2,51.3801,-1,0,0,-2,-2,-1,6,3.08,3.01
330048,-2,-2,51.3801,-1,0,0,-2,-2,-1,6,4,3.87
330073,-2,-2,52.0301,-1,0,0,-2,-2,-1,6,2.5,3.24
330115,0,-2,50.0901,-1,0,0,-2,-2,-1,6,4,3.93
330160,-2,-2,42.0101,13.1209,0,0,-2,-2,-1,6,0,1.72
330165,-2,-2,52.0801,-1,0,0,-2,-2,-1,6,3.7,3.66
330211,-2,-2,51.3801,-1,0,0,-2,-2,-1,6,4,2.66
330241,-2,-2,51.3801,-1,0,0,-2,-2,-1,6,4,3.16
330321,0,0,50.0701,-1,0,0,-2,-2,-1,6,3,3.52
330345,-2,-2,51.3801,-1,0,0,-2,-2,-1,6,4,3.75
330389,-2,-2,42.0101,13.1209,0,0,-2,-2,-1,6,3,3.65
330397,-2,-2,52.0301,-1,0,0,-2,-2,-1,6,4,3.25
330400,-2,-2,42.0101,13.1209,0,0,-2,-2,-1,6,3.7,2.16
330442,-2,-2,52.0201,-1,0,0,-2,-2,-1,6,3.15,2.66
330459,-2,-2,43.0199,-1,0,0,-2,-2,-1,6,2.8,3.36
330468,-2,-2,23.0101,-1,0,0,-2,-2,-1,6,4,3.84
330522,-2,-2,51.3801,-1,0,0,-2,-2,-1,6,4,3.37
330567,-2,-2,42.0101,-1,0,0,-2,-2,-1,6,3.7,3.33
330573,-2,-2,11.0101,-1,0,0,-2,-2,-1,6,0,1.58
330575,-2,-2,26.0101,-1,0,0,-2,-2,-1,6,0,2.27
330638,-2,-2,51.3801,-1,0,0,-2,-2,-1,6,3.7,3.9
330661,-2,-2,11.0101,-1,0,0,-2,-2,-1,6,3.85,3.64
330707,-2,-2,52.0201,-1,0,0,-2,-2,-1,6,3.7,3.77
330715,-2,-2,52.0301,-1,0,0,-2,-2,-1,6,4,3.9
330718,-2,-2,43.0199,-1,0,0,-2,-2,-1,6,3.7,3.52
330767,-2,-2,51.3899,-1,8,0,51.3899,-2,-1,6,3.9,3.84
330803,-2,-2,52.0201,-1,8,0,52.0201,-2,-1,6,3.35,3.69
330822,-2,-2,51.3899,-1,8,0,51.3899,-2,-1,6,3.8,3.67
330823,-2,-2,51.3899,-1,8,0,51.3899,-2,-1,6,4,3.76
330826,-2,-2,51.3899,-1,8,0,51.3899,-2,-1,6,3.9,3.86
330829,-2,-2,51.3899,-1,8,0,51.3899,-2,-1,6,3.8,3.42
330830,-2,-2,51.3899,-1,8,0,51.3899,-2,-1,6,3.9,3.86
330833,-2,-2,51.3801,-1,0,0,-2,-2,-1,6,3.7,3.88
330911,-2,-2,43.0199,-1,0,0,-2,-2,-1,6,4,3.97
330930,-2,-2,51.3899,-1,8,0,51.3899,-2,-1,6,3.67,3.46
330931,-2,-2,51.3899,-1,8,0,51.3899,-2,-1,6,4,3.82
330932,-2,-2,51.3899,-1,8,0,51.3899,-2,-1,6,3.9,3.84
330934,-2,-2,51.3899,-1,8,0,51.3899,-2,-1,6,3.9,3.65
330935,-2,-2,51.3899,-1,8,0,51.3899,-2,-1,6,3.9,3.85
330937,-2,-2,51.3899,-1,8,0,51.3899,-2,-1,6,3.8,3.79
330939,-2,-2,51.3899,-1,8,0,51.3899,-2,-1,6,3.86,3.54
330952,-2,-2,43.0399,-1,0,0,-2,-2,-1,6,0,2
330956,-2,-2,50.0901,-1,0,0,-2,-2,-1,6,3.3,3.57
331007,-2,-2,43.0399,-1,0,0,-2,-2,-1,6,4,2.63
331022,-2,-2,51.3899,-1,8,0,51.3899,-2,-1,6,3.58,3.44
331023,-2,-2,51.3899,-1,8,0,51.3899,-2,-1,6,3.66,3.64
331024,-2,-2,51.3899,-1,8,0,51.3899,-2,-1,6,4,3.8
331025,-2,-2,51.3899,-1,8,0,51.3899,-2,-1,6,3.8,3.66
331026,-2,-2,51.3899,-1,8,0,51.3899,-2,-1,6,3.71,3.46
331027,-2,-2,51.3899,-1,8,0,51.3899,-2,-1,6,3.9,3.63
331028,-2,-2,51.3899,-1,8,0,51.3899,-2,-1,6,3.61,3.55
331029,-2,-2,51.3899,-1,8,0,51.3899,-2,-1,6,3.9,3.77
331030,-2,-2,51.3899,-1,8,0,51.3899,-2,-1,6,3.58,3.73
331032,-2,-2,51.3899,-1,8,0,51.3899,-2,-1,6,3.76,3.59
331033,-2,-2,51.3899,-1,8,0,51.3899,-2,-1,6,3.66,3.61
331034,-2,-2,51.3899,-1,8,0,51.3899,-2,-1,6,4,3.85
331036,-2,-2,51.3899,-1,8,0,51.3899,-2,-1,6,4,3.95
331038,-2,-2,51.3899,-1,8,0,51.3899,-2,-1,6,3.9,3.77
331045,-2,-2,26.0101,-1,0,0,-2,-2,-1,6,0,2.08
331074,-2,-2,51.3899,-1,8,0,51.3899,-2,-1,6,4,3.85
331075,-2,-2,51.3899,-1,8,0,51.3899,-2,-1,6,3.8,3.53
331120,-2,-2,51.3899,-1,8,0,51.3899,-2,-1,6,3.8,3.63
331131,-2,-2,51.3801,-1,0,0,-2,-2,-1,6,4,4
331135,-2,-2,52.0201,-1,0,0,-2,-2,-1,6,3.5,3.16
331146,-2,-2,52.0201,-1,0,0,-2,-2,-1,6,4,3.86
331149,-2,-2,43.0199,-1,0,0,-2,-2,-1,6,2.7,2.85
331151,-2,-2,11.0101,-1,0,0,-2,-2,-1,6,2.7,2.41
331182,-2,-2,52.0801,-1,0,0,-2,-2,-1,6,3.7,3.46
331183,-2,-2,26.0101,-1,0,0,-2,-2,-1,6,2.7,3.31
331193,-2,-2,52.0201,-1,0,0,-2,-2,-1,6,3.7,3.2
331214,-2,-2,51.3801,-1,0,0,-2,-2,-1,6,4,3.45
331221,-2,-2,52.0301,-1,0,0,-2,-2,-1,6,3.7,3.85
331247,-2,-2,52.0201,-1,0,0,-2,-2,-1,6,3.7,3.5
331270,-2,-2,51.3801,-1,0,0,-2,-2,-1,6,4,3.75
331276,-2,-2,42.0101,-1,0,0,-2,-2,-1,6,4,3.86
331286,-2,-2,26.0101,-1,0,0,-2,-2,-1,6,2,2.99
331333,-2,-2,42.0101,-1,0,0,-2,-2,-1,6,2.7,3.07
331338,-2,-2,11.0101,-1,0,0,-2,-2,-1,6,3.85,3.41
331361,-2,-2,43.0199,-1,0,0,-2,-2,-1,6,2,2.28
331396,-2,-2,26.0101,-1,0,0,-2,-2,-1,6,3.3,3.03
331413,-2,-2,13.1209,-1,0,0,-2,-2,-1,6,3.3,3.2
331459,0,-2,52.0201,-1,0,0,-2,-2,-1,6,3,3.57
331462,-2,-2,52.0301,-1,0,0,-2,-2,-1,6,2.85,2.74
331466,-2,-2,16.0905,-1,7,0,16.0905,-2,-1,6,4,3.94
331506,-2,-2,45.0601,-1,7,0,45.0601,-2,-1,6,4,3.8
331525,-2,-2,26.0101,-1,0,0,-2,-2,-1,6,2,1.29
331526,-2,-2,52.0801,-1,0,0,-2,-2,-1,6,4,4
331528,-2,-2,51.3801,-1,8,0,51.3801,-2,-1,6,2.7,3.44
331530,-2,-2,23.0101,-1,0,0,-2,-2,-1,6,1.7,2.48
331547,-2,-2,51.3801,-1,0,0,-2,-2,-1,6,3.6,3.61
331557,-2,-2,26.0101,-1,0,0,-2,-2,-1,6,3.5,3.08
331568,-2,-2,51.3801,-1,0,0,-2,-2,-1,6,4,3.56
331597,-2,-2,51.3899,-1,8,0,51.3899,-2,-1,6,3.76,3.59
331598,-2,-2,51.3801,-1,0,0,-2,-2,-1,6,0,3.71
331599,-2,-2,52.0301,-1,0,0,-2,-2,-1,6,4,3.8
331600,-2,-2,51.3801,-1,0,0,-2,-2,-1,6,3.7,3.49
331633,-2,-2,51.3801,-1,0,0,-2,-2,-1,6,3.02,2.94
331637,-2,-2,51.3801,-1,0,0,-2,-2,-1,6,4,3.5
331747,-2,-2,16.0905,-1,7,0,16.0905,-2,-1,6,4,3.91
331775,-2,-2,51.3899,-1,8,0,51.3899,-2,-1,6,3.86,3.42
331795,-2,-2,52.1401,52.0201,0,0,-2,-2,-1,6,4,3.96
331805,0,0,11.0101,-1,0,0,-2,-2,-1,6,1.7,2.78
331806,-2,-2,43.0199,-1,0,0,-2,-2,-1,6,2.3,2.36
331825,0,-2,11.0101,-1,0,0,-2,-2,-1,6,3,2.62
331836,-2,-2,45.1101,-1,0,0,-2,-2,-1,6,3.7,2.67
331839,-2,-2,52.0301,-1,0,0,-2,-2,-1,6,4,3.48
331923,-2,-2,43.0199,-1,0,0,-2,-2,-1,6,4,2.83
331928,-2,-2,45.1101,-1,0,0,-2,-2,-1,6,4,3
331930,-2,-2,51.3801,-1,0,0,-2,-2,-1,6,3,3.51
331984,-2,-2,11.0101,-1,0,0,-2,-2,-1,6,4,2.54
332067,-2,-2,16.0905,-1,0,0,-2,-2,-1,6,2,3.47
332109,-2,-2,51,-1,0,0,-2,-2,-1,6,3,3.38
332151,-2,-2,52.0201,-1,0,0,-2,-2,-1,6,4,2.82
332153,0,-2,26.0101,-1,0,0,-2,-2,-1,6,4,3.78
332155,-2,-2,52.0201,-1,0,0,-2,-2,-1,6,4,3.54
332158,0,-2,43.0199,-1,0,0,-2,-2,-1,6,1,2.08
332185,-2,-2,51,-1,0,0,-2,-2,-1,6,4,3.94
332193,-2,-2,43.0199,-1,0,0,-2,-2,-1,6,4,4
332247,-2,-2,45.1101,13.1209,0,0,-2,-2,-1,6,3,3.26
332251,-2,-2,51,-1,0,0,-2,-2,-1,6,3,3.27
332292,-2,-2,43.0199,-1,0,0,-2,-2,-1,6,3.7,3.64
332296,0,0,50.0901,-1,0,0,-2,-2,-1,6,4,2.93
332331,0,0,43.0199,-1,0,0,-2,-2,-1,6,0,2.64
332338,-2,-2,43.0199,-1,0,0,-2,-2,-1,6,3.85,3.58
332369,-2,-2,0,-1,0,0,-2,-2,-1,6,3,2.91
332373,-2,-2,51.0999,-1,0,0,-2,-2,-1,6,1,2.01
332379,-2,-2,52.0201,52.1401,0,0,-2,-2,-1,6,4,3.4
332380,-2,-2,11.0101,-1,0,0,-2,-2,-1,6,3.5,3.87
332386,0,0,43.0199,-1,0,0,-2,-2,-1,6,4,2.65
332393,-2,-2,26.0101,-1,0,0,-2,-2,-1,6,3,2.88
332399,-2,-2,51.3801,-1,0,0,-2,-2,-1,6,3.88,3.86
332407,0,0,43.0199,-1,0,0,-2,-2,-1,6,4,3.15
332415,-2,-2,43.0199,-1,0,0,-2,-2,-1,6,0,1.9
332427,-2,-2,51.3801,-1,0,0,-2,-2,-1,6,2.3,3.61
332429,-2,-2,43.0203,-1,0,0,-2,-2,-1,6,4,4
340021,-2,-2,51.3801,-1,0,0,-2,-2,-1,6,3,3.3
340035,-2,-2,51.3801,-1,0,0,-2,-2,-1,6,3.88,3.68
340042,-2,-2,52.0801,-1,0,0,-2,-2,-1,6,4,3.79
340046,-2,-2,-1,13.1209,0,0,-2,-2,-1,6,4,3.04
340082,-2,-2,52.0301,-1,0,0,-2,-2,-1,6,3.3,3.78
340083,-2,-2,26.0101,-1,0,0,-2,-2,-1,6,3.7,3.36
340091,-2,-2,51.0706,-1,0,0,-2,-2,-1,6,2,3.32
340110,-2,-2,13.1209,-1,0,0,-2,-2,-1,6,3,3.67
340113,-2,-2,42.0101,-1,0,0,-2,-2,-1,6,0,1.71
340122,-2,-2,52.1401,-1,0,0,-2,-2,-1,6,3.3,3.66
340141,-2,-2,52.0201,52.1401,0,0,-2,-2,-1,6,4,4
340164,-2,-2,52.0301,-1,0,0,-2,-2,-1,6,2.85,2.9
340177,-2,-2,43.0199,-1,0,0,-2,-2,-1,6,2,2.87
340181,0,0,52.0201,-1,0,0,-2,-2,-1,6,0,3.17
340325,-2,-2,42.0101,-1,0,0,-2,-2,-1,6,3,2.49
340331,-2,-2,51.3801,-1,8,0,51.3801,-2,-1,6,3.85,3.55
340333,-2,-2,52.0201,-1,0,0,-2,-2,-1,6,4,3.6
340345,-2,-2,51,-1,0,0,-2,-2,-1,6,4,3.79
340346,0,-2,43.0399,-1,0,0,-2,-2,-1,6,4,3.9
340447,-2,-2,51.3801,-1,0,0,-2,-2,-1,6,4,3.88
340461,-2,-2,43.0199,-1,0,0,-2,-2,-1,6,3,2.62
340463,-2,-2,51,-1,0,0,-2,-2,-1,6,3.85,3.67
340503,-2,-2,51.3801,-1,0,0,-2,-2,-1,6,0,2.5
340509,-2,-2,42.0101,-1,0,0,-2,-2,-1,6,3.7,3.54
340532,-2,-2,52.0201,-1,0,0,-2,-2,-1,6,2.8,2.87
340550,-2,-2,16.0905,42.0101,0,0,-2,-2,-1,6,3.3,2.85
340557,0,-2,23.0101,-1,0,0,-2,-2,-1,6,0,1.14
340579,-2,-2,51.3801,-1,0,0,-2,-2,-1,6,3.7,3.35
340580,-2,-2,51.3801,-1,0,0,-2,-2,-1,6,3.7,3.87
340602,-2,-2,26.0101,-1,0,0,-2,-2,-1,6,4,4
340613,-2,-2,0,-1,0,0,-2,-2,-1,6,3.5,2.93
340646,-2,-2,52.0801,-1,8,0,52.0801,-2,-1,6,3.65,3.55
340650,-2,-2,13.1209,-1,0,0,-2,-2,-1,6,3,2.5
340665,-2,-2,51.3801,-1,0,0,-2,-2,-1,6,4,3.87
340724,-2,-2,43.0203,-1,0,0,-2,-2,-1,6,3.3,3.64
340753,-2,-2,40.0601,-1,0,0,-2,-2,-1,6,3.3,2.38
340756,-2,-2,45.1101,-1,0,0,-2,-2,-1,6,4,3.6
340758,-2,-2,51.3801,-1,8,0,51.3801,-2,-1,6,3.3,3.12
340760,-2,-2,51.3801,-1,8,0,51.3801,-2,-1,6,4,3.47
340779,-2,-2,51.3801,-1,0,0,-2,-2,-1,6,4,3.67
340809,-2,-2,45.1001,-1,0,0,-2,-2,-1,6,4,3.52
340836,-2,-2,0,-1,0,0,-2,-2,-1,6,1.7,2.07
340840,-2,-2,54.0101,54.0101,0,0,-2,-2,-1,6,3.3,3.28
340857,-2,-2,52.0301,-1,0,0,-2,-2,-1,6,0,2
79832,-2,-2,51.3801,-1,0,0,-2,-2,-1,6,3.3,3.05
79897,-2,-2,52.0201,-1,0,0,-2,-2,-1,6,2,1.92
102239,0,0,13.1209,-1,0,0,-2,-2,-1,6,4,2.88
137622,-2,-2,51.3801,-1,0,0,-2,-2,-1,6,4,2.54
205000,-2,-2,26.0101,-1,0,0,-2,-2,-1,6,3.3,2.53
205025,-2,-2,52.0201,52.1401,0,0,-2,-2,-1,6,3.5,3.2
206557,-2,-2,43.0199,-1,0,0,-2,-2,-1,6,0,3
244840,-2,-2,52.0201,-1,0,0,-2,-2,-1,6,2,3.05
246023,-2,-2,42.0101,-1,0,0,-2,-2,-1,6,4,3.75
249154,-2,-2,26.0101,-1,0,0,-2,-2,-1,6,2,1.63
255442,-2,-2,54.0101,13.1209,0,0,-2,-2,-1,6,1,2.61
256455,-2,-2,51.3801,-1,0,0,-2,-2,-1,6,2,3.77
257987,0,-2,42.0101,-1,0,0,-2,-2,-1,6,0,1.23
261730,-2,-2,43.0199,-1,0,0,-2,-2,-1,6,2.85,3.15
276640,-2,-2,51.3801,-1,0,0,-2,-2,-1,6,4,4
277184,-2,-2,11.0101,-1,0,0,-2,-2,-1,6,4,3.88
277206,-2,-2,43.0199,-1,0,0,-2,-2,-1,6,4,3.61
278790,0,0,26.0101,13.1209,0,0,-2,-2,-1,6,3.35,3.51
279159,-2,-2,50.0901,-1,0,0,-2,-2,-1,6,3.33,3.48
281262,-2,-2,26.0101,-1,0,0,-2,-2,-1,6,4,4
283647,-2,-2,16.0905,13.1209,0,0,-2,-2,-1,6,3.65,3.56
288538,-2,-2,52.0301,-1,0,0,-2,-2,-1,6,0,2.15
290476,-2,-2,9.0101,-1,0,0,-2,-2,-1,6,4,3.72
292663,-1,-1,50.0901,-1,0,0,-2,-2,-1,6,4,3.76
294108,0,0,52.0801,-1,0,0,-2,-2,-1,6,2.8,1.86
298559,-2,-2,50.0701,-1,0,0,-2,-2,-1,6,2.7,1.67
303269,-2,-2,0,-1,0,0,-2,-2,-1,6,4,3.93
305962,-2,-2,45.1101,13.1202,0,0,-2,-2,-1,6,3.15,3.1
306639,-2,-2,13.1209,-1,0,0,-2,-2,-1,6,2.7,3.75
307474,-1,-1,0,-1,0,0,-2,-2,-1,6,4,4
308630,0,-2,42.0101,-1,0,0,-2,-2,-1,6,3.44,3.5
313498,-2,-2,51.3801,-1,0,0,-2,-2,-1,6,3.3,3.65
316163,-2,-2,51.3801,-1,0,0,-2,-2,-1,6,4,3.85
316280,-2,-2,51.3801,-1,0,0,-2,-2,-1,6,3.85,3.66
318659,-2,-2,52.1401,-1,0,0,-2,-2,-1,6,2.65,2.32
320340,-2,-2,50.0901,-1,0,0,-2,-2,-1,6,4,3.23
322209,-2,-2,16.0905,13.1209,0,0,-2,-2,-1,6,2.7,3.62
324217,-2,-2,51.3801,-1,0,0,-2,-2,-1,6,4,3.9
324817,-2,-2,51.3801,-1,0,0,-2,-2,-1,6,4,4
325626,-2,-2,52.0301,-1,0,0,-2,-2,-1,6,4,3.74
325676,-2,-2,51.0999,-1,0,0,-2,-2,-1,6,3.77,2.81
327350,-2,-2,51.3801,-1,0,0,-2,-2,-1,6,3.7,3.74
327533,-2,-2,43.0399,-1,0,0,-2,-2,-1,6,4,4
328033,0,0,0,-1,0,0,-2,-2,-1,6,0,2.3
328212,-2,-2,51.3801,-1,0,0,-2,-2,-1,6,3,3.06
328229,-2,-2,51.3801,-1,0,0,-2,-2,-1,6,3.7,2.85
328239,-2,-2,51.3801,-1,0,0,-2,-2,-1,6,4,3
329298,-2,-2,51.3801,-1,0,0,-2,-2,-1,6,4,3.65
329460,-2,-2,51.3801,-1,0,0,-2,-2,-1,6,4,3.75
329468,-2,-2,51.3801,-1,0,0,-2,-2,-1,6,3.3,3.88
329471,-2,-2,51.3801,-1,0,0,-2,-2,-1,6,3.3,3.92
329498,-2,-2,51.3801,-1,0,0,-2,-2,-1,6,3.3,3.15
329846,-2,-2,51.3801,-1,0,0,-2,-2,-1,6,4,3.66
330219,-2,-2,51.3801,-1,0,0,-2,-2,-1,6,3.3,3.76
330292,-2,-2,52.0801,-1,0,0,-2,-2,-1,6,3.88,3.57
330354,-2,-2,43.0199,-1,0,0,-2,-2,-1,6,4,3.68
330639,-2,-2,52.0801,-1,0,0,-2,-2,-1,6,4,3.82
330860,-2,-2,13.1209,-1,0,0,-2,-2,-1,6,0,3.43
331352,-2,-2,42.0101,-1,0,0,-2,-2,-1,6,3,3.15
331742,-2,-2,51.3801,-1,0,0,-2,-2,-1,6,4,4
331772,-2,-2,51.3801,-1,0,0,-2,-2,-1,6,4,4
332060,-2,-2,0,-1,0,0,-2,-2,-1,6,4,3.52
332316,-2,-2,40.0501,-1,0,0,-2,-2,-1,6,0,3.7
340015,0,0,0,-1,0,0,-2,-2,-1,6,2.7,1.46
340090,-2,-2,26.0101,-1,0,0,-2,-2,-1,6,4,2.92
340118,0,0,0,-1,0,0,-2,-2,-1,6,2,2.4
340558,-2,-2,52.0301,-1,0,0,-2,-2,-1,6,2,2.2
340597,-2,-2,50.0701,-1,0,0,-2,-2,-1,6,3.5,3.21
340660,-2,-2,51.3801,-1,0,0,-2,-2,-1,6,4,4
340664,-2,-2,52.0201,-1,0,0,-2,-2,-1,6,4,2.9
340788,-2,-2,51.3801,-1,0,0,-2,-2,-1,6,3.65,3.9
340804,-2,-2,51.3801,-1,0,0,-2,-2,-1,6,4,3.85
340894,-1,-1,0,-1,0,0,-2,-2,-1,6,3,3.62
340905,-2,-2,52.0201,-1,0,0,-2,-2,-1,6,3.5,3.6
340931,-2,-2,45.1001,-1,0,0,-2,-2,-1,6,3.3,3.73
340962,-2,-2,23.0101,-1,0,0,-2,-2,-1,6,3.7,3
340974,-2,-2,0,-1,0,0,-2,-2,-1,6,2,3.4
340993,-2,-2,51.3801,-1,0,0,-2,-2,-1,6,4,4
341009,-2,-2,40.0501,-1,0,0,-2,-2,-1,6,2.17,3.32
341105,0,-2,13.1202,-1,0,0,-2,-2,-1,6,3.7,3.84
341111,-2,-2,52.0201,-1,0,0,-2,-2,-1,6,1.7,3.15
341161,-2,0,0,-1,0,0,-2,-2,-1,6,4,3.27
341197,-2,-2,43.0399,-1,0,0,-2,-2,-1,6,4,3.74
341238,-2,-2,52.0201,-1,0,0,-2,-2,-1,6,3.15,3.1
341248,0,-2,50.0701,-1,0,0,-2,-2,-1,6,3,3.02
341252,-2,-2,51.0999,-1,0,0,-2,-2,-1,6,3.7,2.75
341255,-2,-2,43.0399,-1,8,0,43.0399,-2,-1,6,3.9,3.8
341274,-2,-2,26.0101,-1,0,0,-2,-2,-1,6,3.7,3.27
341328,-2,-2,42.0101,13.1209,0,0,-2,-2,-1,6,0,1.55
341344,-2,-2,51.3801,-1,0,0,-2,-2,-1,6,3.3,3.85
341410,-2,-2,51.3801,-1,0,0,-2,-2,-1,6,4,3.8
341466,-2,-2,52.0201,-1,0,0,-2,-2,-1,6,4,3.94
341486,-2,-2,27.0101,-1,0,0,-2,-2,-1,6,3.35,3.49
341487,-2,-2,43.0399,-1,0,0,-2,-2,-1,6,2.7,3.91
341519,-2,-2,51.3801,-1,0,0,-2,-2,-1,6,4,4
341529,-2,-2,45.1001,-1,0,0,-2,-2,-1,6,2.65,2.87
341579,-2,-2,52.0301,-1,0,0,-2,-2,-1,6,3.3,3.11
341582,-2,-2,54.0101,-1,0,0,-2,-2,-1,6,3.7,3.22
341588,-2,-2,43.0199,-1,0,0,-2,-2,-1,6,0,3.77
341611,-2,-2,43.0199,-1,0,0,-2,-2,-1,6,3.5,3.66
341663,-2,-2,51.3801,-1,0,0,-2,-2,-1,6,3,3.35
341697,-1,-1,45.0601,-1,0,0,-2,-2,-1,6,4,4
341709,-2,-2,51.3801,-1,0,0,-2,-2,-1,6,4,3.85
341773,-2,-2,52.0301,-1,0,0,-2,-2,-1,6,3.35,3.2
341805,-2,-2,26.0101,-1,0,0,-2,-2,-1,6,2.74,1.89
341815,-2,-2,51.3801,-1,0,0,-2,-2,-1,6,4,3.44
341834,-2,-2,52.0201,-1,0,0,-2,-2,-1,6,3.85,3.81
341874,-2,-2,11.0101,-1,0,0,-2,-2,-1,6,4,3.66
341875,-2,-2,51.3801,-1,0,0,-2,-2,-1,6,3,3.5
341880,-2,-2,42.0101,26.0101,0,0,-2,-2,-1,6,3.35,3.36
341894,-2,-2,43.0199,-1,0,0,-2,-2,-1,6,4,3.88
341903,-2,-2,43.0199,-1,0,0,-2,-2,-1,6,4,3.94
341909,-2,-2,52.0201,-1,0,0,-2,-2,-1,6,2.7,2.68
341929,0,0,43.0203,-1,0,0,-2,-2,-1,6,3.5,3.85
341938,-2,-2,52.0301,-1,0,0,-2,-2,-1,6,4,3.78
341939,-2,-2,54.0101,-1,0,0,-2,-2,-1,6,4,2.98
341946,-2,-2,51.3801,-1,0,0,-2,-2,-1,6,4,3.92
341990,-2,-2,52.0201,-1,0,0,-2,-2,-1,6,4,3.85
342017,-2,-2,52.0801,-1,0,0,-2,-2,-1,6,4,4
342022,-2,-2,52.0301,-1,0,0,-2,-2,-1,6,4,2.12
342057,-2,-2,27.0101,-1,0,0,-2,-2,-1,6,1.7,1.48
342134,-2,-2,51.3801,-1,0,0,-2,-2,-1,6,3.65,3.52
342149,-2,-2,42.0101,-1,0,0,-2,-2,-1,6,0,2.75
342152,0,-2,43.0203,-1,0,0,-2,-2,-1,6,4,4
342251,-2,-2,0,-1,0,0,-2,-2,-1,6,2,3.51
342336,-2,-2,51.3801,-1,0,0,-2,-2,-1,6,3,2.94
342341,-2,-2,52.1401,-1,0,0,-2,-2,-1,6,3,3.33
342363,-2,-2,51.3801,-1,0,0,-2,-2,-1,6,4,4
342421,-2,-2,51.3801,-1,0,0,-2,-2,-1,6,3.3,3.6
342476,-2,-2,0,-1,0,0,-2,-2,-1,6,4,4
342587,0,-2,45.1001,-1,0,0,-2,-2,-1,6,3.3,3.65
342630,-2,-2,13.1209,-1,0,0,-2,-2,-1,6,3.7,3.7
342720,-2,-2,52.0801,-1,0,0,-2,-2,-1,6,4,3.32
342887,-2,-2,43.0399,-1,0,0,-2,-2,-1,6,3,3.66
342985,-2,-2,26.0101,-1,0,0,-2,-2,-1,6,4,4
343058,-2,-2,45.0601,13.1209,0,0,-2,-2,-1,6,3.65,3.83
343096,-2,-2,26.0101,13.1001,0,0,-2,-2,-1,6,3.35,3.35
343170,-2,-2,43.0199,-1,0,0,-2,-2,-1,6,2.85,2.77
343258,-2,-2,51.3801,-1,0,0,-2,-2,-1,6,3.5,3.48
343282,-2,-2,26.0101,-1,0,0,-2,-2,-1,6,3.03,2.72
343285,-2,-2,40.0801,-1,0,0,-2,-2,-1,6,3.3,2.35
343449,0,0,52.0201,-1,0,0,-2,-2,-1,6,1.7,2.23
343480,-2,-2,51,-1,0,0,-2,-2,-1,6,3,3
343556,-2,-2,51,-1,0,0,-2,-2,-1,6,3.85,3.95
343607,-2,-2,43.0199,-1,0,0,-2,-2,-1,6,3.3,3.72
343625,-2,-2,51,-1,0,0,-2,-2,-1,6,4,3.38
343857,-2,-2,43.0199,-1,0,0,-2,-2,-1,6,4,3.9
343885,-2,-2,50.0901,-1,0,0,-2,-2,-1,6,1,2.8
344059,-2,-2,43.0203,-1,0,0,-2,-2,-1,6,2.65,3.9
344194,-2,-2,0,-1,0,0,-2,-2,-1,6,3.5,4
344399,-1,-1,0,-1,0,0,-2,-2,-1,6,0,1.71
